time_s,robot_id,team,type,x,y,target_key,target_x,target_y,ai_intent,path_waypoints,path_length,path_status,pending_searches,queued_search_jobs,alive,can_move,blocked,block_reason,stationary_s,longest_collision_stall_s,delta_since_sample
1,tarsgo-hero,tarsgo-rmuc-2026-region,hero,1326.066,6876.453,zone:supply:red,2006.0,13050.0,前往补给区,3,6285.92,active,0,0,True,True,False,moving,0.0,0.0,1456.667
1,tarsgo-engineer,tarsgo-rmuc-2026-region,engineer,1364.425,8246.278,zone:resource:red,3080.0,12850.0,获取能量单元,1,4912.988,active,0,0,True,True,False,moving,0.0,0.0,1330.0
1,tarsgo-infantry-1,tarsgo-rmuc-2026-region,infantry,3450.681,8485.187,zone:supply:red,2276.0,12368.0,前往补给区,1,4056.613,active,0,0,True,True,False,moving,0.0,0.0,1551.667
1,tarsgo-infantry-2,tarsgo-rmuc-2026-region,infantry,1448.27,9552.711,zone:supply:red,2924.0,13732.0,前往补给区,1,4432.182,active,0,0,True,True,False,moving,0.0,0.0,1646.667
1,tarsgo-sentry,tarsgo-rmuc-2026-region,sentry,4927.264,9076.97,robot:opponent-hero,25593.0,9100.0,追击敌方英雄,3,24693.484,searching,1,1,True,True,False,moving,0.0,0.0,1488.333
1,tarsgo-drone,tarsgo-rmuc-2026-region,drone,2618.08,2261.841,robot:opponent-engineer,27100.0,8000.0,空中压制敌方工程,3,32176.431,active,0,0,True,True,False,moving,0.0,0.0,633.333
1,opponent-hero,opponent-rmuc-2026-region,hero,26109.968,8633.001,zone:supply:blue,25994.0,1950.0,前往补给区,3,7905.731,active,0,0,True,True,False,moving,0.0,0.0,696.667
1,opponent-engineer,opponent-rmuc-2026-region,engineer,26900.961,7465.881,zone:resource:blue,24920.0,2150.0,获取能量单元,1,5672.988,active,0,0,True,True,False,moving,0.0,0.0,570.0
1,opponent-infantry-1,opponent-rmuc-2026-region,infantry,24338.414,7211.941,zone:supply:blue,25724.0,2632.0,前往补给区,1,4784.946,active,0,0,True,True,False,moving,0.0,0.0,823.333
1,opponent-infantry-2,opponent-rmuc-2026-region,infantry,26783.69,6104.205,zone:supply:blue,25076.0,1268.0,前往补给区,1,5128.849,active,0,0,True,True,False,moving,0.0,0.0,950.0
1,opponent-sentry,opponent-rmuc-2026-region,sentry,23750.293,6633.372,robot:tarsgo-hero,2125.017,6154.727,追击敌方英雄,3,29930.877,active,0,0,True,True,False,moving,0.0,0.0,506.667
1,opponent-drone,opponent-rmuc-2026-region,drone,25969.096,12606.908,robot:tarsgo-engineer,1187.501,7771.506,空中压制敌方工程,4,27293.957,active,0,0,True,True,False,moving,0.0,0.0,31.667
2,tarsgo-hero,tarsgo-rmuc-2026-region,hero,1273.689,8725.649,zone:supply:red,2006.0,13050.0,前往补给区,1,4385.92,active,0,0,True,True,False,moving,0.0,0.0,1849.937
2,tarsgo-engineer,tarsgo-rmuc-2026-region,engineer,2027.889,10026.676,zone:resource:red,3080.0,12850.0,获取能量单元,1,3012.988,active,0,0,True,True,False,moving,0.0,0.0,1900.0
2,tarsgo-infantry-1,tarsgo-rmuc-2026-region,infantry,2900.494,10303.784,zone:supply:red,2276.0,12368.0,前往补给区,1,2156.613,active,0,0,True,True,False,moving,0.0,0.0,1900.0
2,tarsgo-infantry-2,tarsgo-rmuc-2026-region,infantry,2080.89,11344.3,zone:supply:red,2924.0,13732.0,前往补给区,1,2532.182,active,0,0,True,True,False,moving,0.0,0.0,1900.0
2,tarsgo-sentry,tarsgo-rmuc-2026-region,sentry,6238.665,10451.826,robot:opponent-hero,26708.056,7850.257,追击敌方英雄,4,24491.851,active,0,0,True,True,False,moving,0.0,0.0,1900.0
2,tarsgo-drone,tarsgo-rmuc-2026-region,drone,4472.321,1847.364,robot:opponent-engineer,26823.557,7258.168,空中压制敌方工程,3,29335.031,searching,1,1,True,True,False,moving,0.0,0.0,1900.0
2,opponent-hero,opponent-rmuc-2026-region,hero,26735.623,6995.702,zone:supply:blue,25994.0,1950.0,前往补给区,2,6005.731,active,0,0,True,True,False,moving,0.0,0.0,1752.767
2,opponent-engineer,opponent-rmuc-2026-region,engineer,26237.496,5685.483,zone:resource:blue,24920.0,2150.0,获取能量单元,1,3772.988,active,0,0,True,True,False,moving,0.0,0.0,1900.0
2,opponent-infantry-1,opponent-rmuc-2026-region,infantry,24888.601,5393.344,zone:supply:blue,25724.0,2632.0,前往补给区,1,2884.946,active,0,0,True,True,False,moving,0.0,0.0,1900.0
2,opponent-infantry-2,opponent-rmuc-2026-region,infantry,26151.07,4312.616,zone:supply:blue,25076.0,1268.0,前往补给区,1,3228.849,active,0,0,True,True,False,moving,0.0,0.0,1900.0
2,opponent-sentry,opponent-rmuc-2026-region,sentry,22438.892,5258.516,robot:tarsgo-hero,1224.036,7203.855,追击敌方英雄,3,29880.38,searching,1,1,True,True,False,moving,0.0,0.0,1900.0
2,opponent-drone,opponent-rmuc-2026-region,drone,24114.855,13021.385,robot:tarsgo-engineer,1685.099,9106.804,空中压制敌方工程,3,24172.953,active,0,0,True,True,False,moving,0.0,0.0,1900.0
3,tarsgo-hero,tarsgo-rmuc-2026-region,hero,1391.192,10322.923,zone:supply:red,2006.0,13050.0,前往补给区,2,3932.09,active,0,0,True,True,False,moving,0.0,0.0,1601.591
3,tarsgo-engineer,tarsgo-rmuc-2026-region,engineer,1621.109,10637.757,zone:resource:red,3080.0,12850.0,获取能量单元,1,2649.978,active,0,0,True,True,False,moving,0.0,0.0,734.092
3,tarsgo-infantry-1,tarsgo-rmuc-2026-region,infantry,2894.18,11421.714,zone:supply:red,2276.0,12368.0,前往补给区,2,1862.019,active,0,0,True,True,False,moving,0.0,0.0,1117.947
3,tarsgo-infantry-2,tarsgo-rmuc-2026-region,infantry,2312.851,12001.216,zone:supply:red,,,补充弹量,0,0.0,none,0,0,True,True,False,legal wait: no active movement route,0.0,0.0,696.667
3,tarsgo-sentry,tarsgo-rmuc-2026-region,sentry,7550.065,11826.682,robot:opponent-hero,26754.0,6425.998,追击敌方英雄,4,23980.05,active,0,0,True,True,False,moving,0.0,0.0,1900.0
3,tarsgo-drone,tarsgo-rmuc-2026-region,drone,6326.562,1432.886,robot:opponent-engineer,25828.36,4587.572,空中压制敌方工程,3,23764.631,active,0,0,True,True,False,moving,0.0,0.0,1900.0
3,opponent-hero,opponent-rmuc-2026-region,hero,26796.881,5096.689,zone:supply:blue,25994.0,1950.0,前往补给区,2,4105.731,active,0,0,True,True,False,moving,0.0,0.0,1900.0
3,opponent-engineer,opponent-rmuc-2026-region,engineer,25612.076,3951.327,zone:resource:blue,24920.0,2150.0,获取能量单元,2,3454.823,active,0,0,True,True,False,moving,0.0,0.0,1843.488
3,opponent-infantry-1,opponent-rmuc-2026-region,infantry,25438.787,3574.747,zone:supply:blue,25724.0,2632.0,前往补给区,1,984.946,active,0,0,True,True,False,moving,0.0,0.0,1900.0
3,opponent-infantry-2,opponent-rmuc-2026-region,infantry,25687.149,2998.784,zone:supply:blue,,,补充弹量,0,0.0,none,0,0,True,True,False,legal wait: no active movement route,0.0,0.0,1393.333
3,opponent-sentry,opponent-rmuc-2026-region,sentry,21127.492,3883.661,robot:tarsgo-hero,1490.47,10005.756,追击敌方英雄,5,29280.156,active,0,0,True,True,False,moving,0.0,0.0,1900.0
3,opponent-drone,opponent-rmuc-2026-region,drone,22260.615,13435.863,robot:tarsgo-engineer,2182.698,10442.102,空中压制敌方工程,3,21174.739,searching,1,1,True,True,False,moving,0.0,0.0,1900.0
4,tarsgo-hero,tarsgo-rmuc-2026-region,hero,1257.838,11160.65,zone:supply:red,2006.0,13050.0,前往补给区,1,2032.09,active,0,0,True,True,False,moving,0.0,0.0,848.274
4,tarsgo-engineer,tarsgo-rmuc-2026-region,engineer,1772.94,11168.406,zone:resource:red,3080.0,12850.0,获取能量单元,2,2444.564,active,0,0,True,True,False,moving,0.0,0.0,551.944
4,tarsgo-infantry-1,tarsgo-rmuc-2026-region,infantry,3211.187,11933.165,zone:supply:red,,,补充弹量,0,0.0,none,0,0,True,True,False,legal wait: no active movement route,0.0,0.0,601.728
4,tarsgo-infantry-2,tarsgo-rmuc-2026-region,infantry,2312.851,12001.216,structure:blue-outpost,,,进攻前哨站,0,0.0,searching,4,4,True,True,False,waiting for path search,0.0,0.0,0.0
4,tarsgo-sentry,tarsgo-rmuc-2026-region,sentry,8861.466,13201.537,robot:opponent-hero,26754.0,6425.998,追击敌方英雄,4,22080.05,searching,1,1,True,True,False,moving,0.0,0.0,1900.0
4,tarsgo-drone,tarsgo-rmuc-2026-region,drone,8180.802,1018.409,robot:opponent-engineer,26205.781,4315.826,空中压制敌方工程,3,21993.42,active,0,0,True,True,False,moving,0.0,0.0,1900.0
4,opponent-hero,opponent-rmuc-2026-region,hero,26858.139,3197.677,zone:supply:blue,25994.0,1950.0,前往补给区,2,2205.731,active,0,0,True,True,False,moving,0.0,0.0,1900.0
4,opponent-engineer,opponent-rmuc-2026-region,engineer,25743.488,3468.842,zone:resource:blue,24920.0,2150.0,获取能量单元,1,1554.823,active,0,0,True,True,False,moving,0.0,0.0,500.061
4,opponent-infantry-1,opponent-rmuc-2026-region,infantry,25284.621,3164.478,zone:supply:blue,25724.0,2632.0,前往补给区,1,690.352,active,0,0,True,True,False,moving,0.0,0.0,438.279
4,opponent-infantry-2,opponent-rmuc-2026-region,infantry,25687.149,2998.784,zone:central:blue,,,前往中央区域,0,0.0,searching,1,1,True,True,False,waiting for path search,0.0,0.0,0.0
4,opponent-sentry,opponent-rmuc-2026-region,sentry,19816.091,2508.805,robot:tarsgo-hero,1490.47,10005.756,追击敌方英雄,5,27380.156,searching,1,1,True,True,False,moving,0.0,0.0,1900.0
4,opponent-drone,opponent-rmuc-2026-region,drone,20406.374,13850.34,robot:tarsgo-engineer,1649.69,10651.391,空中压制敌方工程,3,19663.546,searching,1,1,True,True,False,moving,0.0,0.0,1900.0
5,tarsgo-hero,tarsgo-rmuc-2026-region,hero,1770.827,12456.111,zone:supply:red,,,补充弹量,0,0.0,none,0,0,True,True,False,legal wait: no active movement route,0.0,0.0,1393.333
5,tarsgo-engineer,tarsgo-rmuc-2026-region,engineer,1443.711,11386.343,zone:resource:red,3080.0,12850.0,获取能量单元,1,2195.389,active,0,0,True,True,False,moving,0.0,0.0,394.827
5,tarsgo-infantry-1,tarsgo-rmuc-2026-region,infantry,3211.187,11933.165,robot:opponent-sentry,,,追击敌方哨兵,0,0.0,searching,1,1,True,True,False,waiting for path search,0.0,0.0,0.0
5,tarsgo-infantry-2,tarsgo-rmuc-2026-region,infantry,2312.851,12001.216,structure:blue-outpost,,,进攻前哨站,0,0.0,searching,1,1,True,True,False,waiting for path search,0.0,0.0,0.0
5,tarsgo-sentry,tarsgo-rmuc-2026-region,sentry,10205.572,14500.0,robot:opponent-hero,26754.0,6425.998,追击敌方英雄,3,20180.05,searching,1,1,True,True,False,moving,0.0,0.0,1868.857
5,tarsgo-drone,tarsgo-rmuc-2026-region,drone,9911.427,631.563,robot:opponent-engineer,,,空中压制敌方工程,0,0.0,searching,1,1,True,True,False,waiting for path search,0.0,0.0,1773.333
5,opponent-hero,opponent-rmuc-2026-region,hero,26299.266,1933.153,zone:supply:blue,25994.0,1950.0,前往补给区,1,305.731,active,0,0,True,True,False,moving,0.0,0.0,1382.52
5,opponent-engineer,opponent-rmuc-2026-region,engineer,25709.542,3254.079,zone:resource:blue,24920.0,2150.0,获取能量单元,1,1357.338,active,0,0,True,True,False,moving,0.0,0.0,217.429
5,opponent-infantry-1,opponent-rmuc-2026-region,infantry,24820.349,3069.705,zone:supply:blue,,,补充弹量,0,0.0,none,0,0,True,True,False,legal wait: no active movement route,0.0,0.0,473.847
5,opponent-infantry-2,opponent-rmuc-2026-region,infantry,25435.094,2074.514,zone:central:blue,17188.0,8960.0,前往中央区域,2,16369.196,active,0,0,True,True,False,moving,0.0,0.0,958.022
5,opponent-sentry,opponent-rmuc-2026-region,sentry,18504.69,1133.949,robot:tarsgo-hero,1490.47,10005.756,追击敌方英雄,5,25480.156,searching,1,1,True,True,False,moving,0.0,0.0,1900.0
5,opponent-drone,opponent-rmuc-2026-region,drone,18552.133,14264.817,robot:tarsgo-engineer,2129.965,11655.507,空中压制敌方工程,3,16940.521,active,0,0,True,True,False,moving,0.0,0.0,1900.0
6,tarsgo-hero,tarsgo-rmuc-2026-region,hero,1770.827,12456.111,structure:blue-outpost,,,进攻前哨站,0,0.0,searching,4,4,True,True,False,waiting for path search,0.0,0.0,0.0
6,tarsgo-engineer,tarsgo-rmuc-2026-region,engineer,3067.845,12156.593,zone:assembly:red,9232.0,12550.0,装配科技核心,1,6176.696,active,0,0,True,True,False,moving,0.0,0.0,1797.524
6,tarsgo-infantry-1,tarsgo-rmuc-2026-region,infantry,4077.354,10495.613,robot:opponent-sentry,17936.416,538.178,追击敌方哨兵,2,19506.322,active,0,0,True,True,False,moving,0.0,0.0,1678.333
6,tarsgo-infantry-2,tarsgo-rmuc-2026-region,infantry,4126.182,12568.518,structure:blue-outpost,21400.0,7500.0,进攻前哨站,3,21700.518,active,0,0,True,True,False,moving,0.0,0.0,1900.0
6,tarsgo-sentry,tarsgo-rmuc-2026-region,sentry,12105.572,14500.0,robot:opponent-hero,26754.0,6425.998,追击敌方英雄,3,18280.05,searching,1,1,True,True,False,moving,0.0,0.0,1900.0
6,tarsgo-drone,tarsgo-rmuc-2026-region,drone,11251.425,500.0,robot:opponent-engineer,25028.002,2301.028,空中压制敌方工程,2,15651.041,active,0,0,True,True,False,moving,0.0,0.0,1346.441
6,opponent-hero,opponent-rmuc-2026-region,hero,26077.936,1945.368,structure:red-outpost,,,进攻前哨站,0,0.0,searching,4,4,True,True,False,waiting for path search,0.0,0.0,221.667
6,opponent-engineer,opponent-rmuc-2026-region,engineer,24856.742,2153.085,zone:assembly:blue,18768.0,2450.0,装配科技核心,1,6095.977,active,0,0,True,True,False,moving,0.0,0.0,1392.644
6,opponent-infantry-1,opponent-rmuc-2026-region,infantry,24164.326,4153.254,robot:tarsgo-sentry,10300.572,14500.0,追击敌方哨兵,2,19694.755,searching,1,1,True,True,False,moving,0.0,0.0,1266.667
6,opponent-infantry-2,opponent-rmuc-2026-region,infantry,23573.274,1695.532,zone:central:blue,17188.0,8960.0,前往中央区域,2,14469.196,active,0,0,True,True,False,moving,0.0,0.0,1900.0
6,opponent-sentry,opponent-rmuc-2026-region,sentry,17636.095,500.0,robot:tarsgo-hero,1770.827,12456.111,追击敌方英雄,4,26796.381,active,0,0,True,True,False,moving,0.0,0.0,1075.337
6,opponent-drone,opponent-rmuc-2026-region,drone,17318.575,14500.0,robot:tarsgo-engineer,1774.141,11681.912,空中压制敌方工程,2,16008.43,searching,1,1,True,True,False,moving,0.0,0.0,1255.778
7,tarsgo-hero,tarsgo-rmuc-2026-region,hero,1770.827,12456.111,structure:blue-outpost,,,进攻前哨站,0,0.0,searching,2,2,True,True,False,waiting for path search,0.0,0.0,0.0
7,tarsgo-engineer,tarsgo-rmuc-2026-region,engineer,4805.975,12267.523,zone:assembly:red,9232.0,12550.0,装配科技核心,1,4435.03,active,0,0,True,True,False,moving,0.0,0.083,1741.667
7,tarsgo-infantry-1,tarsgo-rmuc-2026-region,infantry,5057.921,8868.195,robot:opponent-sentry,17815.572,500.0,追击敌方哨兵,2,17485.385,searching,1,1,True,True,False,moving,0.0,0.0,1900.0
7,tarsgo-infantry-2,tarsgo-rmuc-2026-region,infantry,5193.521,12245.739,support:tarsgo-engineer,5253.156,12251.388,保护工程,1,59.902,active,0,0,True,True,False,moving,0.0,0.083,1115.078
7,tarsgo-sentry,tarsgo-rmuc-2026-region,sentry,14005.572,14500.0,robot:opponent-hero,26077.936,1945.368,追击敌方英雄,2,18877.666,active,0,0,True,True,False,moving,0.0,0.0,1900.0
7,tarsgo-drone,tarsgo-rmuc-2026-region,drone,13151.425,500.0,robot:opponent-engineer,24160.902,2187.017,空中压制敌方工程,2,12636.691,active,0,0,True,True,False,moving,0.0,0.0,1900.0
7,opponent-hero,opponent-rmuc-2026-region,hero,26077.936,1945.368,structure:red-outpost,,,进攻前哨站,0,0.0,searching,4,4,True,True,False,waiting for path search,0.0,0.0,0.0
7,opponent-engineer,opponent-rmuc-2026-region,engineer,22958.997,2245.628,zone:assembly:blue,18768.0,2450.0,装配科技核心,1,4195.977,active,0,0,True,True,False,moving,0.0,0.0,1900.0
7,opponent-infantry-1,opponent-rmuc-2026-region,infantry,23180.291,5778.577,robot:tarsgo-sentry,11725.572,14500.0,追击敌方哨兵,2,16369.755,searching,1,1,True,True,False,moving,0.0,0.0,1900.0
7,opponent-infantry-2,opponent-rmuc-2026-region,infantry,21711.455,1316.55,zone:central:blue,17188.0,8960.0,前往中央区域,2,12569.196,active,0,0,True,True,False,moving,0.0,0.0,1900.0
7,opponent-sentry,opponent-rmuc-2026-region,sentry,16263.905,500.0,support:opponent-engineer,1770.827,12456.111,保护工程,3,24896.381,searching,1,1,True,True,False,moving,0.0,0.0,1372.189
7,opponent-drone,opponent-rmuc-2026-region,drone,15418.575,14500.0,robot:tarsgo-engineer,4458.349,12245.337,空中压制敌方工程,2,11394.077,active,0,0,True,True,False,moving,0.0,0.0,1900.0
8,tarsgo-hero,tarsgo-rmuc-2026-region,hero,1986.656,12506.647,structure:blue-outpost,21400.0,7500.0,进攻前哨站,3,23775.215,active,0,0,True,True,False,moving,0.0,0.0,221.667
8,tarsgo-engineer,tarsgo-rmuc-2026-region,engineer,4573.66,13000.676,zone:assembly:red,9232.0,12550.0,装配科技核心,2,5571.824,active,0,0,True,True,False,moving,0.0,0.083,769.079
8,tarsgo-infantry-1,tarsgo-rmuc-2026-region,infantry,6038.487,7240.777,robot:opponent-sentry,17371.784,532.956,追击敌方哨兵,2,15141.671,active,0,0,True,True,False,moving,0.0,0.0,1900.0
8,tarsgo-infantry-2,tarsgo-rmuc-2026-region,infantry,5126.925,12758.101,support:tarsgo-engineer,5126.925,12758.101,保护工程,0,0.0,none,0,0,True,True,False,legal wait: no active movement route,0.0,0.083,516.672
8,tarsgo-sentry,tarsgo-rmuc-2026-region,sentry,15905.572,14500.0,robot:opponent-hero,26077.936,1945.368,追击敌方英雄,2,16977.666,active,0,0,True,True,False,moving,0.0,0.0,1900.0
8,tarsgo-drone,tarsgo-rmuc-2026-region,drone,15051.425,500.0,robot:opponent-engineer,21314.285,2325.831,空中压制敌方工程,2,8074.462,active,0,0,True,True,False,moving,0.0,0.0,1900.0
8,opponent-hero,opponent-rmuc-2026-region,hero,26077.936,1945.368,structure:red-outpost,,,进攻前哨站,0,0.0,searching,2,2,True,True,False,waiting for path search,0.0,0.0,0.0
8,opponent-engineer,opponent-rmuc-2026-region,engineer,21061.252,2338.17,zone:assembly:blue,18768.0,2450.0,装配科技核心,1,2295.977,active,0,0,True,True,False,moving,0.0,0.0,1900.0
8,opponent-infantry-1,opponent-rmuc-2026-region,infantry,22196.257,7403.9,robot:tarsgo-sentry,14575.572,14500.0,追击敌方哨兵,2,11619.755,active,0,0,True,True,False,moving,0.0,0.0,1900.0
8,opponent-infantry-2,opponent-rmuc-2026-region,infantry,19849.635,937.568,zone:central:blue,17188.0,8960.0,前往中央区域,2,10669.196,active,0,0,True,True,False,moving,0.0,0.0,1900.0
8,opponent-sentry,opponent-rmuc-2026-region,sentry,17959.73,596.548,support:opponent-engineer,21682.743,2826.976,保护工程,1,4340.004,active,0,0,True,True,False,moving,0.0,0.0,1698.57
8,opponent-drone,opponent-rmuc-2026-region,drone,13518.575,14500.0,robot:tarsgo-engineer,4173.829,12769.062,空中压制敌方工程,2,9592.362,active,0,0,True,True,False,moving,0.0,0.0,1900.0
9,tarsgo-hero,tarsgo-rmuc-2026-region,hero,3836.622,12939.806,structure:blue-outpost,21400.0,7500.0,进攻前哨站,3,21875.215,active,0,0,True,True,False,moving,0.0,0.0,1900.0
9,tarsgo-engineer,tarsgo-rmuc-2026-region,engineer,5609.499,13149.816,zone:assembly:red,9232.0,12550.0,装配科技核心,1,3671.824,active,0,0,True,True,False,moving,0.0,0.083,1046.521
9,tarsgo-infantry-1,tarsgo-rmuc-2026-region,infantry,7019.054,5613.359,robot:opponent-infantry-2,19042.846,773.343,追击敌方步兵,3,15249.067,active,0,0,True,True,False,moving,0.0,0.0,1900.0
9,tarsgo-infantry-2,tarsgo-rmuc-2026-region,infantry,5458.132,12319.33,support:tarsgo-engineer,5122.33,13346.389,保护工程,1,1080.561,active,0,0,True,True,False,moving,0.0,0.083,549.744
9,tarsgo-sentry,tarsgo-rmuc-2026-region,sentry,17805.572,14500.0,robot:opponent-hero,25515.86,1850.659,追击敌方英雄,2,14859.493,active,0,0,True,True,False,moving,0.0,0.0,1900.0
9,tarsgo-drone,tarsgo-rmuc-2026-region,drone,16951.425,500.0,robot:opponent-engineer,19890.976,2395.238,空中压制敌方工程,2,4843.835,active,0,0,True,True,False,moving,0.0,0.0,1900.0
9,opponent-hero,opponent-rmuc-2026-region,hero,24204.347,1629.671,structure:red-outpost,6600.0,7500.0,进攻前哨站,3,25198.969,active,0,0,True,True,False,moving,0.0,0.0,1900.0
9,opponent-engineer,opponent-rmuc-2026-region,engineer,19163.507,2430.713,zone:assembly:blue,18768.0,2450.0,装配科技核心,1,395.977,active,0,0,True,True,False,moving,0.0,0.0,1900.0
9,opponent-infantry-1,opponent-rmuc-2026-region,infantry,21212.222,9029.224,robot:tarsgo-sentry,17425.572,14500.0,追击敌方哨兵,2,6869.755,active,0,0,True,True,False,moving,0.0,0.0,1900.0
9,opponent-infantry-2,opponent-rmuc-2026-region,infantry,17987.815,558.586,zone:central:blue,17188.0,8960.0,前往中央区域,2,8769.196,active,0,0,True,True,False,moving,0.0,0.0,1900.0
9,opponent-sentry,opponent-rmuc-2026-region,sentry,19427.099,1750.578,support:opponent-engineer,20259.434,2896.383,保护工程,1,1416.21,active,0,0,True,True,False,moving,0.0,0.0,1866.804
9,opponent-drone,opponent-rmuc-2026-region,drone,11618.575,14500.0,robot:tarsgo-engineer,5578.258,13154.989,空中压制敌方工程,2,6236.117,active,0,0,True,True,False,moving,0.0,0.0,1900.0
10,tarsgo-hero,tarsgo-rmuc-2026-region,hero,5686.587,13372.965,structure:blue-outpost,21400.0,7500.0,进攻前哨站,3,19975.215,active,0,0,True,True,False,moving,0.0,0.0,1900.0
10,tarsgo-engineer,tarsgo-rmuc-2026-region,engineer,7483.977,12839.439,zone:assembly:red,9232.0,12550.0,装配科技核心,1,1771.824,active,0,0,True,True,False,moving,0.0,0.083,1900.0
10,tarsgo-infantry-1,tarsgo-rmuc-2026-region,infantry,7999.62,3985.941,robot:opponent-infantry-2,17610.617,1976.914,追击敌方步兵,2,11724.265,active,0,0,True,True,False,moving,0.0,0.0,1900.0
10,tarsgo-infantry-2,tarsgo-rmuc-2026-region,infantry,6778.119,13072.222,support:tarsgo-engineer,7934.046,12880.823,保护工程,1,1171.667,active,0,0,True,True,False,moving,0.0,0.083,1519.609
10,tarsgo-sentry,tarsgo-rmuc-2026-region,sentry,18835.128,12955.453,robot:opponent-infantry-1,20424.995,10329.482,追击敌方步兵,1,3069.755,active,0,0,True,True,False,moving,0.0,0.0,1856.236
10,tarsgo-drone,tarsgo-rmuc-2026-region,drone,18703.416,977.865,robot:opponent-engineer,18768.0,2450.0,空中压制敌方工程,1,1473.551,active,0,0,True,True,False,moving,0.0,0.0,1815.992
10,opponent-hero,opponent-rmuc-2026-region,hero,22330.758,1313.975,structure:red-outpost,6600.0,7500.0,进攻前哨站,3,23298.969,active,0,0,True,True,False,moving,0.0,0.0,1900.0
10,opponent-engineer,opponent-rmuc-2026-region,engineer,19368.953,2420.695,zone:resource:blue,24920.0,2150.0,获取能量单元,1,5557.644,active,0,0,True,True,False,moving,0.0,0.0,205.69
10,opponent-infantry-1,opponent-rmuc-2026-region,infantry,20228.188,10654.547,robot:tarsgo-sentry,18392.313,13686.848,追击敌方哨兵,1,3544.755,active,0,0,True,True,False,moving,0.0,0.0,1900.0
10,opponent-infantry-2,opponent-rmuc-2026-region,infantry,17602.965,2103.349,zone:central:blue,17188.0,8960.0,前往中央区域,1,6869.196,active,0,0,True,True,False,moving,0.0,0.0,1591.981
10,opponent-sentry,opponent-rmuc-2026-region,sentry,19262.975,2944.975,support:opponent-engineer,19262.975,2944.975,保护工程,0,0.0,none,0,0,True,True,False,legal wait: no active movement route,0.0,0.0,1205.62
10,opponent-drone,opponent-rmuc-2026-region,drone,9769.686,14278.234,robot:tarsgo-engineer,6984.116,12922.206,空中压制敌方工程,1,3098.098,active,0,0,True,True,False,moving,0.0,0.0,1862.141
11,tarsgo-hero,tarsgo-rmuc-2026-region,hero,7536.553,13806.125,structure:blue-outpost,21400.0,7500.0,进攻前哨站,3,18075.215,active,0,0,True,True,False,moving,0.0,0.0,1900.0
11,tarsgo-engineer,tarsgo-rmuc-2026-region,engineer,9232.0,12550.0,zone:assembly:red,9232.0,12550.0,装配科技核心,0,0.0,none,0,0,True,True,False,legal wait: no active movement route,0.0,0.083,1771.824
11,tarsgo-infantry-1,tarsgo-rmuc-2026-region,infantry,8980.186,2358.523,robot:opponent-hero,21050.473,1098.249,追击敌方英雄,3,13770.108,active,0,0,True,True,False,moving,0.0,0.0,1900.0
11,tarsgo-infantry-2,tarsgo-rmuc-2026-region,infantry,8652.596,12761.845,support:tarsgo-engineer,9339.905,12648.04,保护工程,1,696.667,active,0,0,True,True,False,moving,0.0,0.083,1900.0
11,tarsgo-sentry,tarsgo-rmuc-2026-region,sentry,19376.347,12061.525,robot:opponent-infantry-1,,,追击敌方步兵,0,0.0,none,0,0,True,True,False,legal wait: no active movement route,0.0,0.0,1045.0
11,tarsgo-drone,tarsgo-rmuc-2026-region,drone,18940.077,1311.894,robot:opponent-engineer,21013.665,2340.491,空中压制敌方工程,1,2314.687,active,0,0,True,True,False,moving,0.0,0.0,409.371
11,opponent-hero,opponent-rmuc-2026-region,hero,20457.169,998.278,structure:red-outpost,6600.0,7500.0,进攻前哨站,3,21398.969,active,0,0,True,True,False,moving,0.0,0.0,1900.0
11,opponent-engineer,opponent-rmuc-2026-region,engineer,21266.697,2328.152,zone:resource:blue,24920.0,2150.0,获取能量单元,1,3657.644,active,0,0,True,True,False,moving,0.0,0.0,1900.0
11,opponent-infantry-1,opponent-rmuc-2026-region,infantry,20612.443,10148.886,zone:supply:blue,25724.0,2632.0,前往补给区,1,9090.192,active,0,0,True,True,False,moving,0.0,0.0,635.094
11,opponent-infantry-2,opponent-rmuc-2026-region,infantry,17488.187,3999.879,zone:central:blue,17188.0,8960.0,前往中央区域,1,4969.196,active,0,0,True,True,False,moving,0.0,0.0,1900.0
11,opponent-sentry,opponent-rmuc-2026-region,sentry,19088.627,4423.061,robot:tarsgo-hero,7413.222,13777.248,追击敌方英雄,3,20729.091,active,0,0,True,True,False,moving,0.0,0.0,1488.333
11,opponent-drone,opponent-rmuc-2026-region,drone,8943.992,13876.282,robot:tarsgo-engineer,,,空中压制敌方工程,0,0.0,none,0,0,True,True,False,legal wait: no active movement route,0.0,0.0,918.333
12,tarsgo-hero,tarsgo-rmuc-2026-region,hero,9386.519,14239.284,structure:blue-outpost,21400.0,7500.0,进攻前哨站,3,16175.215,active,0,0,True,True,False,moving,0.0,0.0,1900.0
12,tarsgo-engineer,tarsgo-rmuc-2026-region,engineer,9212.898,11798.415,zone:resource:red,3080.0,12850.0,获取能量单元,2,6343.383,active,0,0,True,True,False,moving,0.0,0.083,751.828
12,tarsgo-infantry-1,tarsgo-rmuc-2026-region,infantry,9960.753,731.105,robot:opponent-hero,19645.281,861.476,追击敌方英雄,3,10235.407,active,0,0,True,True,False,moving,0.0,0.0,1900.0
12,tarsgo-infantry-2,tarsgo-rmuc-2026-region,infantry,9763.298,12620.986,support:tarsgo-engineer,9932.0,12550.0,保护工程,1,183.028,active,0,0,True,True,False,moving,0.0,0.083,1119.598
12,tarsgo-sentry,tarsgo-rmuc-2026-region,sentry,20103.487,10947.897,robot:opponent-infantry-1,20932.962,9677.54,追击敌方步兵,1,1517.18,active,0,0,True,True,False,moving,0.0,0.0,1330.0
12,tarsgo-drone,tarsgo-rmuc-2026-region,drone,20706.617,1961.021,robot:opponent-engineer,22436.974,2271.084,空中压制敌方工程,1,1757.917,active,0,0,True,True,False,moving,0.0,0.0,1882.028
12,opponent-hero,opponent-rmuc-2026-region,hero,18583.581,682.581,structure:red-outpost,6600.0,7500.0,进攻前哨站,3,19498.969,active,0,0,True,True,False,moving,0.0,0.0,1900.0
12,opponent-engineer,opponent-rmuc-2026-region,engineer,23164.442,2235.609,zone:resource:blue,24920.0,2150.0,获取能量单元,1,1757.644,active,0,0,True,True,False,moving,0.0,0.0,1900.0
12,opponent-infantry-1,opponent-rmuc-2026-region,infantry,21680.842,8577.733,zone:supply:blue,25724.0,2632.0,前往补给区,1,7190.192,active,0,0,True,True,False,moving,0.0,0.0,1900.0
12,opponent-infantry-2,opponent-rmuc-2026-region,infantry,17143.598,5808.926,robot:tarsgo-hero,8893.194,14123.775,追击敌方英雄,2,12518.324,active,0,0,True,True,False,moving,0.0,0.0,1841.573
12,opponent-sentry,opponent-rmuc-2026-region,sentry,19483.62,5962.859,defense:blue-outpost,21400.0,6840.0,防守前哨站,1,2107.579,active,0,0,True,True,False,moving,0.0,0.0,1589.654
12,opponent-drone,opponent-rmuc-2026-region,drone,8943.992,13876.282,robot:tarsgo-engineer,,,空中压制敌方工程,0,0.0,none,0,0,True,True,False,legal wait: no active movement route,0.0,0.0,0.0
13,tarsgo-hero,tarsgo-rmuc-2026-region,hero,9818.177,14340.355,structure:blue-outpost,,,进攻前哨站,0,0.0,searching,2,2,True,True,False,waiting for path search,0.0,0.0,443.333
13,tarsgo-engineer,tarsgo-rmuc-2026-region,engineer,7447.995,12034.971,zone:resource:red,3080.0,12850.0,获取能量单元,1,4443.383,active,0,0,True,True,False,moving,0.0,0.083,1780.685
13,tarsgo-infantry-1,tarsgo-rmuc-2026-region,infantry,11730.187,500.0,robot:opponent-hero,16825.522,500.0,追击敌方英雄,1,5095.335,active,0,0,True,True,False,moving,0.0,0.0,1784.463
13,tarsgo-infantry-2,tarsgo-rmuc-2026-region,infantry,10061.106,14032.753,robot:opponent-infantry-2,16124.882,7102.652,追击敌方步兵,4,11657.241,active,0,0,True,True,False,moving,0.0,0.083,1442.836
13,tarsgo-sentry,tarsgo-rmuc-2026-region,sentry,21157.869,9367.312,robot:opponent-infantry-1,22535.562,7320.811,追击敌方步兵,1,2467.024,active,0,0,True,True,False,moving,0.0,0.0,1899.992
13,tarsgo-drone,tarsgo-rmuc-2026-region,drone,22594.327,2141.261,robot:opponent-engineer,23860.282,2201.677,空中压制敌方工程,1,1267.396,active,0,0,True,True,False,moving,0.0,0.0,1896.295
13,opponent-hero,opponent-rmuc-2026-region,hero,16698.855,500.0,structure:red-outpost,6600.0,7500.0,进攻前哨站,2,17598.969,active,0,0,True,True,False,moving,0.0,0.0,1893.548
13,opponent-engineer,opponent-rmuc-2026-region,engineer,24920.0,2150.0,zone:resource:blue,24920.0,2150.0,获取能量单元,0,0.0,none,0,0,True,True,False,legal wait: no active movement route,0.0,0.0,1757.644
13,opponent-infantry-1,opponent-rmuc-2026-region,infantry,22749.242,7006.58,zone:supply:blue,25724.0,2632.0,前往补给区,1,5290.192,active,0,0,True,True,False,moving,0.0,0.0,1900.0
13,opponent-infantry-2,opponent-rmuc-2026-region,infantry,15968.156,7301.687,robot:tarsgo-hero,9818.177,14340.355,追击敌方英雄,2,9669.662,active,0,0,True,True,False,moving,0.0,0.0,1900.0
13,opponent-sentry,opponent-rmuc-2026-region,sentry,21211.253,6753.609,defense:blue-outpost,21400.0,6840.0,防守前哨站,1,207.579,active,0,0,True,True,False,moving,0.0,0.0,1900.0
13,opponent-drone,opponent-rmuc-2026-region,drone,8943.992,13876.282,robot:tarsgo-engineer,,,空中压制敌方工程,0,0.0,none,0,0,True,True,False,legal wait: no active movement route,0.0,0.0,0.0
14,tarsgo-hero,tarsgo-rmuc-2026-region,hero,11502.418,14500.0,structure:blue-outpost,21400.0,7500.0,进攻前哨站,2,14029.201,active,0,0,True,True,False,moving,0.0,0.0,1691.79
14,tarsgo-engineer,tarsgo-rmuc-2026-region,engineer,5580.232,12383.479,zone:resource:red,3080.0,12850.0,获取能量单元,1,2543.383,active,0,0,True,True,False,moving,0.0,0.083,1900.0
14,tarsgo-infantry-1,tarsgo-rmuc-2026-region,infantry,13028.52,500.0,robot:opponent-hero,,,追击敌方英雄,0,0.0,none,0,0,True,True,False,legal wait: no active movement route,0.0,0.0,1298.333
14,tarsgo-infantry-2,tarsgo-rmuc-2026-region,infantry,10087.606,14285.066,robot:opponent-infantry-2,15243.3,8222.223,追击敌方步兵,3,8332.392,active,0,0,True,True,False,moving,0.0,0.083,253.701
14,tarsgo-sentry,tarsgo-rmuc-2026-region,sentry,22220.57,7792.3,robot:opponent-infantry-1,23336.862,6142.446,追击敌方步兵,1,1992.016,active,0,0,True,True,False,moving,0.0,0.0,1899.999
14,tarsgo-drone,tarsgo-rmuc-2026-region,drone,22815.741,2151.828,robot:opponent-engineer,,,空中压制敌方工程,0,0.0,none,0,0,True,True,False,legal wait: no active movement route,0.0,0.0,221.667
14,opponent-hero,opponent-rmuc-2026-region,hero,14798.855,500.0,structure:red-outpost,6600.0,7500.0,进攻前哨站,2,15698.969,active,0,0,True,True,False,moving,0.0,0.0,1900.0
14,opponent-engineer,opponent-rmuc-2026-region,engineer,23844.611,2202.441,zone:assembly:blue,18768.0,2450.0,装配科技核心,1,5082.644,active,0,0,True,True,False,moving,0.0,0.0,1076.667
14,opponent-infantry-1,opponent-rmuc-2026-region,infantry,23817.642,5435.427,zone:supply:blue,25724.0,2632.0,前往补给区,1,3390.192,active,0,0,True,True,False,moving,0.0,0.0,1900.0
14,opponent-infantry-2,opponent-rmuc-2026-region,infantry,14792.714,8794.448,support:opponent-engineer,10058.654,14420.033,保护工程,2,7516.329,searching,1,1,True,True,False,moving,0.0,0.0,1900.0
14,opponent-sentry,opponent-rmuc-2026-region,sentry,21400.0,6840.0,defense:blue-outpost,,,防守前哨站,0,0.0,none,0,0,True,True,False,legal wait: no active movement route,0.0,0.0,207.579
14,opponent-drone,opponent-rmuc-2026-region,drone,8138.793,13314.744,robot:tarsgo-engineer,6545.243,12203.417,空中压制敌方工程,1,1942.795,active,0,0,True,True,False,moving,0.0,0.0,981.667
15,tarsgo-hero,tarsgo-rmuc-2026-region,hero,13402.418,14500.0,structure:blue-outpost,21400.0,7500.0,进攻前哨站,2,12129.201,active,0,0,True,True,False,moving,0.0,0.0,1900.0
15,tarsgo-engineer,tarsgo-rmuc-2026-region,engineer,3712.468,12731.987,zone:resource:red,3080.0,12850.0,获取能量单元,1,643.383,active,0,0,True,True,False,moving,0.0,0.083,1900.0
15,tarsgo-infantry-1,tarsgo-rmuc-2026-region,infantry,12078.739,520.363,zone:supply:red,2276.0,12368.0,前往补给区,3,20261.033,active,0,0,True,True,False,moving,0.0,0.0,950.0
15,tarsgo-infantry-2,tarsgo-rmuc-2026-region,infantry,10882.716,13716.893,robot:opponent-infantry-2,14993.821,8192.017,追击敌方步兵,1,6886.612,active,0,0,True,True,False,moving,0.0,0.083,977.251
15,tarsgo-sentry,tarsgo-rmuc-2026-region,sentry,23286.585,6219.529,robot:opponent-infantry-1,24138.162,4964.081,追击敌方步兵,1,1517.014,active,0,0,True,True,False,moving,0.0,0.0,1900.0
15,tarsgo-drone,tarsgo-rmuc-2026-region,drone,22815.741,2151.828,robot:opponent-engineer,,,空中压制敌方工程,0,0.0,none,0,0,True,True,False,legal wait: no active movement route,0.0,0.0,0.0
15,opponent-hero,opponent-rmuc-2026-region,hero,16255.26,529.641,zone:supply:blue,25994.0,1950.0,前往补给区,2,10899.774,active,0,0,True,True,False,moving,0.0,0.0,1456.706
15,opponent-engineer,opponent-rmuc-2026-region,engineer,21946.866,2294.984,zone:assembly:blue,18768.0,2450.0,装配科技核心,1,3182.644,active,0,0,True,True,False,moving,0.0,0.0,1900.0
15,opponent-infantry-1,opponent-rmuc-2026-region,infantry,24886.042,3864.274,zone:supply:blue,25724.0,2632.0,前往补给区,1,1490.192,active,0,0,True,True,False,moving,0.0,0.0,1900.0
15,opponent-infantry-2,opponent-rmuc-2026-region,infantry,15393.179,7056.886,support:opponent-engineer,21752.932,2270.306,保护工程,2,11373.535,active,0,0,True,True,False,moving,0.0,0.0,1838.391
15,opponent-sentry,opponent-rmuc-2026-region,sentry,21400.0,6840.0,defense:blue-outpost,,,防守前哨站,0,0.0,none,0,0,True,True,False,legal wait: no active movement route,0.0,0.0,0.0
15,opponent-drone,opponent-rmuc-2026-region,drone,6353.749,12745.874,robot:tarsgo-engineer,3743.597,12726.179,空中压制敌方工程,1,2610.226,active,0,0,True,True,False,moving,0.0,0.0,1873.499
16,tarsgo-hero,tarsgo-rmuc-2026-region,hero,15302.418,14500.0,structure:blue-outpost,21400.0,7500.0,进攻前哨站,2,10229.201,active,0,0,True,True,False,moving,0.0,0.0,1900.0
16,tarsgo-engineer,tarsgo-rmuc-2026-region,engineer,3152.138,12836.54,zone:resource:red,,,获取能量单元,0,0.0,none,0,0,True,True,False,legal wait: no active movement route,0.0,0.083,570.0
16,tarsgo-infantry-1,tarsgo-rmuc-2026-region,infantry,10179.175,561.089,zone:supply:red,2276.0,12368.0,前往补给区,3,18361.033,active,0,0,True,True,False,moving,0.0,0.0,1900.0
16,tarsgo-infantry-2,tarsgo-rmuc-2026-region,infantry,12570.446,13578.582,robot:opponent-infantry-1,25010.688,3680.973,追击敌方步兵,2,18355.172,searching,1,1,True,True,False,moving,0.0,0.083,1693.388
16,tarsgo-sentry,tarsgo-rmuc-2026-region,sentry,22460.269,7495.35,zone:supply:red,2600.0,13732.0,回撤补给,3,23697.519,active,0,0,True,True,False,moving,0.0,0.0,1520.038
16,tarsgo-drone,tarsgo-rmuc-2026-region,drone,22815.741,2151.828,robot:opponent-engineer,,,空中压制敌方工程,0,0.0,none,0,0,True,True,False,legal wait: no active movement route,0.0,0.0,0.0
16,opponent-hero,opponent-rmuc-2026-region,hero,18154.964,563.196,zone:supply:blue,25994.0,1950.0,前往补给区,2,8999.774,active,0,0,True,True,False,moving,0.0,0.0,1900.0
16,opponent-engineer,opponent-rmuc-2026-region,engineer,20049.121,2387.527,zone:assembly:blue,18768.0,2450.0,装配科技核心,1,1282.644,active,0,0,True,True,False,moving,0.0,0.0,1900.0
16,opponent-infantry-1,opponent-rmuc-2026-region,infantry,25473.661,3000.14,zone:supply:blue,,,补充弹量,0,0.0,none,0,0,True,True,False,legal wait: no active movement route,0.0,0.0,1045.0
16,opponent-infantry-2,opponent-rmuc-2026-region,infantry,16023.745,5264.572,robot:tarsgo-sentry,22995.864,6672.667,集火残血目标,3,13637.851,active,0,0,True,True,False,moving,0.0,0.0,1900.0
16,opponent-sentry,opponent-rmuc-2026-region,sentry,21400.0,6840.0,robot:tarsgo-sentry,,,集火残血目标,0,0.0,none,0,0,True,True,False,legal wait: no active movement route,0.0,0.0,0.0
16,opponent-drone,opponent-rmuc-2026-region,drone,5010.423,12819.961,robot:tarsgo-sentry,22736.705,7070.739,空中压制残血目标,3,22014.936,active,0,0,True,True,False,moving,0.0,0.0,1345.367
17,tarsgo-hero,tarsgo-rmuc-2026-region,hero,17202.418,14500.0,structure:blue-outpost,21400.0,7500.0,进攻前哨站,2,8329.201,active,0,0,True,True,False,moving,0.0,0.0,1900.0
17,tarsgo-engineer,tarsgo-rmuc-2026-region,engineer,4955.137,12751.566,zone:assembly:red,9232.0,12550.0,装配科技核心,1,4281.61,active,0,0,True,True,False,moving,0.0,0.083,1805.0
17,tarsgo-infantry-1,tarsgo-rmuc-2026-region,infantry,8279.612,601.815,zone:supply:red,2276.0,12368.0,前往补给区,3,16461.033,active,0,0,True,True,False,moving,0.0,0.0,1900.0
17,tarsgo-infantry-2,tarsgo-rmuc-2026-region,infantry,13072.523,13917.545,support:tarsgo-engineer,4927.611,12785.853,保护工程,2,8478.079,active,0,0,True,True,False,moving,0.0,0.083,605.786
17,tarsgo-sentry,tarsgo-rmuc-2026-region,sentry,21423.634,9087.639,zone:supply:red,2600.0,13732.0,回撤补给,3,21797.519,active,0,0,True,True,False,moving,0.0,0.0,1900.0
17,tarsgo-drone,tarsgo-rmuc-2026-region,drone,21142.831,2286.396,robot:opponent-engineer,18768.0,2450.0,空中压制敌方工程,1,2380.46,active,0,0,True,True,False,moving,0.0,0.0,1678.314
17,opponent-hero,opponent-rmuc-2026-region,hero,20054.667,596.751,zone:supply:blue,25994.0,1950.0,前往补给区,2,7099.774,active,0,0,True,True,False,moving,0.0,0.0,1900.0
17,opponent-engineer,opponent-rmuc-2026-region,engineer,18768.0,2450.0,zone:assembly:blue,18768.0,2450.0,装配科技核心,0,0.0,none,0,0,True,True,False,legal wait: no active movement route,0.0,0.0,1282.644
17,opponent-infantry-1,opponent-rmuc-2026-region,infantry,24752.106,4079.504,robot:tarsgo-sentry,22149.279,7973.036,集火残血目标,1,4683.408,active,0,0,True,True,False,moving,0.0,0.0,1298.333
17,opponent-infantry-2,opponent-rmuc-2026-region,infantry,16076.292,5115.213,robot:tarsgo-sentry,22218.388,7866.884,集火残血目标,3,14356.279,searching,1,1,True,False,False,movement permission or chassis power lock,0.0,0.0,158.333
17,opponent-sentry,opponent-rmuc-2026-region,sentry,21493.218,6925.76,robot:tarsgo-sentry,21492.743,8981.487,集火残血目标,3,2308.371,active,0,0,True,True,False,moving,0.0,0.0,126.667
17,opponent-drone,opponent-rmuc-2026-region,drone,5885.67,13097.951,robot:tarsgo-engineer,,,空中压制敌方工程,0,0.0,none,0,0,True,True,False,legal wait: no active movement route,0.0,0.0,918.333
18,tarsgo-hero,tarsgo-rmuc-2026-region,hero,18378.974,13397.098,structure:blue-outpost,21400.0,7500.0,进攻前哨站,1,6429.201,active,0,0,True,True,False,moving,0.0,0.0,1612.662
18,tarsgo-engineer,tarsgo-rmuc-2026-region,engineer,6853.031,12662.119,zone:assembly:red,9232.0,12550.0,装配科技核心,1,2381.61,active,0,0,True,True,False,moving,0.0,0.083,1900.0
18,tarsgo-infantry-1,tarsgo-rmuc-2026-region,infantry,6380.048,642.541,zone:supply:red,2276.0,12368.0,前往补给区,3,14561.033,active,0,0,True,True,False,moving,0.0,0.0,1900.0
18,tarsgo-infantry-2,tarsgo-rmuc-2026-region,infantry,11207.981,14282.895,support:tarsgo-engineer,6351.031,12718.769,保护工程,2,5279.659,active,0,0,True,True,False,moving,0.0,0.083,1900.0
18,tarsgo-sentry,tarsgo-rmuc-2026-region,sentry,20386.998,10679.929,zone:supply:red,2600.0,13732.0,回撤补给,3,19897.519,active,0,0,True,True,False,moving,0.0,0.0,1900.0
18,tarsgo-drone,tarsgo-rmuc-2026-region,drone,19973.935,2366.922,robot:opponent-engineer,,,空中压制敌方工程,0,0.0,none,0,0,True,True,False,legal wait: no active movement route,0.0,0.0,1171.667
18,opponent-hero,opponent-rmuc-2026-region,hero,21954.371,630.307,zone:supply:blue,25994.0,1950.0,前往补给区,2,5199.774,active,0,0,True,True,False,moving,0.0,0.0,1900.0
18,opponent-engineer,opponent-rmuc-2026-region,engineer,18768.0,2450.0,zone:assembly:blue,,,装配科技核心,0,0.0,none,0,0,True,True,False,legal wait: no active movement route,0.0,0.0,0.0
18,opponent-infantry-1,opponent-rmuc-2026-region,infantry,23701.145,5662.373,robot:tarsgo-sentry,20594.325,10361.471,集火残血目标,1,5633.281,active,0,0,True,True,False,moving,0.0,0.0,1899.999
18,opponent-infantry-2,opponent-rmuc-2026-region,infantry,16076.292,5115.213,robot:tarsgo-sentry,20663.434,10255.318,集火残血目标,3,14789.181,active,0,0,True,False,False,movement permission or chassis power lock,0.0,0.0,0.0
18,opponent-sentry,opponent-rmuc-2026-region,sentry,21567.03,8567.914,robot:tarsgo-sentry,20715.266,10175.704,集火残血目标,1,1819.475,active,0,0,True,True,False,moving,0.0,0.0,1643.812
18,opponent-drone,opponent-rmuc-2026-region,drone,5885.67,13097.951,robot:tarsgo-engineer,,,空中压制敌方工程,0,0.0,none,0,0,True,True,False,legal wait: no active movement route,0.0,0.0,0.0
19,tarsgo-hero,tarsgo-rmuc-2026-region,hero,19135.826,11654.349,zone:supply:red,20940.0,7500.0,前往补给区,1,4529.201,searching,1,1,True,True,False,moving,0.0,0.0,1900.0
19,tarsgo-engineer,tarsgo-rmuc-2026-region,engineer,8750.924,12572.673,zone:assembly:red,9232.0,12550.0,装配科技核心,1,481.61,active,0,0,True,True,False,moving,0.0,0.083,1900.0
19,tarsgo-infantry-1,tarsgo-rmuc-2026-region,infantry,4480.485,683.267,zone:supply:red,2276.0,12368.0,前往补给区,3,12661.033,active,0,0,True,True,False,moving,0.0,0.0,1900.0
19,tarsgo-infantry-2,tarsgo-rmuc-2026-region,infantry,9619.358,13936.092,support:tarsgo-engineer,9197.871,12584.599,保护工程,1,1415.693,active,0,0,True,True,False,moving,0.0,0.083,1626.036
19,tarsgo-sentry,tarsgo-rmuc-2026-region,sentry,19350.362,12272.219,zone:supply:red,2600.0,13732.0,回撤补给,3,17997.519,active,0,0,True,True,False,moving,0.0,0.0,1900.0
19,tarsgo-drone,tarsgo-rmuc-2026-region,drone,19973.935,2366.922,robot:opponent-engineer,,,空中压制敌方工程,0,0.0,none,0,0,True,True,False,legal wait: no active movement route,0.0,0.0,0.0
19,opponent-hero,opponent-rmuc-2026-region,hero,23854.075,663.862,zone:supply:blue,25994.0,1950.0,前往补给区,2,3299.774,active,0,0,True,True,False,moving,0.0,0.0,1900.0
19,opponent-engineer,opponent-rmuc-2026-region,engineer,18768.0,2450.0,zone:assembly:blue,,,装配科技核心,0,0.0,none,0,0,True,True,False,legal wait: no active movement route,0.0,0.0,0.0
19,opponent-infantry-1,opponent-rmuc-2026-region,infantry,22654.469,7248.08,robot:tarsgo-sentry,19816.848,11555.688,集火残血目标,1,5158.253,active,0,0,True,True,False,moving,0.0,0.0,1899.999
19,opponent-infantry-2,opponent-rmuc-2026-region,infantry,16076.292,5115.213,robot:tarsgo-sentry,19885.957,11449.536,集火残血目标,3,13364.181,active,0,0,True,False,False,movement permission or chassis power lock,0.0,0.0,0.0
19,opponent-sentry,opponent-rmuc-2026-region,sentry,20627.942,10218.863,robot:tarsgo-sentry,19937.789,11369.921,集火残血目标,1,1342.105,active,0,0,True,True,False,moving,0.0,0.0,1899.347
19,opponent-drone,opponent-rmuc-2026-region,drone,6381.266,12992.614,robot:tarsgo-engineer,8244.819,12596.525,空中压制敌方工程,1,1905.181,active,0,0,True,True,False,moving,0.0,0.0,506.667
20,tarsgo-hero,tarsgo-rmuc-2026-region,hero,18378.974,13397.098,zone:supply:red,2006.0,13050.0,前往补给区,3,17225.272,active,0,0,True,True,False,moving,0.0,0.0,1900.0
20,tarsgo-engineer,tarsgo-rmuc-2026-region,engineer,9232.0,12550.0,zone:assembly:red,,,装配科技核心,0,0.0,none,0,0,True,True,False,legal wait: no active movement route,0.0,0.083,481.61
20,tarsgo-infantry-1,tarsgo-rmuc-2026-region,infantry,3700.0,1819.336,zone:supply:red,2276.0,12368.0,前往补给区,2,10761.033,active,0,0,True,True,False,moving,0.0,0.0,1378.336
20,tarsgo-infantry-2,tarsgo-rmuc-2026-region,infantry,9932.0,12550.0,support:tarsgo-engineer,9932.0,12550.0,保护工程,0,0.0,none,0,0,True,True,False,legal wait: no active movement route,0.0,0.083,1420.914
20,tarsgo-sentry,tarsgo-rmuc-2026-region,sentry,18313.727,13864.509,zone:supply:red,2600.0,13732.0,回撤补给,3,16097.519,active,0,0,True,True,False,moving,0.0,0.0,1900.0
20,tarsgo-drone,tarsgo-rmuc-2026-region,drone,19973.935,2366.922,robot:opponent-engineer,,,空中压制敌方工程,0,0.0,none,0,0,True,True,False,legal wait: no active movement route,0.0,0.0,0.0
20,opponent-hero,opponent-rmuc-2026-region,hero,24550.633,676.166,zone:supply:blue,,,补充弹量,0,0.0,none,0,0,True,True,False,legal wait: no active movement route,0.0,0.0,696.667
20,opponent-engineer,opponent-rmuc-2026-region,engineer,18768.0,2450.0,zone:assembly:blue,,,装配科技核心,0,0.0,none,0,0,True,True,False,legal wait: no active movement route,0.0,0.0,0.0
20,opponent-infantry-1,opponent-rmuc-2026-region,infantry,21610.676,8835.687,robot:tarsgo-sentry,19039.372,12749.906,集火残血目标,1,4683.238,active,0,0,True,True,False,moving,0.0,0.0,1900.0
20,opponent-infantry-2,opponent-rmuc-2026-region,infantry,16076.292,5115.213,robot:tarsgo-sentry,19108.481,12643.753,集火残血目标,3,11939.181,searching,1,1,True,False,False,movement permission or chassis power lock,0.0,0.0,0.0
20,opponent-sentry,opponent-rmuc-2026-region,sentry,19621.135,11830.088,robot:tarsgo-sentry,18382.836,13758.356,集火残血目标,1,2291.637,active,0,0,True,True,False,moving,0.0,0.0,1899.923
20,opponent-drone,opponent-rmuc-2026-region,drone,7279.534,12801.692,robot:tarsgo-engineer,,,空中压制敌方工程,0,0.0,none,0,0,True,True,False,legal wait: no active movement route,0.0,0.0,918.333
21,tarsgo-hero,tarsgo-rmuc-2026-region,hero,17202.418,14500.0,zone:supply:red,2006.0,13050.0,前往补给区,2,15325.272,active,0,0,True,True,False,moving,0.0,0.0,1612.662
21,tarsgo-engineer,tarsgo-rmuc-2026-region,engineer,9232.0,12550.0,zone:assembly:red,,,装配科技核心,0,0.0,none,0,0,True,True,False,legal wait: no active movement route,0.0,0.083,0.0
21,tarsgo-infantry-1,tarsgo-rmuc-2026-region,infantry,3700.0,3719.336,zone:supply:red,2276.0,12368.0,前往补给区,2,8861.033,active,0,0,True,True,False,moving,0.0,0.0,1900.0
21,tarsgo-infantry-2,tarsgo-rmuc-2026-region,infantry,9932.0,12550.0,support:tarsgo-engineer,,,保护工程,0,0.0,none,0,0,True,True,False,legal wait: no active movement route,0.0,0.083,0.0
21,tarsgo-sentry,tarsgo-rmuc-2026-region,sentry,16758.3,14500.0,zone:supply:red,2600.0,13732.0,回撤补给,2,14197.519,active,0,0,True,True,False,moving,0.0,0.0,1680.238
21,tarsgo-drone,tarsgo-rmuc-2026-region,drone,19973.935,2366.922,robot:opponent-engineer,,,空中压制敌方工程,0,0.0,none,0,0,True,True,False,legal wait: no active movement route,0.0,0.0,0.0
21,opponent-hero,opponent-rmuc-2026-region,hero,24550.633,676.166,structure:red-outpost,,,进攻前哨站,0,0.0,searching,2,2,True,True,False,waiting for path search,0.0,0.0,0.0
21,opponent-engineer,opponent-rmuc-2026-region,engineer,18768.0,2450.0,zone:assembly:blue,,,装配科技核心,0,0.0,none,0,0,True,True,False,legal wait: no active movement route,0.0,0.0,0.0
21,opponent-infantry-1,opponent-rmuc-2026-region,infantry,20569.071,10424.731,robot:tarsgo-sentry,17138.3,14500.0,集火残血目标,2,5633.225,active,0,0,True,True,False,moving,0.0,0.0,1900.0
21,opponent-infantry-2,opponent-rmuc-2026-region,infantry,16076.292,5115.213,robot:tarsgo-sentry,17264.967,14500.0,集火残血目标,1,9459.766,active,0,0,True,False,False,movement permission or chassis power lock,0.0,0.0,0.0
21,opponent-sentry,opponent-rmuc-2026-region,sentry,18592.971,13427.86,robot:tarsgo-sentry,17359.967,14500.0,集火残血目标,2,1816.628,active,0,0,True,True,False,moving,0.0,0.0,1899.998
21,opponent-drone,opponent-rmuc-2026-region,drone,7279.534,12801.692,robot:tarsgo-engineer,,,空中压制敌方工程,0,0.0,none,0,0,True,True,False,legal wait: no active movement route,0.0,0.0,0.0
22,tarsgo-hero,tarsgo-rmuc-2026-region,hero,15302.418,14500.0,zone:supply:red,2006.0,13050.0,前往补给区,2,13425.272,active,0,0,True,True,False,moving,0.0,0.0,1900.0
22,tarsgo-engineer,tarsgo-rmuc-2026-region,engineer,9232.0,12550.0,zone:assembly:red,,,装配科技核心,0,0.0,none,0,0,True,True,False,legal wait: no active movement route,0.0,0.083,0.0
22,tarsgo-infantry-1,tarsgo-rmuc-2026-region,infantry,3700.0,5619.336,zone:supply:red,2276.0,12368.0,前往补给区,2,6961.033,active,0,0,True,True,False,moving,0.0,0.0,1900.0
22,tarsgo-infantry-2,tarsgo-rmuc-2026-region,infantry,9932.0,12550.0,support:tarsgo-engineer,,,保护工程,0,0.0,none,0,0,True,True,False,legal wait: no active movement route,0.0,0.083,0.0
22,tarsgo-sentry,tarsgo-rmuc-2026-region,sentry,14858.3,14500.0,zone:supply:red,2600.0,13732.0,回撤补给,2,12297.519,active,0,0,True,True,False,moving,0.0,0.0,1900.0
22,tarsgo-drone,tarsgo-rmuc-2026-region,drone,19973.935,2366.922,robot:opponent-engineer,,,空中压制敌方工程,0,0.0,none,0,0,True,True,False,legal wait: no active movement route,0.0,0.0,0.0
22,opponent-hero,opponent-rmuc-2026-region,hero,22650.874,645.88,structure:red-outpost,6600.0,7500.0,进攻前哨站,3,23552.151,active,0,0,True,True,False,moving,0.0,0.0,1900.0
22,opponent-engineer,opponent-rmuc-2026-region,engineer,18768.0,2450.0,zone:assembly:blue,,,装配科技核心,0,0.0,none,0,0,True,True,False,legal wait: no active movement route,0.0,0.0,0.0
22,opponent-infantry-1,opponent-rmuc-2026-region,infantry,19528.076,12014.173,robot:tarsgo-sentry,15713.3,14500.0,集火残血目标,2,5158.225,active,0,0,True,True,False,moving,0.0,0.0,1900.0
22,opponent-infantry-2,opponent-rmuc-2026-region,infantry,16130.684,6818.738,robot:tarsgo-sentry,15839.967,14500.0,集火残血目标,1,7686.762,active,0,0,True,True,False,moving,0.0,0.0,1704.393
22,opponent-sentry,opponent-rmuc-2026-region,sentry,17276.595,14500.0,robot:tarsgo-sentry,15934.967,14500.0,集火残血目标,1,1341.628,active,0,0,True,True,False,moving,0.0,0.0,1697.743
22,opponent-drone,opponent-rmuc-2026-region,drone,7279.534,12801.692,robot:tarsgo-engineer,,,空中压制敌方工程,0,0.0,none,0,0,True,True,False,legal wait: no active movement route,0.0,0.0,0.0
23,tarsgo-hero,tarsgo-rmuc-2026-region,hero,13402.418,14500.0,zone:supply:red,2006.0,13050.0,前往补给区,2,11525.272,active,0,0,True,True,False,moving,0.0,0.0,1900.0
23,tarsgo-engineer,tarsgo-rmuc-2026-region,engineer,9232.0,12550.0,zone:assembly:red,,,装配科技核心,0,0.0,none,0,0,True,True,False,legal wait: no active movement route,0.0,0.083,0.0
23,tarsgo-infantry-1,tarsgo-rmuc-2026-region,infantry,3700.0,7519.336,zone:supply:red,2276.0,12368.0,前往补给区,2,5061.033,active,0,0,True,True,False,moving,0.0,0.0,1900.0
23,tarsgo-infantry-2,tarsgo-rmuc-2026-region,infantry,9932.0,12550.0,support:tarsgo-engineer,,,保护工程,0,0.0,none,0,0,True,True,False,legal wait: no active movement route,0.0,0.083,0.0
23,tarsgo-sentry,tarsgo-rmuc-2026-region,sentry,12958.3,14500.0,zone:supply:red,2600.0,13732.0,回撤补给,2,10397.519,active,0,0,True,True,False,moving,0.0,0.0,1900.0
23,tarsgo-drone,tarsgo-rmuc-2026-region,drone,19973.935,2366.922,robot:opponent-engineer,,,空中压制敌方工程,0,0.0,none,0,0,True,True,False,legal wait: no active movement route,0.0,0.0,0.0
23,opponent-hero,opponent-rmuc-2026-region,hero,21700.995,630.738,structure:red-outpost,6600.0,7500.0,进攻前哨站,0,0.0,none,0,0,True,True,False,legal wait: no active movement route,0.0,0.0,950.0
23,opponent-engineer,opponent-rmuc-2026-region,engineer,18768.0,2450.0,zone:assembly:blue,,,装配科技核心,0,0.0,none,0,0,True,True,False,legal wait: no active movement route,0.0,0.0,0.0
23,opponent-infantry-1,opponent-rmuc-2026-region,infantry,18487.081,13603.616,robot:tarsgo-sentry,14288.3,14500.0,集火残血目标,2,4683.225,active,0,0,True,True,False,moving,0.0,0.0,1900.0
23,opponent-infantry-2,opponent-rmuc-2026-region,infantry,15774.63,8677.619,robot:tarsgo-sentry,12989.967,14500.0,集火残血目标,1,6454.028,active,0,0,True,True,False,moving,0.0,0.0,1892.674
23,opponent-sentry,opponent-rmuc-2026-region,sentry,15376.595,14500.0,robot:tarsgo-sentry,13084.967,14500.0,集火残血目标,1,2291.628,active,0,0,True,True,False,moving,0.0,0.0,1900.0
23,opponent-drone,opponent-rmuc-2026-region,drone,7279.534,12801.692,robot:tarsgo-engineer,,,空中压制敌方工程,0,0.0,none,0,0,True,True,False,legal wait: no active movement route,0.0,0.0,0.0
24,tarsgo-hero,tarsgo-rmuc-2026-region,hero,13063.956,14074.927,zone:supply:red,2006.0,13050.0,前往补给区,2,11217.136,active,0,0,True,True,False,moving,0.0,0.0,543.363
24,tarsgo-engineer,tarsgo-rmuc-2026-region,engineer,9232.0,12550.0,zone:assembly:red,,,装配科技核心,0,0.0,none,0,0,True,True,False,legal wait: no active movement route,0.0,0.083,0.0
24,tarsgo-infantry-1,tarsgo-rmuc-2026-region,infantry,3198.33,9344.519,zone:supply:red,2276.0,12368.0,前往补给区,1,3161.033,active,0,0,True,True,False,moving,0.0,0.0,1892.873
24,tarsgo-infantry-2,tarsgo-rmuc-2026-region,infantry,9932.0,12550.0,support:tarsgo-engineer,,,保护工程,0,0.0,none,0,0,True,True,False,legal wait: no active movement route,0.0,0.083,0.0
24,tarsgo-sentry,tarsgo-rmuc-2026-region,sentry,12419.967,14500.0,zone:supply:red,2600.0,13732.0,回撤补给,2,9859.186,active,0,0,True,False,False,movement permission or chassis power lock,0.0,0.0,538.333
24,tarsgo-drone,tarsgo-rmuc-2026-region,drone,19973.935,2366.922,robot:opponent-engineer,,,空中压制敌方工程,0,0.0,none,0,0,True,True,False,legal wait: no active movement route,0.0,0.0,0.0
24,opponent-hero,opponent-rmuc-2026-region,hero,21606.008,629.185,structure:red-outpost,6600.0,7500.0,进攻前哨站,3,22507.177,active,0,0,True,True,False,moving,0.0,0.0,95.0
24,opponent-engineer,opponent-rmuc-2026-region,engineer,18768.0,2450.0,zone:assembly:blue,,,装配科技核心,0,0.0,none,0,0,True,True,False,legal wait: no active movement route,0.0,0.0,0.0
24,opponent-infantry-1,opponent-rmuc-2026-region,infantry,17071.526,14500.0,robot:tarsgo-sentry,12419.967,14500.0,集火残血目标,1,4651.559,active,0,0,True,True,False,moving,0.0,0.0,1675.5
24,opponent-infantry-2,opponent-rmuc-2026-region,infantry,14914.245,10369.763,robot:tarsgo-sentry,12419.967,14500.0,集火残血目标,1,4824.965,active,0,0,True,True,False,moving,0.0,0.0,1898.319
24,opponent-sentry,opponent-rmuc-2026-region,sentry,14078.262,14500.0,robot:tarsgo-sentry,,,集火残血目标,0,0.0,none,0,0,True,True,False,legal wait: no active movement route,0.0,0.0,1298.333
24,opponent-drone,opponent-rmuc-2026-region,drone,7279.534,12801.692,robot:tarsgo-engineer,,,空中压制敌方工程,0,0.0,none,0,0,True,True,False,legal wait: no active movement route,0.0,0.0,0.0
25,tarsgo-hero,tarsgo-rmuc-2026-region,hero,12178.824,13519.146,zone:supply:red,2006.0,13050.0,前往补给区,2,10521.46,active,0,0,True,True,False,moving,0.0,0.0,1045.156
25,tarsgo-engineer,tarsgo-rmuc-2026-region,engineer,9232.0,12550.0,zone:assembly:red,,,装配科技核心,0,0.0,none,0,0,True,True,False,legal wait: no active movement route,0.0,0.083,0.0
25,tarsgo-infantry-1,tarsgo-rmuc-2026-region,infantry,2643.946,11161.841,zone:supply:red,2276.0,12368.0,前往补给区,1,1261.033,active,0,0,True,True,False,moving,0.0,0.0,1900.0
25,tarsgo-infantry-2,tarsgo-rmuc-2026-region,infantry,9953.745,12802.398,robot:opponent-sentry,14078.262,14500.0,集火残血目标,2,5682.152,active,0,0,True,True,False,moving,0.0,0.083,253.333
25,tarsgo-sentry,tarsgo-rmuc-2026-region,sentry,12419.967,14500.0,,,,等待复活,0,0.0,none,0,0,False,False,False,dead/respawning,0.0,0.0,0.0
25,tarsgo-drone,tarsgo-rmuc-2026-region,drone,19973.935,2366.922,robot:opponent-engineer,,,空中压制敌方工程,0,0.0,none,0,0,True,True,False,legal wait: no active movement route,0.0,0.0,0.0
25,opponent-hero,opponent-rmuc-2026-region,hero,19706.261,598.143,structure:red-outpost,6600.0,7500.0,进攻前哨站,3,20607.177,active,0,0,True,True,False,moving,0.0,0.0,1900.0
25,opponent-engineer,opponent-rmuc-2026-region,engineer,18768.0,2450.0,zone:assembly:blue,,,装配科技核心,0,0.0,none,0,0,True,True,False,legal wait: no active movement route,0.0,0.0,0.0
25,opponent-infantry-1,opponent-rmuc-2026-region,infantry,15171.526,14500.0,robot:tarsgo-sentry,12419.967,14500.0,集火残血目标,1,2751.559,active,0,0,True,True,False,moving,0.0,0.0,1900.0
25,opponent-infantry-2,opponent-rmuc-2026-region,infantry,13932.035,11996.189,robot:tarsgo-sentry,12419.967,14500.0,集火残血目标,1,2924.965,active,0,0,True,True,False,moving,0.0,0.0,1900.0
25,opponent-sentry,opponent-rmuc-2026-region,sentry,14078.262,14500.0,robot:tarsgo-sentry,,,集火残血目标,0,0.0,none,0,0,True,True,False,legal wait: no active movement route,0.0,0.0,0.0
25,opponent-drone,opponent-rmuc-2026-region,drone,7279.534,12801.692,robot:tarsgo-engineer,,,空中压制敌方工程,0,0.0,none,0,0,True,True,False,legal wait: no active movement route,0.0,0.0,0.0
26,tarsgo-hero,tarsgo-rmuc-2026-region,hero,12035.63,13586.709,zone:supply:red,2006.0,13050.0,前往补给区,2,10363.126,active,0,0,True,False,False,movement permission or chassis power lock,0.0,0.0,158.333
26,tarsgo-engineer,tarsgo-rmuc-2026-region,engineer,9232.0,12550.0,zone:assembly:red,,,装配科技核心,0,0.0,none,0,0,True,True,False,legal wait: no active movement route,0.0,0.083,0.0
26,tarsgo-infantry-1,tarsgo-rmuc-2026-region,infantry,2276.0,12368.0,zone:supply:red,,,补充弹量,0,0.0,none,0,0,True,True,False,legal wait: no active movement route,0.0,0.0,1261.033
26,tarsgo-infantry-2,tarsgo-rmuc-2026-region,infantry,10295.942,14491.898,robot:opponent-sentry,14034.245,14337.33,集火残血目标,1,3741.497,active,0,0,True,True,False,moving,0.0,0.083,1723.807
26,tarsgo-sentry,tarsgo-rmuc-2026-region,sentry,12419.967,14500.0,,,,等待复活,0,0.0,none,0,0,False,False,False,dead/respawning,0.0,0.0,0.0
26,tarsgo-drone,tarsgo-rmuc-2026-region,drone,19973.935,2366.922,robot:opponent-engineer,,,空中压制敌方工程,0,0.0,none,0,0,True,True,False,legal wait: no active movement route,0.0,0.0,0.0
26,opponent-hero,opponent-rmuc-2026-region,hero,17806.515,567.101,structure:red-outpost,6600.0,7500.0,进攻前哨站,3,18707.177,active,0,0,True,True,False,moving,0.0,0.0,1900.0
26,opponent-engineer,opponent-rmuc-2026-region,engineer,18768.0,2450.0,zone:assembly:blue,,,装配科技核心,0,0.0,none,0,0,True,True,False,legal wait: no active movement route,0.0,0.0,0.0
26,opponent-infantry-1,opponent-rmuc-2026-region,infantry,14633.192,14500.0,robot:tarsgo-hero,12035.63,13586.709,追击敌方英雄,1,2753.44,active,0,0,True,False,False,movement permission or chassis power lock,0.0,0.0,538.333
26,opponent-infantry-2,opponent-rmuc-2026-region,infantry,13960.652,11453.741,support:opponent-engineer,18068.0,2450.0,保护工程,3,13771.925,active,0,0,True,True,False,moving,0.0,0.0,543.203
26,opponent-sentry,opponent-rmuc-2026-region,sentry,13723.552,14029.708,zone:supply:blue,25400.0,1268.0,回撤补给,3,19539.385,active,0,0,True,True,False,moving,0.0,0.0,589.061
26,opponent-drone,opponent-rmuc-2026-region,drone,7279.534,12801.692,robot:tarsgo-engineer,,,空中压制敌方工程,0,0.0,none,0,0,True,True,False,legal wait: no active movement route,0.0,0.0,0.0
27,tarsgo-hero,tarsgo-rmuc-2026-region,hero,12035.63,13586.709,zone:supply:red,2006.0,13050.0,前往补给区,2,10363.126,active,0,0,True,False,False,movement permission or chassis power lock,0.0,0.0,0.0
27,tarsgo-engineer,tarsgo-rmuc-2026-region,engineer,9232.0,12550.0,zone:assembly:red,,,装配科技核心,0,0.0,none,0,0,True,True,False,legal wait: no active movement route,0.0,0.083,0.0
27,tarsgo-infantry-1,tarsgo-rmuc-2026-region,infantry,3285.957,12636.349,robot:opponent-sentry,14541.715,14121.838,集火残血目标,2,11515.948,active,0,0,True,True,False,moving,0.0,0.0,1045.0
27,tarsgo-infantry-2,tarsgo-rmuc-2026-region,infantry,11943.82,14395.047,robot:opponent-sentry,14415.843,14107.664,集火残血目标,2,3930.269,active,0,0,True,True,False,moving,0.0,0.083,1650.721
27,tarsgo-sentry,tarsgo-rmuc-2026-region,sentry,12419.967,14500.0,,,,等待复活,0,0.0,none,0,0,False,False,False,dead/respawning,0.0,0.0,0.0
27,tarsgo-drone,tarsgo-rmuc-2026-region,drone,19973.935,2366.922,robot:opponent-engineer,,,空中压制敌方工程,0,0.0,none,0,0,True,True,False,legal wait: no active movement route,0.0,0.0,0.0
27,opponent-hero,opponent-rmuc-2026-region,hero,15906.768,536.059,structure:red-outpost,6600.0,7500.0,进攻前哨站,3,16807.177,active,0,0,True,True,False,moving,0.0,0.0,1900.0
27,opponent-engineer,opponent-rmuc-2026-region,engineer,18768.0,2450.0,zone:assembly:blue,,,装配科技核心,0,0.0,none,0,0,True,True,False,legal wait: no active movement route,0.0,0.0,0.0
27,opponent-infantry-1,opponent-rmuc-2026-region,infantry,14633.192,14500.0,robot:tarsgo-hero,12035.63,13586.709,追击敌方英雄,1,2753.44,active,0,0,True,False,False,movement permission or chassis power lock,0.0,0.0,0.0
27,opponent-infantry-2,opponent-rmuc-2026-region,infantry,14574.485,9655.628,support:opponent-engineer,18068.0,2450.0,保护工程,3,11871.925,active,0,0,True,True,False,moving,0.0,0.0,1900.0
27,opponent-sentry,opponent-rmuc-2026-region,sentry,15611.619,14242.315,zone:supply:blue,25400.0,1268.0,回撤补给,3,17639.385,active,0,0,True,True,False,moving,0.0,0.0,1900.0
27,opponent-drone,opponent-rmuc-2026-region,drone,7279.534,12801.692,robot:tarsgo-engineer,,,空中压制敌方工程,0,0.0,none,0,0,True,True,False,legal wait: no active movement route,0.0,0.0,0.0
28,tarsgo-hero,tarsgo-rmuc-2026-region,hero,12035.63,13586.709,zone:supply:red,2006.0,13050.0,前往补给区,2,10363.126,active,0,0,True,False,False,movement permission or chassis power lock,0.0,0.0,0.0
28,tarsgo-engineer,tarsgo-rmuc-2026-region,engineer,9232.0,12550.0,zone:assembly:red,,,装配科技核心,0,0.0,none,0,0,True,True,False,legal wait: no active movement route,0.0,0.083,0.0
28,tarsgo-infantry-1,tarsgo-rmuc-2026-region,infantry,5122.244,13124.255,robot:opponent-sentry,17373.816,14440.749,集火残血目标,2,12431.473,active,0,0,True,True,False,moving,0.0,0.0,1900.0
28,tarsgo-infantry-2,tarsgo-rmuc-2026-region,infantry,11887.251,13964.17,robot:opponent-sentry,17247.944,14426.575,集火残血目标,1,5380.6,active,0,0,True,True,False,moving,0.0,0.083,434.574
28,tarsgo-sentry,tarsgo-rmuc-2026-region,sentry,12419.967,14500.0,,,,等待复活,0,0.0,none,0,0,False,False,False,dead/respawning,0.0,0.0,0.0
28,tarsgo-drone,tarsgo-rmuc-2026-region,drone,19973.935,2366.922,robot:opponent-engineer,,,空中压制敌方工程,0,0.0,none,0,0,True,True,False,legal wait: no active movement route,0.0,0.0,0.0
28,opponent-hero,opponent-rmuc-2026-region,hero,14007.022,505.017,structure:red-outpost,6600.0,7500.0,进攻前哨站,3,14907.177,active,0,0,True,True,False,moving,0.0,0.0,1900.0
28,opponent-engineer,opponent-rmuc-2026-region,engineer,18768.0,2450.0,zone:assembly:blue,,,装配科技核心,0,0.0,none,0,0,True,True,False,legal wait: no active movement route,0.0,0.0,0.0
28,opponent-infantry-1,opponent-rmuc-2026-region,infantry,14633.192,14500.0,robot:tarsgo-hero,12035.63,13586.709,追击敌方英雄,1,2753.44,active,0,0,True,False,False,movement permission or chassis power lock,0.0,0.0,0.0
28,opponent-infantry-2,opponent-rmuc-2026-region,infantry,15188.318,7857.516,support:opponent-engineer,18068.0,2450.0,保护工程,3,9971.925,active,0,0,True,True,False,moving,0.0,0.0,1900.0
28,opponent-sentry,opponent-rmuc-2026-region,sentry,17499.687,14454.922,zone:supply:blue,25400.0,1268.0,回撤补给,3,15739.385,active,0,0,True,True,False,moving,0.0,0.0,1900.0
28,opponent-drone,opponent-rmuc-2026-region,drone,7279.534,12801.692,robot:tarsgo-engineer,,,空中压制敌方工程,0,0.0,none,0,0,True,True,False,legal wait: no active movement route,0.0,0.0,0.0
29,tarsgo-hero,tarsgo-rmuc-2026-region,hero,12035.63,13586.709,zone:supply:red,2006.0,13050.0,前往补给区,2,10363.126,active,0,0,True,False,False,movement permission or chassis power lock,0.0,0.0,0.0
29,tarsgo-engineer,tarsgo-rmuc-2026-region,engineer,9232.0,12550.0,zone:assembly:red,,,装配科技核心,0,0.0,none,0,0,True,True,False,legal wait: no active movement route,0.0,0.083,0.0
29,tarsgo-infantry-1,tarsgo-rmuc-2026-region,infantry,6958.53,13612.162,robot:opponent-sentry,18346.818,13723.948,集火残血目标,3,11952.899,active,0,0,True,True,False,moving,0.0,0.0,1900.0
29,tarsgo-infantry-2,tarsgo-rmuc-2026-region,infantry,12541.899,13954.345,zone:supply:red,2924.0,13732.0,前往补给区,3,10668.518,active,0,0,True,True,False,moving,0.0,0.083,654.722
29,tarsgo-sentry,tarsgo-rmuc-2026-region,sentry,12419.967,14500.0,,,,等待复活,0,0.0,none,0,0,False,False,False,dead/respawning,0.0,0.0,0.0
29,tarsgo-drone,tarsgo-rmuc-2026-region,drone,19936.587,2585.42,robot:opponent-infantry-1,14633.192,14500.0,空中压制残血目标,2,15354.194,active,0,0,True,True,False,moving,0.0,0.0,221.667
29,opponent-hero,opponent-rmuc-2026-region,hero,12107.063,500.0,structure:red-outpost,6600.0,7500.0,进攻前哨站,2,13007.177,active,0,0,True,True,False,moving,0.0,0.0,1899.966
29,opponent-engineer,opponent-rmuc-2026-region,engineer,18768.0,2450.0,zone:assembly:blue,,,装配科技核心,0,0.0,none,0,0,True,True,False,legal wait: no active movement route,0.0,0.0,0.0
29,opponent-infantry-1,opponent-rmuc-2026-region,infantry,14633.192,14500.0,zone:supply:blue,25724.0,2632.0,回撤补给,2,17481.743,active,0,0,True,False,False,movement permission or chassis power lock,0.0,0.0,0.0
29,opponent-infantry-2,opponent-rmuc-2026-region,infantry,15802.151,6059.403,support:opponent-engineer,18068.0,2450.0,保护工程,3,8071.925,active,0,0,True,True,False,moving,0.0,0.0,1900.0
29,opponent-sentry,opponent-rmuc-2026-region,sentry,18647.028,13202.53,zone:supply:blue,25400.0,1268.0,回撤补给,2,13839.385,active,0,0,True,True,False,moving,0.0,0.0,1698.493
29,opponent-drone,opponent-rmuc-2026-region,drone,7279.534,12801.692,robot:tarsgo-engineer,,,空中压制敌方工程,0,0.0,none,0,0,True,True,False,legal wait: no active movement route,0.0,0.0,0.0
30,tarsgo-hero,tarsgo-rmuc-2026-region,hero,12035.63,13586.709,zone:supply:red,2006.0,13050.0,前往补给区,2,10363.126,active,0,0,True,False,False,movement permission or chassis power lock,0.0,0.0,0.0
30,tarsgo-engineer,tarsgo-rmuc-2026-region,engineer,9232.0,12550.0,zone:assembly:red,,,装配科技核心,0,0.0,none,0,0,True,True,False,legal wait: no active movement route,0.0,0.083,0.0
30,tarsgo-infantry-1,tarsgo-rmuc-2026-region,infantry,8794.816,14100.068,robot:opponent-sentry,19057.842,12489.011,集火残血目标,3,11477.899,active,0,0,True,True,False,moving,0.0,0.0,1900.0
30,tarsgo-infantry-2,tarsgo-rmuc-2026-region,infantry,12676.759,12714.974,zone:supply:red,2924.0,13732.0,前往补给区,2,10351.625,active,0,0,True,True,False,moving,0.0,0.083,1246.686
30,tarsgo-sentry,tarsgo-rmuc-2026-region,sentry,12419.967,14500.0,,,,等待复活,0,0.0,none,0,0,False,False,False,dead/respawning,0.0,0.0,0.0
30,tarsgo-drone,tarsgo-rmuc-2026-region,drone,19616.458,4458.257,robot:opponent-infantry-1,14633.192,14500.0,空中压制残血目标,2,13454.194,active,0,0,True,True,False,moving,0.0,0.0,1900.0
30,opponent-hero,opponent-rmuc-2026-region,hero,10207.063,500.0,structure:red-outpost,6600.0,7500.0,进攻前哨站,2,11107.177,active,0,0,True,True,False,moving,0.0,0.0,1900.0
30,opponent-engineer,opponent-rmuc-2026-region,engineer,18768.0,2450.0,zone:assembly:blue,,,装配科技核心,0,0.0,none,0,0,True,True,False,legal wait: no active movement route,0.0,0.0,0.0
30,opponent-infantry-1,opponent-rmuc-2026-region,infantry,14633.192,14500.0,zone:supply:blue,25724.0,2632.0,回撤补给,2,17481.743,active,0,0,True,False,False,movement permission or chassis power lock,0.0,0.0,0.0
30,opponent-infantry-2,opponent-rmuc-2026-region,infantry,16415.984,4261.291,support:opponent-engineer,18068.0,2450.0,保护工程,3,6171.925,active,0,0,True,True,False,moving,0.0,0.0,1900.0
30,opponent-sentry,opponent-rmuc-2026-region,sentry,19595.06,11555.948,zone:supply:blue,25400.0,1268.0,回撤补给,2,11939.385,active,0,0,True,True,False,moving,0.0,0.0,1900.0
30,opponent-drone,opponent-rmuc-2026-region,drone,7279.534,12801.692,robot:tarsgo-engineer,,,空中压制敌方工程,0,0.0,none,0,0,True,True,False,legal wait: no active movement route,0.0,0.0,0.0
31,tarsgo-hero,tarsgo-rmuc-2026-region,hero,10489.132,14316.396,zone:supply:red,2006.0,13050.0,前往补给区,2,8653.126,active,0,0,True,True,False,moving,0.0,0.0,1710.0
31,tarsgo-engineer,tarsgo-rmuc-2026-region,engineer,9232.0,12550.0,zone:assembly:red,,,装配科技核心,0,0.0,none,0,0,True,True,False,legal wait: no active movement route,0.0,0.083,0.0
31,tarsgo-infantry-1,tarsgo-rmuc-2026-region,infantry,9778.655,14341.694,robot:opponent-sentry,20479.891,10019.137,集火残血目标,3,13315.34,active,0,0,True,True,False,moving,0.0,0.0,1013.075
31,tarsgo-infantry-2,tarsgo-rmuc-2026-region,infantry,11114.91,13796.931,zone:supply:red,2924.0,13732.0,前往补给区,2,8451.625,active,0,0,True,True,False,moving,0.0,0.083,1900.0
31,tarsgo-sentry,tarsgo-rmuc-2026-region,sentry,12419.967,14500.0,,,,等待复活,0,0.0,none,0,0,False,False,False,dead/respawning,0.0,0.0,0.0
31,tarsgo-drone,tarsgo-rmuc-2026-region,drone,19296.33,6331.093,robot:opponent-infantry-1,14759.859,14500.0,空中压制残血目标,2,11427.527,active,0,0,True,True,False,moving,0.0,0.0,1900.0
31,opponent-hero,opponent-rmuc-2026-region,hero,8307.063,500.0,structure:red-outpost,6600.0,7500.0,进攻前哨站,2,9207.177,active,0,0,True,True,False,moving,0.0,0.0,1900.0
31,opponent-engineer,opponent-rmuc-2026-region,engineer,18768.0,2450.0,zone:assembly:blue,,,装配科技核心,0,0.0,none,0,0,True,True,False,legal wait: no active movement route,0.0,0.0,0.0
31,opponent-infantry-1,opponent-rmuc-2026-region,infantry,15963.192,14500.0,zone:supply:blue,25724.0,2632.0,回撤补给,2,16151.743,active,0,0,True,True,False,moving,0.0,0.0,1330.0
31,opponent-infantry-2,opponent-rmuc-2026-region,infantry,17029.818,2463.178,support:opponent-engineer,18068.0,2450.0,保护工程,3,4271.925,active,0,0,True,True,False,moving,0.0,0.0,1900.0
31,opponent-sentry,opponent-rmuc-2026-region,sentry,20543.093,9909.365,zone:supply:blue,25400.0,1268.0,回撤补给,2,10039.385,active,0,0,True,True,False,moving,0.0,0.0,1900.0
31,opponent-drone,opponent-rmuc-2026-region,drone,7279.534,12801.692,robot:tarsgo-engineer,,,空中压制敌方工程,0,0.0,none,0,0,True,True,False,legal wait: no active movement route,0.0,0.0,0.0
32,tarsgo-hero,tarsgo-rmuc-2026-region,hero,8653.303,14240.831,zone:supply:red,2006.0,13050.0,前往补给区,1,6753.126,active,0,0,True,True,False,moving,0.0,0.0,1837.383
32,tarsgo-engineer,tarsgo-rmuc-2026-region,engineer,9232.0,12550.0,zone:assembly:red,,,装配科技核心,0,0.0,none,0,0,True,True,False,legal wait: no active movement route,0.0,0.083,0.0
32,tarsgo-infantry-1,tarsgo-rmuc-2026-region,infantry,9697.251,14116.604,robot:opponent-sentry,21190.915,8784.2,集火残血目标,3,14909.842,active,0,0,True,True,True,collision/yield,0.2,0.2,239.357
32,tarsgo-infantry-2,tarsgo-rmuc-2026-region,infantry,9816.266,14469.634,zone:supply:red,2924.0,13732.0,前往补给区,1,6931.625,active,0,0,True,True,True,collision/yield,0.2,0.2,1462.534
32,tarsgo-sentry,tarsgo-rmuc-2026-region,sentry,12419.967,14500.0,,,,等待复活,0,0.0,none,0,0,False,False,False,dead/respawning,0.0,0.0,0.0
32,tarsgo-drone,tarsgo-rmuc-2026-region,drone,18976.202,8203.93,robot:opponent-infantry-1,17609.859,14500.0,空中压制残血目标,2,6677.527,active,0,0,True,True,False,moving,0.0,0.0,1900.0
32,opponent-hero,opponent-rmuc-2026-region,hero,6407.063,500.0,structure:red-outpost,6600.0,7500.0,进攻前哨站,2,7307.177,active,0,0,True,True,False,moving,0.0,0.0,1900.0
32,opponent-engineer,opponent-rmuc-2026-region,engineer,18768.0,2450.0,zone:assembly:blue,,,装配科技核心,0,0.0,none,0,0,True,True,False,legal wait: no active movement route,0.0,0.0,0.0
32,opponent-infantry-1,opponent-rmuc-2026-region,infantry,17863.192,14500.0,zone:supply:blue,25724.0,2632.0,回撤补给,2,14251.743,active,0,0,True,True,False,moving,0.0,0.0,1900.0
32,opponent-infantry-2,opponent-rmuc-2026-region,infantry,17643.651,665.065,support:opponent-engineer,18068.0,2450.0,保护工程,3,2371.925,active,0,0,True,True,False,moving,0.0,0.0,1900.0
32,opponent-sentry,opponent-rmuc-2026-region,sentry,21491.125,8262.782,zone:supply:blue,25400.0,1268.0,回撤补给,2,8139.385,active,0,0,True,True,False,moving,0.0,0.0,1900.0
32,opponent-drone,opponent-rmuc-2026-region,drone,7279.534,12801.692,robot:tarsgo-engineer,,,空中压制敌方工程,0,0.0,none,0,0,True,True,False,legal wait: no active movement route,0.0,0.0,0.0
33,tarsgo-hero,tarsgo-rmuc-2026-region,hero,6783.077,13905.79,zone:supply:red,2006.0,13050.0,前往补给区,1,4853.126,active,0,0,True,True,False,moving,0.0,0.0,1900.0
33,tarsgo-engineer,tarsgo-rmuc-2026-region,engineer,9232.0,12550.0,zone:assembly:red,,,装配科技核心,0,0.0,none,0,0,True,True,False,legal wait: no active movement route,0.0,0.083,0.0
33,tarsgo-infantry-1,tarsgo-rmuc-2026-region,infantry,9818.644,14224.576,robot:opponent-sentry,21901.939,7549.263,集火残血目标,3,16175.072,active,0,0,True,True,False,moving,0.0,0.217,162.463
33,tarsgo-infantry-2,tarsgo-rmuc-2026-region,infantry,7958.541,14270.814,zone:supply:red,2924.0,13732.0,前往补给区,1,5063.292,active,0,0,True,True,False,moving,0.0,0.217,1868.333
33,tarsgo-sentry,tarsgo-rmuc-2026-region,sentry,12419.967,14500.0,,,,等待复活,0,0.0,none,0,0,False,False,False,dead/respawning,0.0,0.0,0.0
33,tarsgo-drone,tarsgo-rmuc-2026-region,drone,18734.73,10085.846,robot:opponent-infantry-1,18524.634,13552.51,空中压制残血目标,1,3473.025,active,0,0,True,True,False,moving,0.0,0.0,1897.344
33,opponent-hero,opponent-rmuc-2026-region,hero,6109.102,2092.911,structure:red-outpost,6600.0,7500.0,进攻前哨站,1,5407.177,active,0,0,True,True,False,moving,0.0,0.0,1620.539
33,opponent-engineer,opponent-rmuc-2026-region,engineer,18768.0,2450.0,zone:assembly:blue,,,装配科技核心,0,0.0,none,0,0,True,True,False,legal wait: no active movement route,0.0,0.0,0.0
33,opponent-infantry-1,opponent-rmuc-2026-region,infantry,18925.514,12944.427,zone:supply:blue,25724.0,2632.0,回撤补给,1,12351.743,active,0,0,True,True,False,moving,0.0,0.0,1883.702
33,opponent-infantry-2,opponent-rmuc-2026-region,infantry,18076.628,1978.154,support:opponent-engineer,18068.0,2450.0,保护工程,1,471.925,active,0,0,True,True,False,moving,0.0,0.0,1382.632
33,opponent-sentry,opponent-rmuc-2026-region,sentry,22439.158,6616.2,zone:supply:blue,25400.0,1268.0,回撤补给,2,6239.385,active,0,0,True,True,False,moving,0.0,0.0,1900.0
33,opponent-drone,opponent-rmuc-2026-region,drone,7279.534,12801.692,robot:tarsgo-engineer,,,空中压制敌方工程,0,0.0,none,0,0,True,True,False,legal wait: no active movement route,0.0,0.0,0.0
34,tarsgo-hero,tarsgo-rmuc-2026-region,hero,4912.85,13570.748,zone:supply:red,2006.0,13050.0,前往补给区,1,2953.126,active,0,0,True,True,False,moving,0.0,0.0,1900.0
34,tarsgo-engineer,tarsgo-rmuc-2026-region,engineer,9232.0,12550.0,zone:assembly:red,,,装配科技核心,0,0.0,none,0,0,True,True,False,legal wait: no active movement route,0.0,0.083,0.0
34,tarsgo-infantry-1,tarsgo-rmuc-2026-region,infantry,11220.302,14500.0,robot:opponent-infantry-1,19901.569,11463.877,集火残血目标,2,10316.224,active,0,0,True,True,False,moving,0.0,0.217,1428.461
34,tarsgo-infantry-2,tarsgo-rmuc-2026-region,infantry,6069.33,14068.624,zone:supply:red,2924.0,13732.0,前往补给区,1,3163.292,active,0,0,True,True,False,moving,0.0,0.217,1900.0
34,tarsgo-sentry,tarsgo-rmuc-2026-region,sentry,12419.967,14500.0,,,,等待复活,0,0.0,none,0,0,False,False,False,dead/respawning,0.0,0.0,0.0
34,tarsgo-drone,tarsgo-rmuc-2026-region,drone,18692.586,10781.236,robot:opponent-infantry-1,,,空中压制残血目标,0,0.0,none,0,0,True,True,False,legal wait: no active movement route,0.0,0.0,696.667
34,opponent-hero,opponent-rmuc-2026-region,hero,6119.959,3992.88,structure:red-outpost,6600.0,7500.0,进攻前哨站,1,3507.177,active,0,0,True,True,False,moving,0.0,0.0,1900.0
34,opponent-engineer,opponent-rmuc-2026-region,engineer,18768.0,2450.0,zone:assembly:blue,,,装配科技核心,0,0.0,none,0,0,True,True,False,legal wait: no active movement route,0.0,0.0,0.0
34,opponent-infantry-1,opponent-rmuc-2026-region,infantry,19971.287,11358.124,zone:supply:blue,25724.0,2632.0,回撤补给,1,10451.743,active,0,0,True,True,False,moving,0.0,0.0,1900.0
34,opponent-infantry-2,opponent-rmuc-2026-region,infantry,18073.733,2136.461,support:opponent-engineer,18068.0,2450.0,保护工程,1,313.591,active,0,0,True,False,False,movement permission or chassis power lock,0.0,0.0,158.333
34,opponent-sentry,opponent-rmuc-2026-region,sentry,23387.19,4969.617,zone:supply:blue,25400.0,1268.0,回撤补给,2,4339.385,active,0,0,True,True,False,moving,0.0,0.0,1900.0
34,opponent-drone,opponent-rmuc-2026-region,drone,7279.534,12801.692,robot:tarsgo-engineer,,,空中压制敌方工程,0,0.0,none,0,0,True,True,False,legal wait: no active movement route,0.0,0.0,0.0
35,tarsgo-hero,tarsgo-rmuc-2026-region,hero,3541.351,13325.05,zone:supply:red,,,补充弹量,0,0.0,none,0,0,True,True,False,legal wait: no active movement route,0.0,0.0,1393.333
35,tarsgo-engineer,tarsgo-rmuc-2026-region,engineer,9232.0,12550.0,zone:assembly:red,,,装配科技核心,0,0.0,none,0,0,True,True,False,legal wait: no active movement route,0.0,0.083,0.0
35,tarsgo-infantry-1,tarsgo-rmuc-2026-region,infantry,12139.298,14218.966,robot:opponent-infantry-1,20685.899,10274.15,集火残血目标,2,10829.078,active,0,0,True,True,False,moving,0.0,0.217,961.007
35,tarsgo-infantry-2,tarsgo-rmuc-2026-region,infantry,4180.119,13866.434,zone:supply:red,2924.0,13732.0,前往补给区,1,1263.292,active,0,0,True,True,False,moving,0.0,0.217,1900.0
35,tarsgo-sentry,tarsgo-rmuc-2026-region,sentry,12419.967,14500.0,,,,等待复活,0,0.0,none,0,0,False,False,False,dead/respawning,0.0,0.0,0.0
35,tarsgo-drone,tarsgo-rmuc-2026-region,drone,19594.533,9403.612,robot:opponent-sentry,24208.818,3542.579,空中压制残血目标,2,7879.975,active,0,0,True,True,False,moving,0.0,0.0,1646.62
35,opponent-hero,opponent-rmuc-2026-region,hero,6130.816,5892.849,structure:red-outpost,6600.0,7500.0,进攻前哨站,1,1607.177,active,0,0,True,True,False,moving,0.0,0.0,1900.0
35,opponent-engineer,opponent-rmuc-2026-region,engineer,18768.0,2450.0,zone:assembly:blue,,,装配科技核心,0,0.0,none,0,0,True,True,False,legal wait: no active movement route,0.0,0.0,0.0
35,opponent-infantry-1,opponent-rmuc-2026-region,infantry,21017.061,9771.821,zone:supply:blue,25724.0,2632.0,回撤补给,1,8551.743,active,0,0,True,True,False,moving,0.0,0.0,1900.0
35,opponent-infantry-2,opponent-rmuc-2026-region,infantry,18073.733,2136.461,support:opponent-engineer,18068.0,2450.0,保护工程,1,313.591,active,0,0,True,False,False,movement permission or chassis power lock,0.0,0.0,0.0
35,opponent-sentry,opponent-rmuc-2026-region,sentry,24335.223,3323.034,zone:supply:blue,25400.0,1268.0,回撤补给,2,2439.385,active,0,0,True,True,False,moving,0.0,0.0,1900.0
35,opponent-drone,opponent-rmuc-2026-region,drone,7279.534,12801.692,robot:tarsgo-engineer,,,空中压制敌方工程,0,0.0,none,0,0,True,True,False,legal wait: no active movement route,0.0,0.0,0.0
36,tarsgo-hero,tarsgo-rmuc-2026-region,hero,3541.351,13325.05,structure:blue-outpost,,,进攻前哨站,0,0.0,searching,2,2,True,True,False,waiting for path search,0.0,0.0,0.0
36,tarsgo-engineer,tarsgo-rmuc-2026-region,engineer,9232.0,12550.0,zone:assembly:red,,,装配科技核心,0,0.0,none,0,0,True,True,False,legal wait: no active movement route,0.0,0.083,0.0
36,tarsgo-infantry-1,tarsgo-rmuc-2026-region,infantry,12825.938,13612.067,robot:opponent-infantry-1,21470.229,9084.422,集火残血目标,2,11637.694,active,0,0,True,True,False,moving,0.0,0.217,916.406
36,tarsgo-infantry-2,tarsgo-rmuc-2026-region,infantry,3487.408,13792.298,zone:supply:red,,,补充弹量,0,0.0,none,0,0,True,True,False,legal wait: no active movement route,0.0,0.217,696.667
36,tarsgo-sentry,tarsgo-rmuc-2026-region,sentry,12419.967,14500.0,,,,等待复活,0,0.0,none,0,0,False,False,False,dead/respawning,0.0,0.0,0.0
36,tarsgo-drone,tarsgo-rmuc-2026-region,drone,20217.413,8411.23,robot:opponent-infantry-1,,,空中压制残血目标,0,0.0,none,0,0,True,True,False,legal wait: no active movement route,0.0,0.0,1171.667
36,opponent-hero,opponent-rmuc-2026-region,hero,6909.637,5091.302,zone:supply:blue,25994.0,1950.0,前往补给区,3,22843.971,active,0,0,True,False,False,movement permission or chassis power lock,0.0,0.0,1117.604
36,opponent-engineer,opponent-rmuc-2026-region,engineer,18768.0,2450.0,zone:assembly:blue,,,装配科技核心,0,0.0,none,0,0,True,True,False,legal wait: no active movement route,0.0,0.0,0.0
36,opponent-infantry-1,opponent-rmuc-2026-region,infantry,22062.834,8185.517,zone:supply:blue,25724.0,2632.0,回撤补给,1,6651.743,active,0,0,True,True,False,moving,0.0,0.0,1900.0
36,opponent-infantry-2,opponent-rmuc-2026-region,infantry,18073.733,2136.461,support:opponent-engineer,18068.0,2450.0,保护工程,1,313.591,active,0,0,True,False,False,movement permission or chassis power lock,0.0,0.0,0.0
36,opponent-sentry,opponent-rmuc-2026-region,sentry,25283.255,1676.452,zone:supply:blue,25400.0,1268.0,回撤补给,2,539.385,active,0,0,True,True,False,moving,0.0,0.0,1900.0
36,opponent-drone,opponent-rmuc-2026-region,drone,7279.534,12801.692,robot:tarsgo-engineer,,,空中压制敌方工程,0,0.0,none,0,0,True,True,False,legal wait: no active movement route,0.0,0.0,0.0
37,tarsgo-hero,tarsgo-rmuc-2026-region,hero,4353.193,13462.128,structure:blue-outpost,21400.0,7500.0,进攻前哨站,3,21265.431,active,0,0,True,True,False,moving,0.0,0.0,823.333
37,tarsgo-engineer,tarsgo-rmuc-2026-region,engineer,9232.0,12550.0,zone:assembly:red,,,装配科技核心,0,0.0,none,0,0,True,True,False,legal wait: no active movement route,0.0,0.083,0.0
37,tarsgo-infantry-1,tarsgo-rmuc-2026-region,infantry,14697.498,13939.58,robot:opponent-infantry-1,22254.559,7894.695,集火残血目标,2,11162.694,searching,1,1,True,True,False,moving,0.0,0.217,1900.0
37,tarsgo-infantry-2,tarsgo-rmuc-2026-region,infantry,4401.584,13879.577,robot:opponent-infantry-1,22184.841,8000.449,集火残血目标,3,21312.825,searching,1,1,True,True,False,moving,0.0,0.217,918.333
37,tarsgo-sentry,tarsgo-rmuc-2026-region,sentry,12419.967,14500.0,,,,等待复活,0,0.0,none,0,0,True,True,False,legal wait: no active movement route,0.0,0.0,0.0
37,tarsgo-drone,tarsgo-rmuc-2026-region,drone,20217.413,8411.23,robot:opponent-infantry-1,,,空中压制残血目标,0,0.0,none,0,0,True,True,False,legal wait: no active movement route,0.0,0.0,0.0
37,opponent-hero,opponent-rmuc-2026-region,hero,6909.637,5091.302,zone:supply:blue,25994.0,1950.0,前往补给区,3,22843.971,active,0,0,True,False,False,movement permission or chassis power lock,0.0,0.0,0.0
37,opponent-engineer,opponent-rmuc-2026-region,engineer,18768.0,2450.0,zone:assembly:blue,,,装配科技核心,0,0.0,none,0,0,True,True,False,legal wait: no active movement route,0.0,0.0,0.0
37,opponent-infantry-1,opponent-rmuc-2026-region,infantry,23108.607,6599.214,zone:supply:blue,25724.0,2632.0,回撤补给,1,4751.743,active,0,0,True,True,False,moving,0.0,0.0,1900.0
37,opponent-infantry-2,opponent-rmuc-2026-region,infantry,18073.733,2136.461,support:opponent-engineer,18068.0,2450.0,保护工程,1,313.591,active,0,0,True,False,False,movement permission or chassis power lock,0.0,0.0,0.0
37,opponent-sentry,opponent-rmuc-2026-region,sentry,24988.14,1829.886,robot:tarsgo-infantry-1,13636.947,13753.989,追击敌方步兵,3,19317.532,active,0,0,True,True,False,moving,0.0,0.0,332.618
37,opponent-drone,opponent-rmuc-2026-region,drone,7279.534,12801.692,robot:tarsgo-engineer,,,空中压制敌方工程,0,0.0,none,0,0,True,True,False,legal wait: no active movement route,0.0,0.0,0.0
38,tarsgo-hero,tarsgo-rmuc-2026-region,hero,4783.401,13072.693,structure:blue-outpost,21400.0,7500.0,进攻前哨站,4,21000.606,active,0,0,True,True,False,moving,0.0,0.0,580.292
38,tarsgo-engineer,tarsgo-rmuc-2026-region,engineer,9232.0,12550.0,zone:assembly:red,,,装配科技核心,0,0.0,none,0,0,True,True,False,legal wait: no active movement route,0.0,0.083,0.0
38,tarsgo-infantry-1,tarsgo-rmuc-2026-region,infantry,16569.057,14267.092,robot:opponent-infantry-1,23823.219,5515.24,集火残血目标,2,12112.694,active,0,0,True,True,False,moving,0.0,0.217,1900.0
38,tarsgo-infantry-2,tarsgo-rmuc-2026-region,infantry,6292.984,14060.154,robot:opponent-infantry-1,23753.501,5620.994,集火残血目标,3,22262.825,active,0,0,True,True,False,moving,0.0,0.217,1900.0
38,tarsgo-sentry,tarsgo-rmuc-2026-region,sentry,11564.967,14500.0,zone:supply:red,2600.0,13732.0,回撤补给,2,9004.186,active,0,0,True,True,False,moving,0.0,0.0,855.0
38,tarsgo-drone,tarsgo-rmuc-2026-region,drone,21205.216,7064.753,robot:opponent-infantry-1,24014.944,5224.418,空中压制残血目标,2,3457.992,active,0,0,True,True,False,moving,0.0,0.0,1669.956
38,opponent-hero,opponent-rmuc-2026-region,hero,6909.637,5091.302,zone:supply:blue,25994.0,1950.0,前往补给区,3,22843.971,active,0,0,True,False,False,movement permission or chassis power lock,0.0,0.0,0.0
38,opponent-engineer,opponent-rmuc-2026-region,engineer,18768.0,2450.0,zone:assembly:blue,,,装配科技核心,0,0.0,none,0,0,True,True,False,legal wait: no active movement route,0.0,0.0,0.0
38,opponent-infantry-1,opponent-rmuc-2026-region,infantry,24154.38,5012.911,zone:supply:blue,25724.0,2632.0,回撤补给,1,2851.743,active,0,0,True,True,False,moving,0.0,0.0,1900.0
38,opponent-infantry-2,opponent-rmuc-2026-region,infantry,18073.733,2136.461,robot:tarsgo-sentry,11596.634,14500.0,集火残血目标,2,18668.126,active,0,0,True,False,False,movement permission or chassis power lock,0.0,0.0,0.0
38,opponent-sentry,opponent-rmuc-2026-region,sentry,23864.887,3362.303,robot:tarsgo-sentry,11691.634,14500.0,集火残血目标,3,19298.063,active,0,0,True,True,False,moving,0.0,0.0,1900.0
38,opponent-drone,opponent-rmuc-2026-region,drone,8135.216,13282.813,robot:tarsgo-sentry,12419.967,14500.0,空中压制残血目标,2,4603.479,active,0,0,True,True,False,moving,0.0,0.0,981.667
39,tarsgo-hero,tarsgo-rmuc-2026-region,hero,6487.803,13822.551,structure:blue-outpost,21400.0,7500.0,进攻前哨站,3,19100.606,active,0,0,True,True,False,moving,0.0,0.0,1862.062
39,tarsgo-engineer,tarsgo-rmuc-2026-region,engineer,9232.0,12550.0,zone:assembly:red,,,装配科技核心,0,0.0,none,0,0,True,True,False,legal wait: no active movement route,0.0,0.083,0.0
39,tarsgo-infantry-1,tarsgo-rmuc-2026-region,infantry,18202.081,14041.782,robot:opponent-infantry-1,24607.549,4325.512,集火残血目标,1,11637.694,active,0,0,True,True,False,moving,0.0,0.217,1648.494
39,tarsgo-infantry-2,tarsgo-rmuc-2026-region,infantry,6952.124,12923.524,defense:red-outpost,6816.0,8160.0,防守前哨站,1,4765.468,active,0,0,True,True,False,moving,0.0,0.217,1313.924
39,tarsgo-sentry,tarsgo-rmuc-2026-region,sentry,9667.23,14455.684,zone:supply:red,2600.0,13732.0,回撤补给,1,7104.186,active,0,0,True,True,False,moving,0.0,0.0,1898.254
39,tarsgo-drone,tarsgo-rmuc-2026-region,drone,22658.071,5840.33,robot:opponent-infantry-1,24799.274,4034.69,空中压制残血目标,1,2800.908,active,0,0,True,True,False,moving,0.0,0.0,1900.0
39,opponent-hero,opponent-rmuc-2026-region,hero,6909.637,5091.302,zone:supply:blue,25994.0,1950.0,前往补给区,3,22843.971,active,0,0,True,False,False,movement permission or chassis power lock,0.0,0.0,0.0
39,opponent-engineer,opponent-rmuc-2026-region,engineer,18768.0,2450.0,zone:assembly:blue,,,装配科技核心,0,0.0,none,0,0,True,True,False,legal wait: no active movement route,0.0,0.0,0.0
39,opponent-infantry-1,opponent-rmuc-2026-region,infantry,25200.154,3426.607,zone:supply:blue,25724.0,2632.0,回撤补给,1,951.743,active,0,0,True,True,False,moving,0.0,0.0,1900.0
39,opponent-infantry-2,opponent-rmuc-2026-region,infantry,18049.707,3846.292,robot:tarsgo-sentry,10171.634,14500.0,集火残血目标,2,18383.126,active,0,0,True,True,False,moving,0.0,0.0,1710.0
39,opponent-sentry,opponent-rmuc-2026-region,sentry,22741.634,4894.72,robot:tarsgo-sentry,10266.634,14500.0,集火残血目标,3,18823.063,active,0,0,True,True,False,moving,0.0,0.0,1900.0
39,opponent-drone,opponent-rmuc-2026-region,drone,9763.772,14198.497,robot:tarsgo-sentry,,,空中压制残血目标,0,0.0,none,0,0,True,True,False,legal wait: no active movement route,0.0,0.0,1868.333
40,tarsgo-hero,tarsgo-rmuc-2026-region,hero,7481.495,14089.784,structure:blue-outpost,21400.0,7500.0,进攻前哨站,4,18894.613,active,0,0,True,True,False,moving,0.0,0.0,1028.998
40,tarsgo-engineer,tarsgo-rmuc-2026-region,engineer,9232.0,12550.0,zone:assembly:red,,,装配科技核心,0,0.0,none,0,0,True,True,False,legal wait: no active movement route,0.0,0.083,0.0
40,tarsgo-infantry-1,tarsgo-rmuc-2026-region,infantry,19247.854,12455.479,robot:opponent-infantry-1,25724.0,2632.0,集火残血目标,1,11766.104,active,0,0,True,True,False,moving,0.0,0.217,1900.0
40,tarsgo-infantry-2,tarsgo-rmuc-2026-region,infantry,6897.851,11024.299,defense:red-outpost,6816.0,8160.0,防守前哨站,1,2865.468,active,0,0,True,True,False,moving,0.0,0.217,1900.0
40,tarsgo-sentry,tarsgo-rmuc-2026-region,sentry,7808.616,14265.362,zone:supply:red,2600.0,13732.0,回撤补给,1,5235.853,active,0,0,True,True,False,moving,0.0,0.017,1868.333
40,tarsgo-drone,tarsgo-rmuc-2026-region,drone,24014.73,4514.343,robot:opponent-infantry-1,25583.604,2844.963,空中压制残血目标,1,2290.895,active,0,0,True,True,False,moving,0.0,0.0,1897.04
40,opponent-hero,opponent-rmuc-2026-region,hero,6909.637,5091.302,zone:supply:blue,25994.0,1950.0,前往补给区,3,22843.971,active,0,0,True,False,False,movement permission or chassis power lock,0.0,0.0,0.0
40,opponent-engineer,opponent-rmuc-2026-region,engineer,18768.0,2450.0,zone:assembly:blue,,,装配科技核心,0,0.0,none,0,0,True,True,False,legal wait: no active movement route,0.0,0.0,0.0
40,opponent-infantry-1,opponent-rmuc-2026-region,infantry,25724.0,2632.0,zone:supply:blue,,,回撤补给,0,0.0,none,0,0,True,True,False,legal wait: no active movement route,0.0,0.0,951.743
40,opponent-infantry-2,opponent-rmuc-2026-region,infantry,18023.01,5746.105,robot:tarsgo-sentry,8753.674,14362.136,集火残血目标,3,17908.126,active,0,0,True,True,False,moving,0.0,0.0,1900.0
40,opponent-sentry,opponent-rmuc-2026-region,sentry,21618.381,6427.137,robot:tarsgo-sentry,8848.18,14371.814,集火残血目标,4,18348.063,active,0,0,True,True,False,moving,0.0,0.0,1900.0
40,opponent-drone,opponent-rmuc-2026-region,drone,9763.772,14198.497,robot:tarsgo-sentry,,,空中压制残血目标,0,0.0,none,0,0,True,True,False,legal wait: no active movement route,0.0,0.0,0.0
41,tarsgo-hero,tarsgo-rmuc-2026-region,hero,8549.402,14279.734,structure:blue-outpost,21400.0,7500.0,进攻前哨站,3,16994.613,active,0,0,True,True,False,moving,0.0,0.0,1084.669
41,tarsgo-engineer,tarsgo-rmuc-2026-region,engineer,9232.0,12550.0,zone:assembly:red,,,装配科技核心,0,0.0,none,0,0,True,True,False,legal wait: no active movement route,0.0,0.083,0.0
41,tarsgo-infantry-1,tarsgo-rmuc-2026-region,infantry,19335.002,12323.287,robot:opponent-infantry-1,25724.0,2632.0,追击敌方步兵,1,11607.77,active,0,0,True,False,False,movement permission or chassis power lock,0.0,0.217,158.333
41,tarsgo-infantry-2,tarsgo-rmuc-2026-region,infantry,6843.578,9125.075,defense:red-outpost,6816.0,8160.0,防守前哨站,1,965.468,active,0,0,True,True,False,moving,0.0,0.217,1900.0
41,tarsgo-sentry,tarsgo-rmuc-2026-region,sentry,8581.55,13485.601,zone:supply:red,2600.0,13732.0,回撤补给,2,6344.269,active,0,0,True,True,False,moving,0.0,0.017,1097.932
41,tarsgo-drone,tarsgo-rmuc-2026-region,drone,22583.647,3794.896,robot:opponent-engineer,18768.0,2450.0,空中压制敌方工程,1,4045.727,active,0,0,True,True,False,moving,0.0,0.0,1601.75
41,opponent-hero,opponent-rmuc-2026-region,hero,7018.057,4935.273,zone:supply:blue,25994.0,1950.0,前往补给区,3,22653.971,active,0,0,True,True,False,moving,0.0,0.0,190.0
41,opponent-engineer,opponent-rmuc-2026-region,engineer,18768.0,2450.0,zone:assembly:blue,,,装配科技核心,0,0.0,none,0,0,True,True,False,legal wait: no active movement route,0.0,0.0,0.0
41,opponent-infantry-1,opponent-rmuc-2026-region,infantry,25724.0,2632.0,zone:supply:blue,,,回撤补给,0,0.0,none,0,0,True,True,False,legal wait: no active movement route,0.0,0.0,0.0
41,opponent-infantry-2,opponent-rmuc-2026-region,infantry,18027.531,7606.778,defense:blue-outpost,21184.0,6840.0,防守前哨站,1,3248.268,active,0,0,True,True,False,moving,0.0,0.0,1860.679
41,opponent-sentry,opponent-rmuc-2026-region,sentry,21412.451,6708.081,defense:blue-outpost,,,防守前哨站,0,0.0,none,0,0,True,True,False,legal wait: no active movement route,0.0,0.0,348.333
41,opponent-drone,opponent-rmuc-2026-region,drone,9763.772,14198.497,robot:tarsgo-sentry,,,空中压制残血目标,0,0.0,none,0,0,True,True,False,legal wait: no active movement route,0.0,0.0,0.0
42,tarsgo-hero,tarsgo-rmuc-2026-region,hero,10437.403,14492.931,structure:blue-outpost,21400.0,7500.0,进攻前哨站,3,15094.613,active,0,0,True,True,False,moving,0.0,0.0,1900.0
42,tarsgo-engineer,tarsgo-rmuc-2026-region,engineer,9232.0,12550.0,zone:assembly:red,,,装配科技核心,0,0.0,none,0,0,True,True,False,legal wait: no active movement route,0.0,0.083,0.0
42,tarsgo-infantry-1,tarsgo-rmuc-2026-region,infantry,19335.002,12323.287,robot:opponent-infantry-2,18827.596,7412.424,追击敌方步兵,1,4937.006,active,0,0,True,False,False,movement permission or chassis power lock,0.0,0.217,0.0
42,tarsgo-infantry-2,tarsgo-rmuc-2026-region,infantry,6816.0,8160.0,defense:red-outpost,6816.0,8160.0,防守前哨站,0,0.0,none,0,0,True,True,False,legal wait: no active movement route,0.0,0.217,965.468
42,tarsgo-sentry,tarsgo-rmuc-2026-region,sentry,7033.358,13420.774,zone:supply:red,2600.0,13732.0,回撤补给,1,4444.269,active,0,0,True,True,False,moving,0.0,0.017,1549.548
42,tarsgo-drone,tarsgo-rmuc-2026-region,drone,20791.7,3163.291,robot:opponent-engineer,18768.0,2450.0,空中压制敌方工程,1,2145.727,active,0,0,True,True,False,moving,0.0,0.0,1900.0
42,opponent-hero,opponent-rmuc-2026-region,hero,8102.258,3374.982,zone:supply:blue,25994.0,1950.0,前往补给区,3,20753.971,active,0,0,True,True,False,moving,0.0,0.0,1900.0
42,opponent-engineer,opponent-rmuc-2026-region,engineer,18768.0,2450.0,zone:assembly:blue,,,装配科技核心,0,0.0,none,0,0,True,True,False,legal wait: no active movement route,0.0,0.0,0.0
42,opponent-infantry-1,opponent-rmuc-2026-region,infantry,25619.423,2790.63,robot:tarsgo-sentry,7412.425,13394.163,集火残血目标,3,24731.125,active,0,0,True,True,False,moving,0.0,0.0,190.0
42,opponent-infantry-2,opponent-rmuc-2026-region,infantry,19873.835,7158.269,defense:blue-outpost,21184.0,6840.0,防守前哨站,1,1348.268,active,0,0,True,True,False,moving,0.0,0.0,1900.0
42,opponent-sentry,opponent-rmuc-2026-region,sentry,21412.451,6708.081,defense:blue-outpost,,,防守前哨站,0,0.0,none,0,0,True,True,False,legal wait: no active movement route,0.0,0.0,0.0
42,opponent-drone,opponent-rmuc-2026-region,drone,9733.35,14189.705,robot:tarsgo-sentry,7064.947,13418.556,空中压制残血目标,1,2777.597,active,0,0,True,True,False,moving,0.0,0.0,31.667
43,tarsgo-hero,tarsgo-rmuc-2026-region,hero,12337.005,14500.0,structure:blue-outpost,21400.0,7500.0,进攻前哨站,2,13194.613,active,0,0,True,True,False,moving,0.0,0.0,1899.615
43,tarsgo-engineer,tarsgo-rmuc-2026-region,engineer,9232.0,12550.0,zone:assembly:red,,,装配科技核心,0,0.0,none,0,0,True,True,False,legal wait: no active movement route,0.0,0.083,0.0
43,tarsgo-infantry-1,tarsgo-rmuc-2026-region,infantry,19335.002,12323.287,robot:opponent-infantry-2,20773.032,7313.125,追击敌方步兵,1,5212.451,active,0,0,True,False,False,movement permission or chassis power lock,0.0,0.217,0.0
43,tarsgo-infantry-2,tarsgo-rmuc-2026-region,infantry,7787.437,9528.617,support:tarsgo-engineer,9932.0,12550.0,保护工程,1,3705.119,active,0,0,True,True,False,moving,0.0,0.217,1678.333
43,tarsgo-sentry,tarsgo-rmuc-2026-region,sentry,5138.023,13553.828,zone:supply:red,2600.0,13732.0,回撤补给,1,2544.269,active,0,0,True,True,False,moving,0.0,0.017,1900.0
43,tarsgo-drone,tarsgo-rmuc-2026-region,drone,20134.653,2931.702,robot:opponent-engineer,,,空中压制敌方工程,0,0.0,none,0,0,True,True,False,legal wait: no active movement route,0.0,0.0,696.667
43,opponent-hero,opponent-rmuc-2026-region,hero,9186.459,1814.691,zone:supply:blue,25994.0,1950.0,前往补给区,3,18853.971,active,0,0,True,True,False,moving,0.0,0.0,1900.0
43,opponent-engineer,opponent-rmuc-2026-region,engineer,18768.0,2450.0,zone:assembly:blue,,,装配科技核心,0,0.0,none,0,0,True,True,False,legal wait: no active movement route,0.0,0.0,0.0
43,opponent-infantry-1,opponent-rmuc-2026-region,infantry,24573.649,4376.934,robot:tarsgo-sentry,5990.924,13493.954,集火残血目标,3,24155.378,active,0,0,True,True,False,moving,0.0,0.0,1900.0
43,opponent-infantry-2,opponent-rmuc-2026-region,infantry,20702.232,7418.157,defense:blue-outpost,21184.0,6840.0,防守前哨站,2,1131.791,active,0,0,True,True,False,moving,0.0,0.0,868.207
43,opponent-sentry,opponent-rmuc-2026-region,sentry,21412.451,6708.081,defense:blue-outpost,,,防守前哨站,0,0.0,none,0,0,True,True,False,legal wait: no active movement route,0.0,0.0,0.0
43,opponent-drone,opponent-rmuc-2026-region,drone,7890.813,13750.754,robot:tarsgo-sentry,5643.445,13518.347,空中压制残血目标,1,2259.352,active,0,0,True,True,False,moving,0.0,0.0,1894.102
44,tarsgo-hero,tarsgo-rmuc-2026-region,hero,14237.005,14500.0,structure:blue-outpost,21400.0,7500.0,进攻前哨站,2,11294.613,active,0,0,True,True,False,moving,0.0,0.0,1900.0
44,tarsgo-engineer,tarsgo-rmuc-2026-region,engineer,9232.0,12550.0,zone:assembly:red,,,装配科技核心,0,0.0,none,0,0,True,True,False,legal wait: no active movement route,0.0,0.083,0.0
44,tarsgo-infantry-1,tarsgo-rmuc-2026-region,infantry,19335.002,12323.287,robot:opponent-infantry-2,20827.089,6966.599,追击敌方步兵,1,5560.614,active,0,0,True,False,False,movement permission or chassis power lock,0.0,0.217,0.0
44,tarsgo-infantry-2,tarsgo-rmuc-2026-region,infantry,8887.178,11077.994,support:tarsgo-engineer,9932.0,12550.0,保护工程,1,1805.119,active,0,0,True,True,False,moving,0.0,0.217,1900.0
44,tarsgo-sentry,tarsgo-rmuc-2026-region,sentry,3242.687,13686.883,zone:supply:red,2600.0,13732.0,回撤补给,1,644.269,active,0,0,True,True,False,moving,0.0,0.017,1900.0
44,tarsgo-drone,tarsgo-rmuc-2026-region,drone,20134.653,2931.702,robot:opponent-engineer,,,空中压制敌方工程,0,0.0,none,0,0,True,True,False,legal wait: no active movement route,0.0,0.0,0.0
44,opponent-hero,opponent-rmuc-2026-region,hero,10399.072,500.0,zone:supply:blue,25994.0,1950.0,前往补给区,2,16953.971,active,0,0,True,True,False,moving,0.0,0.0,1788.531
44,opponent-engineer,opponent-rmuc-2026-region,engineer,18768.0,2450.0,zone:assembly:blue,,,装配科技核心,0,0.0,none,0,0,True,True,False,legal wait: no active movement route,0.0,0.0,0.0
44,opponent-infantry-1,opponent-rmuc-2026-region,infantry,23527.876,5963.237,robot:tarsgo-sentry,4569.422,13593.745,集火残血目标,3,23629.273,active,0,0,True,True,False,moving,0.0,0.0,1900.0
44,opponent-infantry-2,opponent-rmuc-2026-region,infantry,20292.159,7028.186,defense:blue-outpost,21184.0,6840.0,防守前哨站,1,911.479,active,0,0,True,True,False,moving,0.0,0.0,565.895
44,opponent-sentry,opponent-rmuc-2026-region,sentry,21412.451,6708.081,defense:blue-outpost,,,防守前哨站,0,0.0,none,0,0,True,True,False,legal wait: no active movement route,0.0,0.0,0.0
44,opponent-drone,opponent-rmuc-2026-region,drone,5995.778,13642.699,robot:tarsgo-sentry,4221.944,13618.138,空中压制残血目标,1,1774.004,active,0,0,True,True,False,moving,0.0,0.0,1898.113
45,tarsgo-hero,tarsgo-rmuc-2026-region,hero,16137.005,14500.0,structure:blue-outpost,21400.0,7500.0,进攻前哨站,2,9394.613,active,0,0,True,True,False,moving,0.0,0.0,1900.0
45,tarsgo-engineer,tarsgo-rmuc-2026-region,engineer,9232.0,12550.0,zone:assembly:red,,,装配科技核心,0,0.0,none,0,0,True,True,False,legal wait: no active movement route,0.0,0.083,0.0
45,tarsgo-infantry-1,tarsgo-rmuc-2026-region,infantry,19335.002,12323.287,robot:opponent-infantry-2,21048.573,6890.654,追击敌方步兵,1,5696.475,active,0,0,True,False,False,movement permission or chassis power lock,0.0,0.217,0.0
45,tarsgo-infantry-2,tarsgo-rmuc-2026-region,infantry,9932.0,12550.0,support:tarsgo-engineer,9932.0,12550.0,保护工程,0,0.0,none,0,0,True,True,False,legal wait: no active movement route,0.0,0.217,1805.119
45,tarsgo-sentry,tarsgo-rmuc-2026-region,sentry,2674.087,13726.799,zone:supply:red,,,回撤补给,0,0.0,none,0,0,True,True,False,legal wait: no active movement route,0.0,0.017,570.0
45,tarsgo-drone,tarsgo-rmuc-2026-region,drone,20134.653,2931.702,robot:opponent-engineer,,,空中压制敌方工程,0,0.0,none,0,0,True,True,False,legal wait: no active movement route,0.0,0.0,0.0
45,opponent-hero,opponent-rmuc-2026-region,hero,12299.072,500.0,zone:supply:blue,25994.0,1950.0,前往补给区,2,15053.971,active,0,0,True,True,False,moving,0.0,0.0,1900.0
45,opponent-engineer,opponent-rmuc-2026-region,engineer,18768.0,2450.0,zone:assembly:blue,,,装配科技核心,0,0.0,none,0,0,True,True,False,legal wait: no active movement route,0.0,0.0,0.0
45,opponent-infantry-1,opponent-rmuc-2026-region,infantry,22482.103,7549.54,robot:tarsgo-sentry,2674.087,13726.799,集火残血目标,3,23590.994,active,0,0,True,True,False,moving,0.0,0.0,1900.0
45,opponent-infantry-2,opponent-rmuc-2026-region,infantry,20738.414,7370.509,defense:blue-outpost,21184.0,6840.0,防守前哨站,1,692.81,active,0,0,True,True,False,moving,0.0,0.0,562.431
45,opponent-sentry,opponent-rmuc-2026-region,sentry,21412.451,6708.081,defense:blue-outpost,,,防守前哨站,0,0.0,none,0,0,True,True,False,legal wait: no active movement route,0.0,0.0,0.0
45,opponent-drone,opponent-rmuc-2026-region,drone,4128.11,13678.675,robot:tarsgo-sentry,,,空中压制残血目标,0,0.0,none,0,0,True,True,False,legal wait: no active movement route,0.0,0.0,1868.015
46,tarsgo-hero,tarsgo-rmuc-2026-region,hero,17954.575,14374.334,structure:blue-outpost,21400.0,7500.0,进攻前哨站,1,7494.613,active,0,0,True,True,False,moving,0.0,0.0,1821.909
46,tarsgo-engineer,tarsgo-rmuc-2026-region,engineer,9232.0,12550.0,zone:assembly:red,,,装配科技核心,0,0.0,none,0,0,True,True,False,legal wait: no active movement route,0.0,0.083,0.0
46,tarsgo-infantry-1,tarsgo-rmuc-2026-region,infantry,19832.103,10687.753,robot:opponent-infantry-2,20596.538,6957.777,追击敌方步兵,1,3807.503,active,0,0,True,True,False,moving,0.0,0.217,1709.409
46,tarsgo-infantry-2,tarsgo-rmuc-2026-region,infantry,9932.0,12550.0,support:tarsgo-engineer,,,保护工程,0,0.0,none,0,0,True,True,False,legal wait: no active movement route,0.0,0.217,0.0
46,tarsgo-sentry,tarsgo-rmuc-2026-region,sentry,2674.087,13726.799,zone:supply:red,,,回撤补给,0,0.0,none,0,0,True,True,False,legal wait: no active movement route,0.0,0.017,0.0
46,tarsgo-drone,tarsgo-rmuc-2026-region,drone,20134.653,2931.702,robot:opponent-engineer,,,空中压制敌方工程,0,0.0,none,0,0,True,True,False,legal wait: no active movement route,0.0,0.0,0.0
46,opponent-hero,opponent-rmuc-2026-region,hero,14199.072,500.0,zone:supply:blue,25994.0,1950.0,前往补给区,2,13153.971,active,0,0,True,True,False,moving,0.0,0.0,1900.0
46,opponent-engineer,opponent-rmuc-2026-region,engineer,18768.0,2450.0,zone:assembly:blue,,,装配科技核心,0,0.0,none,0,0,True,True,False,legal wait: no active movement route,0.0,0.0,0.0
46,opponent-infantry-1,opponent-rmuc-2026-region,infantry,21616.0,8160.0,defense:blue-outpost,21616.0,8160.0,防守前哨站,0,0.0,none,0,0,True,True,False,legal wait: no active movement route,0.0,0.0,1059.62
46,opponent-infantry-2,opponent-rmuc-2026-region,infantry,20720.733,6932.878,defense:blue-outpost,21184.0,6840.0,防守前哨站,1,472.486,active,0,0,True,True,False,moving,0.0,0.0,437.988
46,opponent-sentry,opponent-rmuc-2026-region,sentry,21412.451,6708.081,defense:blue-outpost,,,防守前哨站,0,0.0,none,0,0,True,True,False,legal wait: no active movement route,0.0,0.0,0.0
46,opponent-drone,opponent-rmuc-2026-region,drone,4622.824,13569.273,robot:tarsgo-engineer,9232.0,12550.0,空中压制敌方工程,1,4720.532,active,0,0,True,True,False,moving,0.0,0.0,506.667
47,tarsgo-hero,tarsgo-rmuc-2026-region,hero,18711.426,12631.584,structure:blue-outpost,21400.0,7500.0,进攻前哨站,1,5594.613,active,0,0,True,True,False,moving,0.0,0.0,1900.0
47,tarsgo-engineer,tarsgo-rmuc-2026-region,engineer,9232.0,12550.0,zone:assembly:red,,,装配科技核心,0,0.0,none,0,0,True,True,False,legal wait: no active movement route,0.0,0.083,0.0
47,tarsgo-infantry-1,tarsgo-rmuc-2026-region,infantry,20092.77,9415.856,robot:opponent-infantry-1,,,追击敌方步兵,0,0.0,none,0,0,True,True,False,legal wait: no active movement route,0.0,0.217,1298.333
47,tarsgo-infantry-2,tarsgo-rmuc-2026-region,infantry,9932.0,12550.0,support:tarsgo-engineer,,,保护工程,0,0.0,none,0,0,True,True,False,legal wait: no active movement route,0.0,0.217,0.0
47,tarsgo-sentry,tarsgo-rmuc-2026-region,sentry,2674.087,13726.799,zone:supply:red,,,回撤补给,0,0.0,none,0,0,True,True,False,legal wait: no active movement route,0.0,0.017,0.0
47,tarsgo-drone,tarsgo-rmuc-2026-region,drone,20134.653,2931.702,robot:opponent-engineer,,,空中压制敌方工程,0,0.0,none,0,0,True,True,False,legal wait: no active movement route,0.0,0.0,0.0
47,opponent-hero,opponent-rmuc-2026-region,hero,16099.072,500.0,zone:supply:blue,25994.0,1950.0,前往补给区,2,11253.971,active,0,0,True,True,False,moving,0.0,0.0,1900.0
47,opponent-engineer,opponent-rmuc-2026-region,engineer,18768.0,2450.0,zone:assembly:blue,,,装配科技核心,0,0.0,none,0,0,True,True,False,legal wait: no active movement route,0.0,0.0,0.0
47,opponent-infantry-1,opponent-rmuc-2026-region,infantry,21616.0,8160.0,defense:blue-outpost,,,防守前哨站,0,0.0,none,0,0,True,True,False,legal wait: no active movement route,0.0,0.0,0.0
47,opponent-infantry-2,opponent-rmuc-2026-region,infantry,21019.498,7031.795,zone:supply:blue,21184.0,6840.0,前往补给区,1,252.678,searching,1,1,True,True,False,moving,0.0,0.0,314.715
47,opponent-sentry,opponent-rmuc-2026-region,sentry,21412.451,6708.081,defense:blue-outpost,,,防守前哨站,0,0.0,none,0,0,True,True,False,legal wait: no active movement route,0.0,0.0,0.0
47,opponent-drone,opponent-rmuc-2026-region,drone,6478.004,13159.019,robot:tarsgo-engineer,9232.0,12550.0,空中压制敌方工程,1,2820.532,active,0,0,True,True,False,moving,0.0,0.0,1900.0
48,tarsgo-hero,tarsgo-rmuc-2026-region,hero,19468.278,10888.834,structure:blue-outpost,21400.0,7500.0,进攻前哨站,1,3694.613,active,0,0,True,True,False,moving,0.0,0.0,1900.0
48,tarsgo-engineer,tarsgo-rmuc-2026-region,engineer,9232.0,12550.0,zone:assembly:red,,,装配科技核心,0,0.0,none,0,0,True,True,False,legal wait: no active movement route,0.0,0.083,0.0
48,tarsgo-infantry-1,tarsgo-rmuc-2026-region,infantry,20878.757,8680.033,robot:opponent-infantry-1,22031.536,7600.827,追击敌方步兵,1,1579.109,active,0,0,True,True,False,moving,0.0,0.217,1076.667
48,tarsgo-infantry-2,tarsgo-rmuc-2026-region,infantry,9932.0,12550.0,support:tarsgo-engineer,,,保护工程,0,0.0,none,0,0,True,True,False,legal wait: no active movement route,0.0,0.217,0.0
48,tarsgo-sentry,tarsgo-rmuc-2026-region,sentry,3422.357,12665.78,defense:red-outpost,6600.0,8160.0,防守前哨站,1,5513.572,active,0,0,True,True,False,moving,0.0,0.017,1298.333
48,tarsgo-drone,tarsgo-rmuc-2026-region,drone,20134.653,2931.702,robot:opponent-engineer,,,空中压制敌方工程,0,0.0,none,0,0,True,True,False,legal wait: no active movement route,0.0,0.0,0.0
48,opponent-hero,opponent-rmuc-2026-region,hero,17999.072,500.0,zone:supply:blue,25994.0,1950.0,前往补给区,2,9353.971,active,0,0,True,True,False,moving,0.0,0.0,1900.0
48,opponent-engineer,opponent-rmuc-2026-region,engineer,18768.0,2450.0,zone:assembly:blue,,,装配科技核心,0,0.0,none,0,0,True,True,False,legal wait: no active movement route,0.0,0.0,0.0
48,opponent-infantry-1,opponent-rmuc-2026-region,infantry,22673.728,6736.651,zone:supply:blue,25724.0,2632.0,前往补给区,1,5113.934,active,0,0,True,True,False,moving,0.0,0.0,1773.333
48,opponent-infantry-2,opponent-rmuc-2026-region,infantry,20833.594,6326.187,zone:supply:blue,25076.0,1268.0,前往补给区,1,6601.762,active,0,0,True,True,False,moving,0.0,0.0,729.687
48,opponent-sentry,opponent-rmuc-2026-region,sentry,21412.451,6708.081,defense:blue-outpost,,,防守前哨站,0,0.0,none,0,0,True,True,False,legal wait: no active movement route,0.0,0.0,0.0
48,opponent-drone,opponent-rmuc-2026-region,drone,6910.879,13063.293,robot:tarsgo-engineer,,,空中压制敌方工程,0,0.0,none,0,0,True,True,False,legal wait: no active movement route,0.0,0.0,443.333
49,tarsgo-hero,tarsgo-rmuc-2026-region,hero,19834.089,10046.506,structure:blue-outpost,21400.0,7500.0,进攻前哨站,1,2776.28,active,0,0,True,False,False,movement permission or chassis power lock,0.0,0.0,918.333
49,tarsgo-engineer,tarsgo-rmuc-2026-region,engineer,9232.0,12550.0,zone:assembly:red,,,装配科技核心,0,0.0,none,0,0,True,True,False,legal wait: no active movement route,0.0,0.083,0.0
49,tarsgo-infantry-1,tarsgo-rmuc-2026-region,infantry,22198.715,7318.496,robot:opponent-infantry-1,23731.455,5313.301,追击敌方步兵,1,2523.905,active,0,0,True,True,False,moving,0.0,0.217,1896.332
49,tarsgo-infantry-2,tarsgo-rmuc-2026-region,infantry,9932.0,12550.0,support:tarsgo-engineer,,,保护工程,0,0.0,none,0,0,True,True,False,legal wait: no active movement route,0.0,0.217,0.0
49,tarsgo-sentry,tarsgo-rmuc-2026-region,sentry,4517.386,11113.069,defense:red-outpost,6600.0,8160.0,防守前哨站,1,3613.572,active,0,0,True,True,False,moving,0.0,0.017,1900.0
49,tarsgo-drone,tarsgo-rmuc-2026-region,drone,20134.653,2931.702,robot:opponent-engineer,,,空中压制敌方工程,0,0.0,none,0,0,True,True,False,legal wait: no active movement route,0.0,0.0,0.0
49,opponent-hero,opponent-rmuc-2026-region,hero,19899.072,500.0,zone:supply:blue,25994.0,1950.0,前往补给区,2,7453.971,active,0,0,True,True,False,moving,0.0,0.0,1900.0
49,opponent-engineer,opponent-rmuc-2026-region,engineer,18768.0,2450.0,zone:assembly:blue,,,装配科技核心,0,0.0,none,0,0,True,True,False,legal wait: no active movement route,0.0,0.0,0.0
49,opponent-infantry-1,opponent-rmuc-2026-region,infantry,23807.007,5211.634,zone:supply:blue,25724.0,2632.0,前往补给区,1,3213.934,active,0,0,True,True,False,moving,0.0,0.0,1900.0
49,opponent-infantry-2,opponent-rmuc-2026-region,infantry,22054.567,4870.431,zone:supply:blue,25076.0,1268.0,前往补给区,1,4701.762,active,0,0,True,True,False,moving,0.0,0.0,1900.0
49,opponent-sentry,opponent-rmuc-2026-region,sentry,21412.451,6708.081,defense:blue-outpost,,,防守前哨站,0,0.0,none,0,0,True,True,False,legal wait: no active movement route,0.0,0.0,0.0
49,opponent-drone,opponent-rmuc-2026-region,drone,6910.879,13063.293,robot:tarsgo-engineer,,,空中压制敌方工程,0,0.0,none,0,0,True,True,False,legal wait: no active movement route,0.0,0.0,0.0
50,tarsgo-hero,tarsgo-rmuc-2026-region,hero,19834.089,10046.506,structure:blue-outpost,21400.0,7500.0,进攻前哨站,1,2776.28,active,0,0,True,False,False,movement permission or chassis power lock,0.0,0.0,0.0
50,tarsgo-engineer,tarsgo-rmuc-2026-region,engineer,9232.0,12550.0,zone:assembly:red,,,装配科技核心,0,0.0,none,0,0,True,True,False,legal wait: no active movement route,0.0,0.083,0.0
50,tarsgo-infantry-1,tarsgo-rmuc-2026-region,infantry,22698.717,6664.373,,,,等待复活,0,0.0,none,0,0,False,False,False,dead/respawning,0.0,0.217,823.333
50,tarsgo-infantry-2,tarsgo-rmuc-2026-region,infantry,9416.991,12034.991,support:tarsgo-engineer,9232.0,11850.0,保护工程,1,261.616,active,0,0,True,True,False,moving,0.0,0.217,728.333
50,tarsgo-sentry,tarsgo-rmuc-2026-region,sentry,5612.415,9560.358,defense:red-outpost,6600.0,8160.0,防守前哨站,1,1713.572,active,0,0,True,True,False,moving,0.0,0.017,1900.0
50,tarsgo-drone,tarsgo-rmuc-2026-region,drone,20134.653,2931.702,robot:opponent-engineer,,,空中压制敌方工程,0,0.0,none,0,0,True,True,False,legal wait: no active movement route,0.0,0.0,0.0
50,opponent-hero,opponent-rmuc-2026-region,hero,21799.072,500.0,zone:supply:blue,25994.0,1950.0,前往补给区,2,5553.971,active,0,0,True,True,False,moving,0.0,0.0,1900.0
50,opponent-engineer,opponent-rmuc-2026-region,engineer,18768.0,2450.0,zone:assembly:blue,,,装配科技核心,0,0.0,none,0,0,True,True,False,legal wait: no active movement route,0.0,0.0,0.0
50,opponent-infantry-1,opponent-rmuc-2026-region,infantry,24940.287,3686.617,zone:supply:blue,25724.0,2632.0,前往补给区,1,1313.934,active,0,0,True,True,False,moving,0.0,0.0,1900.0
50,opponent-infantry-2,opponent-rmuc-2026-region,infantry,23275.539,3414.675,zone:supply:blue,25076.0,1268.0,前往补给区,1,2801.762,active,0,0,True,True,False,moving,0.0,0.0,1900.0
50,opponent-sentry,opponent-rmuc-2026-region,sentry,21412.451,6708.081,defense:blue-outpost,,,防守前哨站,0,0.0,none,0,0,True,True,False,legal wait: no active movement route,0.0,0.0,0.0
50,opponent-drone,opponent-rmuc-2026-region,drone,6910.879,13063.293,robot:tarsgo-engineer,,,空中压制敌方工程,0,0.0,none,0,0,True,True,False,legal wait: no active movement route,0.0,0.0,0.0
51,tarsgo-hero,tarsgo-rmuc-2026-region,hero,19834.089,10046.506,structure:blue-outpost,21400.0,7500.0,进攻前哨站,1,2776.28,active,0,0,True,False,False,movement permission or chassis power lock,0.0,0.0,0.0
51,tarsgo-engineer,tarsgo-rmuc-2026-region,engineer,9232.0,12550.0,zone:assembly:red,,,装配科技核心,0,0.0,none,0,0,True,True,False,legal wait: no active movement route,0.0,0.083,0.0
51,tarsgo-infantry-1,tarsgo-rmuc-2026-region,infantry,22698.717,6664.373,,,,等待复活,0,0.0,none,0,0,False,False,False,dead/respawning,0.0,0.217,0.0
51,tarsgo-infantry-2,tarsgo-rmuc-2026-region,infantry,9232.0,11850.0,support:tarsgo-engineer,,,保护工程,0,0.0,none,0,0,True,True,False,legal wait: no active movement route,0.0,0.217,261.616
51,tarsgo-sentry,tarsgo-rmuc-2026-region,sentry,6600.0,8160.0,defense:red-outpost,6600.0,8160.0,防守前哨站,0,0.0,none,0,0,True,True,False,legal wait: no active movement route,0.0,0.017,1713.572
51,tarsgo-drone,tarsgo-rmuc-2026-region,drone,20134.653,2931.702,robot:opponent-engineer,,,空中压制敌方工程,0,0.0,none,0,0,True,True,False,legal wait: no active movement route,0.0,0.0,0.0
51,opponent-hero,opponent-rmuc-2026-region,hero,23699.072,500.0,zone:supply:blue,25994.0,1950.0,前往补给区,2,3653.971,active,0,0,True,True,False,moving,0.0,0.0,1900.0
51,opponent-engineer,opponent-rmuc-2026-region,engineer,18768.0,2450.0,zone:assembly:blue,,,装配科技核心,0,0.0,none,0,0,True,True,False,legal wait: no active movement route,0.0,0.0,0.0
51,opponent-infantry-1,opponent-rmuc-2026-region,infantry,25724.0,2632.0,zone:supply:blue,,,补充弹量,0,0.0,none,0,0,True,True,False,legal wait: no active movement route,0.0,0.0,1313.934
51,opponent-infantry-2,opponent-rmuc-2026-region,infantry,23377.287,3293.362,zone:supply:blue,25076.0,1268.0,前往补给区,1,2643.429,active,0,0,True,False,False,movement permission or chassis power lock,0.0,0.0,158.333
51,opponent-sentry,opponent-rmuc-2026-region,sentry,21412.451,6708.081,defense:blue-outpost,,,防守前哨站,0,0.0,none,0,0,True,True,False,legal wait: no active movement route,0.0,0.0,0.0
51,opponent-drone,opponent-rmuc-2026-region,drone,6910.879,13063.293,robot:tarsgo-engineer,,,空中压制敌方工程,0,0.0,none,0,0,True,True,False,legal wait: no active movement route,0.0,0.0,0.0
52,tarsgo-hero,tarsgo-rmuc-2026-region,hero,19834.089,10046.506,structure:blue-outpost,21400.0,7500.0,进攻前哨站,1,2776.28,active,0,0,True,False,False,movement permission or chassis power lock,0.0,0.0,0.0
52,tarsgo-engineer,tarsgo-rmuc-2026-region,engineer,9232.0,12550.0,zone:assembly:red,,,装配科技核心,0,0.0,none,0,0,True,True,False,legal wait: no active movement route,0.0,0.083,0.0
52,tarsgo-infantry-1,tarsgo-rmuc-2026-region,infantry,22698.717,6664.373,,,,等待复活,0,0.0,none,0,0,False,False,False,dead/respawning,0.0,0.217,0.0
52,tarsgo-infantry-2,tarsgo-rmuc-2026-region,infantry,9232.0,11850.0,support:tarsgo-engineer,,,保护工程,0,0.0,none,0,0,True,True,False,legal wait: no active movement route,0.0,0.217,0.0
52,tarsgo-sentry,tarsgo-rmuc-2026-region,sentry,6600.0,8160.0,defense:red-outpost,,,防守前哨站,0,0.0,none,0,0,True,True,False,legal wait: no active movement route,0.0,0.017,0.0
52,tarsgo-drone,tarsgo-rmuc-2026-region,drone,20134.653,2931.702,robot:opponent-engineer,,,空中压制敌方工程,0,0.0,none,0,0,True,True,False,legal wait: no active movement route,0.0,0.0,0.0
52,opponent-hero,opponent-rmuc-2026-region,hero,24870.739,500.0,zone:supply:blue,,,补充弹量,0,0.0,none,0,0,True,True,False,legal wait: no active movement route,0.0,0.0,1171.667
52,opponent-engineer,opponent-rmuc-2026-region,engineer,18768.0,2450.0,zone:assembly:blue,,,装配科技核心,0,0.0,none,0,0,True,True,False,legal wait: no active movement route,0.0,0.0,0.0
52,opponent-infantry-1,opponent-rmuc-2026-region,infantry,25232.912,3292.841,defense:blue-outpost,21616.0,8160.0,防守前哨站,1,6063.934,active,0,0,True,True,False,moving,0.0,0.0,823.333
52,opponent-infantry-2,opponent-rmuc-2026-region,infantry,23377.287,3293.362,zone:supply:blue,25076.0,1268.0,前往补给区,1,2643.429,active,0,0,True,False,False,movement permission or chassis power lock,0.0,0.0,0.0
52,opponent-sentry,opponent-rmuc-2026-region,sentry,21412.451,6708.081,defense:blue-outpost,,,防守前哨站,0,0.0,none,0,0,True,True,False,legal wait: no active movement route,0.0,0.0,0.0
52,opponent-drone,opponent-rmuc-2026-region,drone,6910.879,13063.293,robot:tarsgo-engineer,,,空中压制敌方工程,0,0.0,none,0,0,True,True,False,legal wait: no active movement route,0.0,0.0,0.0
53,tarsgo-hero,tarsgo-rmuc-2026-region,hero,19834.089,10046.506,structure:blue-outpost,21400.0,7500.0,进攻前哨站,1,2776.28,active,0,0,True,False,False,movement permission or chassis power lock,0.0,0.0,0.0
53,tarsgo-engineer,tarsgo-rmuc-2026-region,engineer,9232.0,12550.0,zone:assembly:red,,,装配科技核心,0,0.0,none,0,0,True,True,False,legal wait: no active movement route,0.0,0.083,0.0
53,tarsgo-infantry-1,tarsgo-rmuc-2026-region,infantry,22698.717,6664.373,,,,等待复活,0,0.0,none,0,0,False,False,False,dead/respawning,0.0,0.217,0.0
53,tarsgo-infantry-2,tarsgo-rmuc-2026-region,infantry,9232.0,11850.0,support:tarsgo-engineer,,,保护工程,0,0.0,none,0,0,True,True,False,legal wait: no active movement route,0.0,0.217,0.0
53,tarsgo-sentry,tarsgo-rmuc-2026-region,sentry,6600.0,8160.0,defense:red-outpost,,,防守前哨站,0,0.0,none,0,0,True,True,False,legal wait: no active movement route,0.0,0.017,0.0
53,tarsgo-drone,tarsgo-rmuc-2026-region,drone,20134.653,2931.702,robot:opponent-engineer,,,空中压制敌方工程,0,0.0,none,0,0,True,True,False,legal wait: no active movement route,0.0,0.0,0.0
53,opponent-hero,opponent-rmuc-2026-region,hero,24870.739,500.0,structure:red-outpost,,,进攻前哨站,0,0.0,searching,2,2,True,True,False,waiting for path search,0.0,0.0,0.0
53,opponent-engineer,opponent-rmuc-2026-region,engineer,18768.0,2450.0,zone:assembly:blue,,,装配科技核心,0,0.0,none,0,0,True,True,False,legal wait: no active movement route,0.0,0.0,0.0
53,opponent-infantry-1,opponent-rmuc-2026-region,infantry,24099.632,4817.858,defense:blue-outpost,21616.0,8160.0,防守前哨站,1,4163.934,active,0,0,True,True,False,moving,0.0,0.0,1900.0
53,opponent-infantry-2,opponent-rmuc-2026-region,infantry,23377.287,3293.362,zone:supply:blue,25076.0,1268.0,前往补给区,1,2643.429,active,0,0,True,False,False,movement permission or chassis power lock,0.0,0.0,0.0
53,opponent-sentry,opponent-rmuc-2026-region,sentry,21412.451,6708.081,defense:blue-outpost,,,防守前哨站,0,0.0,none,0,0,True,True,False,legal wait: no active movement route,0.0,0.0,0.0
53,opponent-drone,opponent-rmuc-2026-region,drone,6910.879,13063.293,robot:tarsgo-engineer,,,空中压制敌方工程,0,0.0,none,0,0,True,True,False,legal wait: no active movement route,0.0,0.0,0.0
54,tarsgo-hero,tarsgo-rmuc-2026-region,hero,20212.515,9175.131,structure:blue-outpost,21400.0,7500.0,进攻前哨站,1,1826.28,active,0,0,True,True,False,moving,0.0,0.0,950.0
54,tarsgo-engineer,tarsgo-rmuc-2026-region,engineer,9232.0,12550.0,zone:assembly:red,,,装配科技核心,0,0.0,none,0,0,True,True,False,legal wait: no active movement route,0.0,0.083,0.0
54,tarsgo-infantry-1,tarsgo-rmuc-2026-region,infantry,22698.717,6664.373,,,,等待复活,0,0.0,none,0,0,False,False,False,dead/respawning,0.0,0.217,0.0
54,tarsgo-infantry-2,tarsgo-rmuc-2026-region,infantry,9232.0,11850.0,support:tarsgo-engineer,,,保护工程,0,0.0,none,0,0,True,True,False,legal wait: no active movement route,0.0,0.217,0.0
54,tarsgo-sentry,tarsgo-rmuc-2026-region,sentry,6600.0,8160.0,defense:red-outpost,,,防守前哨站,0,0.0,none,0,0,True,True,False,legal wait: no active movement route,0.0,0.017,0.0
54,tarsgo-drone,tarsgo-rmuc-2026-region,drone,20134.653,2931.702,robot:opponent-engineer,,,空中压制敌方工程,0,0.0,none,0,0,True,True,False,legal wait: no active movement route,0.0,0.0,0.0
54,opponent-hero,opponent-rmuc-2026-region,hero,23382.406,500.0,structure:red-outpost,6600.0,7500.0,进攻前哨站,2,24282.52,active,0,0,True,True,False,moving,0.0,0.0,1488.333
54,opponent-engineer,opponent-rmuc-2026-region,engineer,18768.0,2450.0,zone:assembly:blue,,,装配科技核心,0,0.0,none,0,0,True,True,False,legal wait: no active movement route,0.0,0.0,0.0
54,opponent-infantry-1,opponent-rmuc-2026-region,infantry,22966.353,6342.875,defense:blue-outpost,21616.0,8160.0,防守前哨站,1,2263.934,active,0,0,True,True,False,moving,0.0,0.0,1900.0
54,opponent-infantry-2,opponent-rmuc-2026-region,infantry,23377.287,3293.362,zone:supply:blue,25076.0,1268.0,前往补给区,1,2643.429,active,0,0,True,False,False,movement permission or chassis power lock,0.0,0.0,0.0
54,opponent-sentry,opponent-rmuc-2026-region,sentry,21412.451,6708.081,defense:blue-outpost,,,防守前哨站,0,0.0,none,0,0,True,True,False,legal wait: no active movement route,0.0,0.0,0.0
54,opponent-drone,opponent-rmuc-2026-region,drone,6910.879,13063.293,robot:tarsgo-engineer,,,空中压制敌方工程,0,0.0,none,0,0,True,True,False,legal wait: no active movement route,0.0,0.0,0.0
55,tarsgo-hero,tarsgo-rmuc-2026-region,hero,19859.317,9988.414,zone:supply:red,2006.0,13050.0,前往补给区,3,20941.526,active,0,0,True,True,False,moving,0.0,0.0,886.667
55,tarsgo-engineer,tarsgo-rmuc-2026-region,engineer,9232.0,12550.0,zone:assembly:red,,,装配科技核心,0,0.0,none,0,0,True,True,False,legal wait: no active movement route,0.0,0.083,0.0
55,tarsgo-infantry-1,tarsgo-rmuc-2026-region,infantry,22698.717,6664.373,,,,等待复活,0,0.0,none,0,0,False,False,False,dead/respawning,0.0,0.217,0.0
55,tarsgo-infantry-2,tarsgo-rmuc-2026-region,infantry,9232.0,11850.0,support:tarsgo-engineer,,,保护工程,0,0.0,none,0,0,True,True,False,legal wait: no active movement route,0.0,0.217,0.0
55,tarsgo-sentry,tarsgo-rmuc-2026-region,sentry,6856.349,7924.159,robot:opponent-hero,22210.739,500.0,追击敌方英雄,3,20241.817,active,0,0,True,True,False,moving,0.0,0.017,348.333
55,tarsgo-drone,tarsgo-rmuc-2026-region,drone,20134.653,2931.702,robot:opponent-engineer,,,空中压制敌方工程,0,0.0,none,0,0,True,True,False,legal wait: no active movement route,0.0,0.0,0.0
55,opponent-hero,opponent-rmuc-2026-region,hero,22210.739,500.0,defense:blue-outpost,,,防守前哨站,0,0.0,none,0,0,True,True,False,legal wait: no active movement route,0.0,0.0,1171.667
55,opponent-engineer,opponent-rmuc-2026-region,engineer,18768.0,2450.0,zone:assembly:blue,,,装配科技核心,0,0.0,none,0,0,True,True,False,legal wait: no active movement route,0.0,0.0,0.0
55,opponent-infantry-1,opponent-rmuc-2026-region,infantry,23031.255,6824.047,defense:blue-outpost,21616.0,8160.0,防守前哨站,1,1946.205,active,0,0,True,True,False,moving,0.0,0.0,485.53
55,opponent-infantry-2,opponent-rmuc-2026-region,infantry,23377.287,3293.362,zone:supply:blue,25076.0,1268.0,前往补给区,1,2643.429,active,0,0,True,False,False,movement permission or chassis power lock,0.0,0.0,0.0
55,opponent-sentry,opponent-rmuc-2026-region,sentry,21412.451,6708.081,defense:blue-outpost,,,防守前哨站,0,0.0,none,0,0,True,True,False,legal wait: no active movement route,0.0,0.0,0.0
55,opponent-drone,opponent-rmuc-2026-region,drone,6910.879,13063.293,robot:tarsgo-engineer,,,空中压制敌方工程,0,0.0,none,0,0,True,True,False,legal wait: no active movement route,0.0,0.0,0.0
56,tarsgo-hero,tarsgo-rmuc-2026-region,hero,19102.466,11731.163,zone:supply:red,2006.0,13050.0,前往补给区,3,19041.526,active,0,0,True,True,False,moving,0.0,0.0,1900.0
56,tarsgo-engineer,tarsgo-rmuc-2026-region,engineer,9232.0,12550.0,zone:assembly:red,,,装配科技核心,0,0.0,none,0,0,True,True,False,legal wait: no active movement route,0.0,0.083,0.0
56,tarsgo-infantry-1,tarsgo-rmuc-2026-region,infantry,22698.717,6664.373,,,,等待复活,0,0.0,none,0,0,False,False,False,dead/respawning,0.0,0.217,0.0
56,tarsgo-infantry-2,tarsgo-rmuc-2026-region,infantry,9232.0,11850.0,support:tarsgo-engineer,,,保护工程,0,0.0,none,0,0,True,True,False,legal wait: no active movement route,0.0,0.217,0.0
56,tarsgo-sentry,tarsgo-rmuc-2026-region,sentry,7703.431,6251.764,robot:opponent-hero,22210.739,500.0,追击敌方英雄,2,18341.817,active,0,0,True,True,False,moving,0.0,0.017,1874.687
56,tarsgo-drone,tarsgo-rmuc-2026-region,drone,20134.653,2931.702,robot:opponent-engineer,,,空中压制敌方工程,0,0.0,none,0,0,True,True,False,legal wait: no active movement route,0.0,0.0,0.0
56,opponent-hero,opponent-rmuc-2026-region,hero,22210.739,500.0,defense:blue-outpost,,,防守前哨站,0,0.0,none,0,0,True,True,False,legal wait: no active movement route,0.0,0.0,0.0
56,opponent-engineer,opponent-rmuc-2026-region,engineer,18768.0,2450.0,zone:assembly:blue,,,装配科技核心,0,0.0,none,0,0,True,True,False,legal wait: no active movement route,0.0,0.0,0.0
56,opponent-infantry-1,opponent-rmuc-2026-region,infantry,22768.765,7695.611,defense:blue-outpost,21616.0,8160.0,防守前哨站,1,1242.789,active,0,0,True,True,False,moving,0.0,0.0,910.233
56,opponent-infantry-2,opponent-rmuc-2026-region,infantry,24455.813,2007.444,zone:supply:blue,,,补充弹量,0,0.0,none,0,0,True,True,False,legal wait: no active movement route,0.0,0.0,1678.333
56,opponent-sentry,opponent-rmuc-2026-region,sentry,21412.451,6708.081,defense:blue-outpost,,,防守前哨站,0,0.0,none,0,0,True,True,False,legal wait: no active movement route,0.0,0.0,0.0
56,opponent-drone,opponent-rmuc-2026-region,drone,6910.879,13063.293,robot:tarsgo-engineer,,,空中压制敌方工程,0,0.0,none,0,0,True,True,False,legal wait: no active movement route,0.0,0.0,0.0
57,tarsgo-hero,tarsgo-rmuc-2026-region,hero,18345.615,13473.913,zone:supply:red,2006.0,13050.0,前往补给区,3,17141.526,active,0,0,True,True,False,moving,0.0,0.0,1900.0
57,tarsgo-engineer,tarsgo-rmuc-2026-region,engineer,9232.0,12550.0,zone:assembly:red,,,装配科技核心,0,0.0,none,0,0,True,True,False,legal wait: no active movement route,0.0,0.083,0.0
57,tarsgo-infantry-1,tarsgo-rmuc-2026-region,infantry,22698.717,6664.373,,,,等待复活,0,0.0,none,0,0,False,False,False,dead/respawning,0.0,0.217,0.0
57,tarsgo-infantry-2,tarsgo-rmuc-2026-region,infantry,9232.0,11850.0,support:tarsgo-engineer,,,保护工程,0,0.0,none,0,0,True,True,False,legal wait: no active movement route,0.0,0.217,0.0
57,tarsgo-sentry,tarsgo-rmuc-2026-region,sentry,8434.201,4497.918,robot:opponent-hero,22210.739,500.0,追击敌方英雄,2,16441.817,active,0,0,True,True,False,moving,0.0,0.017,1900.0
57,tarsgo-drone,tarsgo-rmuc-2026-region,drone,20134.653,2931.702,robot:opponent-engineer,,,空中压制敌方工程,0,0.0,none,0,0,True,True,False,legal wait: no active movement route,0.0,0.0,0.0
57,opponent-hero,opponent-rmuc-2026-region,hero,22210.739,500.0,defense:blue-outpost,,,防守前哨站,0,0.0,none,0,0,True,True,False,legal wait: no active movement route,0.0,0.0,0.0
57,opponent-engineer,opponent-rmuc-2026-region,engineer,18768.0,2450.0,zone:assembly:blue,,,装配科技核心,0,0.0,none,0,0,True,True,False,legal wait: no active movement route,0.0,0.0,0.0
57,opponent-infantry-1,opponent-rmuc-2026-region,infantry,21616.0,8160.0,defense:blue-outpost,,,防守前哨站,0,0.0,none,0,0,True,True,False,legal wait: no active movement route,0.0,0.0,1242.789
57,opponent-infantry-2,opponent-rmuc-2026-region,infantry,24171.76,2426.998,defense:blue-outpost,21184.0,6840.0,防守前哨站,1,5329.287,active,0,0,True,True,False,moving,0.0,0.0,506.667
57,opponent-sentry,opponent-rmuc-2026-region,sentry,21412.451,6708.081,defense:blue-outpost,,,防守前哨站,0,0.0,none,0,0,True,True,False,legal wait: no active movement route,0.0,0.0,0.0
57,opponent-drone,opponent-rmuc-2026-region,drone,6910.879,13063.293,robot:tarsgo-engineer,,,空中压制敌方工程,0,0.0,none,0,0,True,True,False,legal wait: no active movement route,0.0,0.0,0.0
58,tarsgo-hero,tarsgo-rmuc-2026-region,hero,17118.672,14500.0,zone:supply:red,2006.0,13050.0,前往补给区,2,15241.526,active,0,0,True,True,False,moving,0.0,0.0,1599.451
58,tarsgo-engineer,tarsgo-rmuc-2026-region,engineer,9232.0,12550.0,zone:assembly:red,,,装配科技核心,0,0.0,none,0,0,True,True,False,legal wait: no active movement route,0.0,0.083,0.0
58,tarsgo-infantry-1,tarsgo-rmuc-2026-region,infantry,22698.717,6664.373,,,,等待复活,0,0.0,none,0,0,False,False,False,dead/respawning,0.0,0.217,0.0
58,tarsgo-infantry-2,tarsgo-rmuc-2026-region,infantry,9232.0,11850.0,support:tarsgo-engineer,,,保护工程,0,0.0,none,0,0,True,True,False,legal wait: no active movement route,0.0,0.217,0.0
58,tarsgo-sentry,tarsgo-rmuc-2026-region,sentry,8870.679,3444.778,defense:red-outpost,6600.0,8160.0,防守前哨站,2,5361.104,active,0,0,True,True,False,moving,0.0,0.017,1140.008
58,tarsgo-drone,tarsgo-rmuc-2026-region,drone,20134.653,2931.702,robot:opponent-engineer,,,空中压制敌方工程,0,0.0,none,0,0,True,True,False,legal wait: no active movement route,0.0,0.0,0.0
58,opponent-hero,opponent-rmuc-2026-region,hero,22210.739,500.0,defense:blue-outpost,,,防守前哨站,0,0.0,none,0,0,True,True,False,legal wait: no active movement route,0.0,0.0,0.0
58,opponent-engineer,opponent-rmuc-2026-region,engineer,18768.0,2450.0,zone:assembly:blue,,,装配科技核心,0,0.0,none,0,0,True,True,False,legal wait: no active movement route,0.0,0.0,0.0
58,opponent-infantry-1,opponent-rmuc-2026-region,infantry,21616.0,8160.0,defense:blue-outpost,,,防守前哨站,0,0.0,none,0,0,True,True,False,legal wait: no active movement route,0.0,0.0,0.0
58,opponent-infantry-2,opponent-rmuc-2026-region,infantry,23106.563,4000.323,defense:blue-outpost,21184.0,6840.0,防守前哨站,1,3429.287,active,0,0,True,True,False,moving,0.0,0.0,1900.0
58,opponent-sentry,opponent-rmuc-2026-region,sentry,21412.451,6708.081,defense:blue-outpost,,,防守前哨站,0,0.0,none,0,0,True,True,False,legal wait: no active movement route,0.0,0.0,0.0
58,opponent-drone,opponent-rmuc-2026-region,drone,6910.879,13063.293,robot:tarsgo-engineer,,,空中压制敌方工程,0,0.0,none,0,0,True,True,False,legal wait: no active movement route,0.0,0.0,0.0
59,tarsgo-hero,tarsgo-rmuc-2026-region,hero,15218.672,14500.0,zone:supply:red,2006.0,13050.0,前往补给区,2,13341.526,active,0,0,True,True,False,moving,0.0,0.0,1900.0
59,tarsgo-engineer,tarsgo-rmuc-2026-region,engineer,9232.0,12550.0,zone:assembly:red,,,装配科技核心,0,0.0,none,0,0,True,True,False,legal wait: no active movement route,0.0,0.083,0.0
59,tarsgo-infantry-1,tarsgo-rmuc-2026-region,infantry,22698.717,6664.373,,,,等待复活,0,0.0,none,0,0,False,False,False,dead/respawning,0.0,0.217,0.0
59,tarsgo-infantry-2,tarsgo-rmuc-2026-region,infantry,9232.0,11850.0,support:tarsgo-engineer,,,保护工程,0,0.0,none,0,0,True,True,False,legal wait: no active movement route,0.0,0.217,0.0
59,tarsgo-sentry,tarsgo-rmuc-2026-region,sentry,8129.993,5194.459,defense:red-outpost,6600.0,8160.0,防守前哨站,2,3461.104,active,0,0,True,True,False,moving,0.0,0.017,1900.0
59,tarsgo-drone,tarsgo-rmuc-2026-region,drone,20134.653,2931.702,robot:opponent-engineer,,,空中压制敌方工程,0,0.0,none,0,0,True,True,False,legal wait: no active movement route,0.0,0.0,0.0
59,opponent-hero,opponent-rmuc-2026-region,hero,22210.739,500.0,structure:red-outpost,,,进攻前哨站,0,0.0,searching,2,2,True,True,False,waiting for path search,0.0,0.0,0.0
59,opponent-engineer,opponent-rmuc-2026-region,engineer,18768.0,2450.0,zone:assembly:blue,,,装配科技核心,0,0.0,none,0,0,True,True,False,legal wait: no active movement route,0.0,0.0,0.0
59,opponent-infantry-1,opponent-rmuc-2026-region,infantry,20959.48,9280.112,robot:tarsgo-hero,16548.672,14500.0,追击敌方英雄,2,7401.753,active,0,0,True,True,False,moving,0.0,0.0,1298.333
59,opponent-infantry-2,opponent-rmuc-2026-region,infantry,22041.365,5573.649,defense:blue-outpost,21184.0,6840.0,防守前哨站,1,1529.287,active,0,0,True,True,False,moving,0.0,0.0,1900.0
59,opponent-sentry,opponent-rmuc-2026-region,sentry,21412.451,6708.081,defense:blue-outpost,,,防守前哨站,0,0.0,none,0,0,True,True,False,legal wait: no active movement route,0.0,0.0,0.0
59,opponent-drone,opponent-rmuc-2026-region,drone,6910.879,13063.293,robot:tarsgo-engineer,,,空中压制敌方工程,0,0.0,none,0,0,True,True,False,legal wait: no active movement route,0.0,0.0,0.0
60,tarsgo-hero,tarsgo-rmuc-2026-region,hero,13318.672,14500.0,zone:supply:red,2006.0,13050.0,前往补给区,2,11441.526,active,0,0,True,True,False,moving,0.0,0.0,1900.0
60,tarsgo-engineer,tarsgo-rmuc-2026-region,engineer,9232.0,12550.0,zone:assembly:red,,,装配科技核心,0,0.0,none,0,0,True,True,False,legal wait: no active movement route,0.0,0.083,0.0
60,tarsgo-infantry-1,tarsgo-rmuc-2026-region,infantry,22698.717,6664.373,,,,等待复活,0,0.0,none,0,0,False,False,False,dead/respawning,0.0,0.217,0.0
60,tarsgo-infantry-2,tarsgo-rmuc-2026-region,infantry,9232.0,11850.0,support:tarsgo-engineer,,,保护工程,0,0.0,none,0,0,True,True,False,legal wait: no active movement route,0.0,0.217,0.0
60,tarsgo-sentry,tarsgo-rmuc-2026-region,sentry,7389.306,6944.14,defense:red-outpost,6600.0,8160.0,防守前哨站,2,1561.104,active,0,0,True,True,False,moving,0.0,0.017,1900.0
60,tarsgo-drone,tarsgo-rmuc-2026-region,drone,20134.653,2931.702,robot:opponent-engineer,,,空中压制敌方工程,0,0.0,none,0,0,True,True,False,legal wait: no active movement route,0.0,0.0,0.0
60,opponent-hero,opponent-rmuc-2026-region,hero,20690.739,500.0,structure:red-outpost,6600.0,7500.0,进攻前哨站,2,21590.853,active,0,0,True,True,False,moving,0.0,0.0,1520.0
60,opponent-engineer,opponent-rmuc-2026-region,engineer,18768.0,2450.0,zone:assembly:blue,,,装配科技核心,0,0.0,none,0,0,True,True,False,legal wait: no active movement route,0.0,0.0,0.0
60,opponent-infantry-1,opponent-rmuc-2026-region,infantry,19998.719,10919.3,robot:tarsgo-hero,13698.672,14500.0,追击敌方英雄,2,8351.753,active,0,0,True,True,False,moving,0.0,0.0,1900.0
60,opponent-infantry-2,opponent-rmuc-2026-region,infantry,21308.945,5621.225,defense:blue-outpost,21184.0,6840.0,防守前哨站,1,1225.163,active,0,0,True,True,False,moving,0.0,0.0,733.964
60,opponent-sentry,opponent-rmuc-2026-region,sentry,21412.451,6708.081,defense:blue-outpost,,,防守前哨站,0,0.0,none,0,0,True,True,False,legal wait: no active movement route,0.0,0.0,0.0
60,opponent-drone,opponent-rmuc-2026-region,drone,6910.879,13063.293,robot:tarsgo-engineer,,,空中压制敌方工程,0,0.0,none,0,0,True,True,False,legal wait: no active movement route,0.0,0.0,0.0
61,tarsgo-hero,tarsgo-rmuc-2026-region,hero,11418.672,14500.0,zone:supply:red,2006.0,13050.0,前往补给区,2,9541.526,active,0,0,True,True,False,moving,0.0,0.0,1900.0
61,tarsgo-engineer,tarsgo-rmuc-2026-region,engineer,9232.0,12550.0,zone:assembly:red,,,装配科技核心,0,0.0,none,0,0,True,True,False,legal wait: no active movement route,0.0,0.083,0.0
61,tarsgo-infantry-1,tarsgo-rmuc-2026-region,infantry,22698.717,6664.373,,,,等待复活,0,0.0,none,0,0,False,False,False,dead/respawning,0.0,0.217,0.0
61,tarsgo-infantry-2,tarsgo-rmuc-2026-region,infantry,9232.0,11850.0,support:tarsgo-engineer,,,保护工程,0,0.0,none,0,0,True,True,False,legal wait: no active movement route,0.0,0.217,0.0
61,tarsgo-sentry,tarsgo-rmuc-2026-region,sentry,6640.306,8151.939,defense:red-outpost,,,防守前哨站,0,0.0,none,0,0,True,True,False,legal wait: no active movement route,0.0,0.017,1421.19
61,tarsgo-drone,tarsgo-rmuc-2026-region,drone,20134.653,2931.702,robot:opponent-engineer,,,空中压制敌方工程,0,0.0,none,0,0,True,True,False,legal wait: no active movement route,0.0,0.0,0.0
61,opponent-hero,opponent-rmuc-2026-region,hero,18790.739,500.0,structure:red-outpost,6600.0,7500.0,进攻前哨站,2,19690.853,active,0,0,True,True,False,moving,0.0,0.0,1900.0
61,opponent-engineer,opponent-rmuc-2026-region,engineer,18768.0,2450.0,zone:assembly:blue,,,装配科技核心,0,0.0,none,0,0,True,True,False,legal wait: no active movement route,0.0,0.0,0.0
61,opponent-infantry-1,opponent-rmuc-2026-region,infantry,19037.958,12558.489,robot:tarsgo-hero,12273.672,14500.0,追击敌方英雄,2,7876.753,active,0,0,True,True,False,moving,0.0,0.0,1900.0
61,opponent-infantry-2,opponent-rmuc-2026-region,infantry,20716.448,6081.942,defense:blue-outpost,21184.0,6840.0,防守前哨站,1,890.65,active,0,0,True,True,False,moving,0.0,0.0,750.541
61,opponent-sentry,opponent-rmuc-2026-region,sentry,21412.451,6708.081,defense:blue-outpost,,,防守前哨站,0,0.0,none,0,0,True,True,False,legal wait: no active movement route,0.0,0.0,0.0
61,opponent-drone,opponent-rmuc-2026-region,drone,6910.879,13063.293,robot:tarsgo-engineer,,,空中压制敌方工程,0,0.0,none,0,0,True,True,False,legal wait: no active movement route,0.0,0.0,0.0
62,tarsgo-hero,tarsgo-rmuc-2026-region,hero,9527.782,14397.49,zone:supply:red,2006.0,13050.0,前往补给区,1,7641.526,active,0,0,True,True,False,moving,0.0,0.0,1893.667
62,tarsgo-engineer,tarsgo-rmuc-2026-region,engineer,7429.142,12637.916,zone:resource:red,3080.0,12850.0,获取能量单元,1,4354.31,active,0,0,True,True,False,moving,0.0,0.083,1805.0
62,tarsgo-infantry-1,tarsgo-rmuc-2026-region,infantry,22698.717,6664.373,,,,等待复活,0,0.0,none,0,0,False,False,False,dead/respawning,0.0,0.217,0.0
62,tarsgo-infantry-2,tarsgo-rmuc-2026-region,infantry,9448.855,12512.056,robot:opponent-infantry-1,19053.971,12531.169,追击敌方步兵,3,12173.96,active,0,0,True,True,False,moving,0.0,0.217,696.667
62,tarsgo-sentry,tarsgo-rmuc-2026-region,sentry,7168.726,7535.057,robot:opponent-hero,17745.739,500.0,追击敌方英雄,2,15267.051,active,0,0,True,True,False,moving,0.0,0.017,812.263
62,tarsgo-drone,tarsgo-rmuc-2026-region,drone,20134.653,2931.702,robot:opponent-engineer,,,空中压制敌方工程,0,0.0,none,0,0,True,True,False,legal wait: no active movement route,0.0,0.0,0.0
62,opponent-hero,opponent-rmuc-2026-region,hero,16890.739,500.0,structure:red-outpost,6600.0,7500.0,进攻前哨站,2,17790.853,active,0,0,True,True,False,moving,0.0,0.0,1900.0
62,opponent-engineer,opponent-rmuc-2026-region,engineer,19843.389,2397.559,zone:resource:blue,24920.0,2150.0,获取能量单元,1,5082.644,active,0,0,True,True,False,moving,0.0,0.0,1076.667
62,opponent-infantry-1,opponent-rmuc-2026-region,infantry,19422.263,11902.813,defense:blue-outpost,21616.0,8160.0,防守前哨站,1,4338.333,active,0,0,True,True,False,moving,0.0,0.0,760.0
62,opponent-infantry-2,opponent-rmuc-2026-region,infantry,20604.113,6753.553,defense:blue-outpost,21184.0,6840.0,防守前哨站,1,586.295,active,0,0,True,True,False,moving,0.0,0.0,680.941
62,opponent-sentry,opponent-rmuc-2026-region,sentry,21412.451,6708.081,defense:blue-outpost,,,防守前哨站,0,0.0,none,0,0,True,True,False,legal wait: no active movement route,0.0,0.0,0.0
62,opponent-drone,opponent-rmuc-2026-region,drone,6910.879,13063.293,robot:tarsgo-engineer,,,空中压制敌方工程,0,0.0,none,0,0,True,True,False,legal wait: no active movement route,0.0,0.0,0.0
63,tarsgo-hero,tarsgo-rmuc-2026-region,hero,7657.555,14062.448,zone:supply:red,2006.0,13050.0,前往补给区,1,5741.526,active,0,0,True,True,False,moving,0.0,0.0,1900.0
63,tarsgo-engineer,tarsgo-rmuc-2026-region,engineer,5531.397,12730.459,zone:resource:red,3080.0,12850.0,获取能量单元,1,2454.31,active,0,0,True,True,False,moving,0.0,0.083,1900.0
63,tarsgo-infantry-1,tarsgo-rmuc-2026-region,infantry,22698.717,6664.373,,,,等待复活,0,0.0,none,0,0,False,False,False,dead/respawning,0.0,0.217,0.0
63,tarsgo-infantry-2,tarsgo-rmuc-2026-region,infantry,10040.276,14317.664,robot:opponent-infantry-1,19774.542,11301.778,追击敌方步兵,3,11698.96,active,0,0,True,True,False,moving,0.0,0.217,1900.0
63,tarsgo-sentry,tarsgo-rmuc-2026-region,sentry,7899.495,5781.211,robot:opponent-hero,16320.739,500.0,追击敌方英雄,2,11942.051,active,0,0,True,True,False,moving,0.0,0.017,1900.0
63,tarsgo-drone,tarsgo-rmuc-2026-region,drone,20134.653,2931.702,robot:opponent-engineer,,,空中压制敌方工程,0,0.0,none,0,0,True,True,False,legal wait: no active movement route,0.0,0.0,0.0
63,opponent-hero,opponent-rmuc-2026-region,hero,14990.739,500.0,structure:red-outpost,6600.0,7500.0,进攻前哨站,2,15890.853,active,0,0,True,True,False,moving,0.0,0.0,1900.0
63,opponent-engineer,opponent-rmuc-2026-region,engineer,21741.134,2305.016,zone:resource:blue,24920.0,2150.0,获取能量单元,1,3182.644,active,0,0,True,True,False,moving,0.0,0.0,1900.0
63,opponent-infantry-1,opponent-rmuc-2026-region,infantry,20383.024,10263.625,defense:blue-outpost,21616.0,8160.0,防守前哨站,1,2438.333,active,0,0,True,True,False,moving,0.0,0.0,1900.0
63,opponent-infantry-2,opponent-rmuc-2026-region,infantry,20900.634,7044.92,defense:blue-outpost,21184.0,6840.0,防守前哨站,1,349.698,active,0,0,True,True,False,moving,0.0,0.0,415.716
63,opponent-sentry,opponent-rmuc-2026-region,sentry,21412.451,6708.081,defense:blue-outpost,,,防守前哨站,0,0.0,none,0,0,True,True,False,legal wait: no active movement route,0.0,0.0,0.0
63,opponent-drone,opponent-rmuc-2026-region,drone,6910.879,13063.293,robot:tarsgo-engineer,,,空中压制敌方工程,0,0.0,none,0,0,True,True,False,legal wait: no active movement route,0.0,0.0,0.0
64,tarsgo-hero,tarsgo-rmuc-2026-region,hero,5787.329,13727.406,zone:supply:red,2006.0,13050.0,前往补给区,1,3841.526,active,0,0,True,True,False,moving,0.0,0.0,1900.0
64,tarsgo-engineer,tarsgo-rmuc-2026-region,engineer,3633.652,12823.001,zone:resource:red,3080.0,12850.0,获取能量单元,1,554.31,active,0,0,True,True,False,moving,0.0,0.083,1900.0
64,tarsgo-infantry-1,tarsgo-rmuc-2026-region,infantry,22698.717,6664.373,,,,等待复活,0,0.0,none,0,0,False,False,False,dead/respawning,0.0,0.217,0.0
64,tarsgo-infantry-2,tarsgo-rmuc-2026-region,infantry,11808.132,14500.0,robot:opponent-infantry-1,21215.683,8842.995,追击敌方步兵,2,12648.96,active,0,0,True,True,False,moving,0.0,0.217,1777.234
64,tarsgo-sentry,tarsgo-rmuc-2026-region,sentry,8630.265,4027.365,robot:opponent-hero,13470.739,500.0,追击敌方英雄,2,7192.051,active,0,0,True,True,False,moving,0.0,0.017,1900.0
64,tarsgo-drone,tarsgo-rmuc-2026-region,drone,20134.653,2931.702,robot:opponent-engineer,,,空中压制敌方工程,0,0.0,none,0,0,True,True,False,legal wait: no active movement route,0.0,0.0,0.0
64,opponent-hero,opponent-rmuc-2026-region,hero,13090.739,500.0,structure:red-outpost,6600.0,7500.0,进攻前哨站,2,13990.853,active,0,0,True,True,False,moving,0.0,0.0,1900.0
64,opponent-engineer,opponent-rmuc-2026-region,engineer,23638.879,2212.473,zone:resource:blue,24920.0,2150.0,获取能量单元,1,1282.644,active,0,0,True,True,False,moving,0.0,0.0,1900.0
64,opponent-infantry-1,opponent-rmuc-2026-region,infantry,21343.784,8624.437,defense:blue-outpost,21616.0,8160.0,防守前哨站,1,538.333,active,0,0,True,True,False,moving,0.0,0.0,1900.0
64,opponent-infantry-2,opponent-rmuc-2026-region,infantry,21121.413,6968.028,defense:blue-outpost,21184.0,6840.0,防守前哨站,1,142.507,active,0,0,True,True,False,moving,0.0,0.0,233.786
64,opponent-sentry,opponent-rmuc-2026-region,sentry,21412.451,6708.081,defense:blue-outpost,,,防守前哨站,0,0.0,none,0,0,True,True,False,legal wait: no active movement route,0.0,0.0,0.0
64,opponent-drone,opponent-rmuc-2026-region,drone,6406.513,13015.067,robot:tarsgo-engineer,4139.718,12798.323,空中压制敌方工程,1,2277.134,active,0,0,True,True,False,moving,0.0,0.0,506.667
65,tarsgo-hero,tarsgo-rmuc-2026-region,hero,3917.102,13392.364,zone:supply:red,2006.0,13050.0,前往补给区,1,1941.526,active,0,0,True,True,False,moving,0.0,0.0,1900.0
65,tarsgo-engineer,tarsgo-rmuc-2026-region,engineer,3459.549,12831.491,zone:assembly:red,9232.0,12550.0,装配科技核心,1,5779.31,active,0,0,True,True,False,moving,0.0,0.083,174.31
65,tarsgo-infantry-1,tarsgo-rmuc-2026-region,infantry,22467.179,7042.44,zone:supply:red,2276.0,12368.0,回撤补给,3,24654.238,active,0,0,True,True,False,moving,0.0,0.217,443.333
65,tarsgo-infantry-2,tarsgo-rmuc-2026-region,infantry,13708.132,14500.0,robot:opponent-infantry-2,20573.907,7048.09,追击敌方步兵,2,12108.984,active,0,0,True,True,False,moving,0.0,0.217,1900.0
65,tarsgo-sentry,tarsgo-rmuc-2026-region,sentry,9361.034,2273.519,robot:opponent-hero,12045.739,500.0,追击敌方英雄,2,3867.051,active,0,0,True,True,False,moving,0.0,0.017,1900.0
65,tarsgo-drone,tarsgo-rmuc-2026-region,drone,21783.594,2620.135,robot:opponent-engineer,24920.0,2150.0,空中压制敌方工程,1,3171.446,active,0,0,True,True,False,moving,0.0,0.0,1678.118
65,opponent-hero,opponent-rmuc-2026-region,hero,11190.739,500.0,structure:red-outpost,6600.0,7500.0,进攻前哨站,2,12090.853,active,0,0,True,True,False,moving,0.0,0.0,1900.0
65,opponent-engineer,opponent-rmuc-2026-region,engineer,24920.0,2150.0,zone:resource:blue,24920.0,2150.0,获取能量单元,0,0.0,none,0,0,True,True,False,legal wait: no active movement route,0.0,0.0,1282.644
65,opponent-infantry-1,opponent-rmuc-2026-region,infantry,21616.0,8160.0,defense:blue-outpost,,,防守前哨站,0,0.0,none,0,0,True,True,False,legal wait: no active movement route,0.0,0.0,538.333
65,opponent-infantry-2,opponent-rmuc-2026-region,infantry,20985.355,7037.044,defense:blue-outpost,21184.0,6840.0,防守前哨站,2,1603.795,active,0,0,True,True,False,moving,0.0,0.0,152.562
65,opponent-sentry,opponent-rmuc-2026-region,sentry,21412.451,6708.081,defense:blue-outpost,,,防守前哨站,0,0.0,none,0,0,True,True,False,legal wait: no active movement route,0.0,0.0,0.0
65,opponent-drone,opponent-rmuc-2026-region,drone,5996.181,13136.146,robot:tarsgo-infantry-1,22698.717,6664.373,空中压制残血目标,3,21303.042,active,0,0,True,True,False,moving,0.0,0.0,427.823
66,tarsgo-hero,tarsgo-rmuc-2026-region,hero,3013.159,13230.428,zone:supply:red,,,补充弹量,0,0.0,none,0,0,True,True,False,legal wait: no active movement route,0.0,0.0,918.333
66,tarsgo-engineer,tarsgo-rmuc-2026-region,engineer,5357.294,12738.949,zone:assembly:red,9232.0,12550.0,装配科技核心,1,3879.31,active,0,0,True,True,False,moving,0.0,0.083,1900.0
66,tarsgo-infantry-1,tarsgo-rmuc-2026-region,infantry,22764.801,7793.163,zone:supply:red,2276.0,12368.0,回撤补给,4,24194.684,active,0,0,True,True,False,moving,0.0,0.217,807.566
66,tarsgo-infantry-2,tarsgo-rmuc-2026-region,infantry,15608.132,14500.0,robot:opponent-infantry-2,20660.409,7580.766,追击敌方步兵,2,9741.409,active,0,0,True,True,False,moving,0.0,0.217,1900.0
66,tarsgo-sentry,tarsgo-rmuc-2026-region,sentry,10091.803,519.673,robot:opponent-hero,10969.072,500.0,追击敌方英雄,2,890.384,active,0,0,True,True,False,moving,0.0,0.017,1900.0
66,tarsgo-drone,tarsgo-rmuc-2026-region,drone,22942.315,2446.447,robot:opponent-engineer,,,空中压制敌方工程,0,0.0,none,0,0,True,True,False,legal wait: no active movement route,0.0,0.0,1171.667
66,opponent-hero,opponent-rmuc-2026-region,hero,10969.072,500.0,defense:blue-outpost,,,防守前哨站,0,0.0,none,0,0,True,True,False,legal wait: no active movement route,0.0,0.0,221.667
66,opponent-engineer,opponent-rmuc-2026-region,engineer,23370.175,2225.577,zone:assembly:blue,18768.0,2450.0,装配科技核心,1,4607.644,active,0,0,True,True,False,moving,0.0,0.0,1551.667
66,opponent-infantry-1,opponent-rmuc-2026-region,infantry,21616.0,8160.0,defense:blue-outpost,,,防守前哨站,0,0.0,none,0,0,True,True,False,legal wait: no active movement route,0.0,0.0,0.0
66,opponent-infantry-2,opponent-rmuc-2026-region,infantry,20710.375,6996.219,defense:blue-outpost,21184.0,6840.0,防守前哨站,2,1382.097,active,0,0,True,True,False,moving,0.0,0.0,277.994
66,opponent-sentry,opponent-rmuc-2026-region,sentry,21412.451,6708.081,defense:blue-outpost,,,防守前哨站,0,0.0,none,0,0,True,True,False,legal wait: no active movement route,0.0,0.0,0.0
66,opponent-drone,opponent-rmuc-2026-region,drone,7807.413,13710.114,robot:tarsgo-infantry-1,22235.642,7420.508,空中压制残血目标,3,18516.375,searching,1,1,True,True,False,moving,0.0,0.0,1900.0
67,tarsgo-hero,tarsgo-rmuc-2026-region,hero,3013.159,13230.428,structure:blue-outpost,,,进攻前哨站,0,0.0,searching,2,2,True,True,False,waiting for path search,0.0,0.0,0.0
67,tarsgo-engineer,tarsgo-rmuc-2026-region,engineer,7255.039,12646.406,zone:assembly:red,9232.0,12550.0,装配科技核心,1,1979.31,active,0,0,True,True,False,moving,0.0,0.083,1900.0
67,tarsgo-infantry-1,tarsgo-rmuc-2026-region,infantry,21649.21,9331.168,zone:supply:red,2276.0,12368.0,回撤补给,3,22294.684,active,0,0,True,True,False,moving,0.0,0.217,1900.0
67,tarsgo-infantry-2,tarsgo-rmuc-2026-region,infantry,17508.132,14500.0,robot:opponent-infantry-2,20859.487,7182.517,追击敌方步兵,2,8285.164,active,0,0,True,True,False,moving,0.0,0.217,1900.0
67,tarsgo-sentry,tarsgo-rmuc-2026-region,sentry,10085.995,703.583,defense:red-outpost,6600.0,8160.0,防守前哨站,2,8359.36,active,0,0,True,True,False,moving,0.0,0.017,184.002
67,tarsgo-drone,tarsgo-rmuc-2026-region,drone,22942.315,2446.447,robot:opponent-engineer,,,空中压制敌方工程,0,0.0,none,0,0,True,True,False,legal wait: no active movement route,0.0,0.0,0.0
67,opponent-hero,opponent-rmuc-2026-region,hero,10969.072,500.0,,,,等待复活,0,0.0,none,0,0,False,False,False,dead/respawning,0.0,0.0,0.0
67,opponent-engineer,opponent-rmuc-2026-region,engineer,21472.43,2318.119,zone:assembly:blue,18768.0,2450.0,装配科技核心,1,2707.644,active,0,0,True,True,False,moving,0.0,0.0,1900.0
67,opponent-infantry-1,opponent-rmuc-2026-region,infantry,21616.0,8160.0,defense:blue-outpost,,,防守前哨站,0,0.0,none,0,0,True,True,False,legal wait: no active movement route,0.0,0.0,0.0
67,opponent-infantry-2,opponent-rmuc-2026-region,infantry,20717.897,7392.588,defense:blue-outpost,21184.0,6840.0,防守前哨站,2,1165.266,active,0,0,True,True,False,moving,0.0,0.0,396.441
67,opponent-sentry,opponent-rmuc-2026-region,sentry,21412.451,6708.081,defense:blue-outpost,,,防守前哨站,0,0.0,none,0,0,True,True,False,legal wait: no active movement route,0.0,0.0,0.0
67,opponent-drone,opponent-rmuc-2026-region,drone,9618.645,14284.083,robot:tarsgo-infantry-1,21946.701,8921.033,空中压制残血目标,3,15206.821,active,0,0,True,True,False,moving,0.0,0.0,1900.0
68,tarsgo-hero,tarsgo-rmuc-2026-region,hero,4449.324,13473.964,structure:blue-outpost,21400.0,7500.0,进攻前哨站,3,21168.673,active,0,0,True,True,False,moving,0.0,0.0,1456.667
68,tarsgo-engineer,tarsgo-rmuc-2026-region,engineer,9152.784,12553.863,zone:assembly:red,9232.0,12550.0,装配科技核心,1,79.31,active,0,0,True,True,False,moving,0.0,0.083,1900.0
68,tarsgo-infantry-1,tarsgo-rmuc-2026-region,infantry,20533.619,10869.172,zone:supply:red,2276.0,12368.0,回撤补给,3,20394.684,active,0,0,True,True,False,moving,0.0,0.217,1900.0
68,tarsgo-infantry-2,tarsgo-rmuc-2026-region,infantry,18567.295,13153.137,robot:opponent-infantry-1,21616.0,8160.0,追击敌方步兵,1,5850.301,active,0,0,True,True,False,moving,0.0,0.217,1713.437
68,tarsgo-sentry,tarsgo-rmuc-2026-region,sentry,9334.34,2448.58,defense:red-outpost,6600.0,8160.0,防守前哨站,2,6459.36,active,0,0,True,True,False,moving,0.0,0.017,1900.0
68,tarsgo-drone,tarsgo-rmuc-2026-region,drone,22689.012,2442.533,robot:opponent-engineer,19827.718,2398.323,空中压制敌方工程,1,2861.636,active,0,0,True,True,False,moving,0.0,0.0,253.333
68,opponent-hero,opponent-rmuc-2026-region,hero,10969.072,500.0,,,,等待复活,0,0.0,none,0,0,False,False,False,dead/respawning,0.0,0.0,0.0
68,opponent-engineer,opponent-rmuc-2026-region,engineer,19574.685,2410.662,zone:assembly:blue,18768.0,2450.0,装配科技核心,1,807.644,active,0,0,True,True,False,moving,0.0,0.0,1900.0
68,opponent-infantry-1,opponent-rmuc-2026-region,infantry,21616.0,8160.0,defense:blue-outpost,,,防守前哨站,0,0.0,none,0,0,True,True,False,legal wait: no active movement route,0.0,0.0,0.0
68,opponent-infantry-2,opponent-rmuc-2026-region,infantry,20259.942,7036.134,defense:blue-outpost,21184.0,6840.0,防守前哨站,1,944.644,active,0,0,True,True,False,moving,0.0,0.0,580.33
68,opponent-sentry,opponent-rmuc-2026-region,sentry,21412.451,6708.081,defense:blue-outpost,,,防守前哨站,0,0.0,none,0,0,True,True,False,legal wait: no active movement route,0.0,0.0,0.0
68,opponent-drone,opponent-rmuc-2026-region,drone,11485.252,14500.0,robot:tarsgo-infantry-1,21110.008,10074.536,空中压制残血目标,2,11881.821,active,0,0,True,True,False,moving,0.0,0.0,1879.053
69,tarsgo-hero,tarsgo-rmuc-2026-region,hero,6322.582,13791.619,structure:blue-outpost,21400.0,7500.0,进攻前哨站,3,19268.673,active,0,0,True,True,False,moving,0.0,0.0,1900.0
69,tarsgo-engineer,tarsgo-rmuc-2026-region,engineer,9232.0,12550.0,zone:assembly:red,,,装配科技核心,0,0.0,none,0,0,True,True,False,legal wait: no active movement route,0.0,0.083,79.31
69,tarsgo-infantry-1,tarsgo-rmuc-2026-region,infantry,19418.029,12407.176,zone:supply:red,2276.0,12368.0,回撤补给,3,18494.684,active,0,0,True,True,False,moving,0.0,0.217,1900.0
69,tarsgo-infantry-2,tarsgo-rmuc-2026-region,infantry,19557.422,11531.518,robot:opponent-infantry-1,21616.0,8160.0,追击敌方步兵,1,3950.301,active,0,0,True,True,False,moving,0.0,0.217,1900.0
69,tarsgo-sentry,tarsgo-rmuc-2026-region,sentry,8582.685,4193.577,defense:red-outpost,6600.0,8160.0,防守前哨站,2,4559.36,active,0,0,True,True,False,moving,0.0,0.017,1900.0
69,tarsgo-drone,tarsgo-rmuc-2026-region,drone,20789.183,2431.205,robot:opponent-engineer,18768.0,2450.0,空中压制敌方工程,1,2021.271,active,0,0,True,True,False,moving,0.0,0.0,1899.862
69,opponent-hero,opponent-rmuc-2026-region,hero,10969.072,500.0,,,,等待复活,0,0.0,none,0,0,False,False,False,dead/respawning,0.0,0.0,0.0
69,opponent-engineer,opponent-rmuc-2026-region,engineer,18768.0,2450.0,zone:assembly:blue,,,装配科技核心,0,0.0,none,0,0,True,True,False,legal wait: no active movement route,0.0,0.0,807.644
69,opponent-infantry-1,opponent-rmuc-2026-region,infantry,21616.0,8160.0,defense:blue-outpost,,,防守前哨站,0,0.0,none,0,0,True,True,False,legal wait: no active movement route,0.0,0.0,0.0
69,opponent-infantry-2,opponent-rmuc-2026-region,infantry,20792.44,7253.973,robot:tarsgo-infantry-1,19715.52,11997.042,集火残血目标,1,4863.79,active,0,0,True,False,False,movement permission or chassis power lock,0.0,0.0,575.333
69,opponent-sentry,opponent-rmuc-2026-region,sentry,21412.451,6708.081,defense:blue-outpost,,,防守前哨站,0,0.0,none,0,0,True,True,False,legal wait: no active movement route,0.0,0.0,0.0
69,opponent-drone,opponent-rmuc-2026-region,drone,13385.252,14500.0,robot:tarsgo-infantry-1,19436.622,12381.543,空中压制残血目标,2,7131.821,active,0,0,True,True,False,moving,0.0,0.0,1900.0
70,tarsgo-hero,tarsgo-rmuc-2026-region,hero,8195.839,14109.275,structure:blue-outpost,21400.0,7500.0,进攻前哨站,3,17368.673,active,0,0,True,True,False,moving,0.0,0.0,1900.0
70,tarsgo-engineer,tarsgo-rmuc-2026-region,engineer,9232.0,12550.0,zone:assembly:red,,,装配科技核心,0,0.0,none,0,0,True,True,False,legal wait: no active movement route,0.0,0.083,0.0
70,tarsgo-infantry-1,tarsgo-rmuc-2026-region,infantry,18302.438,13945.181,zone:supply:red,2276.0,12368.0,回撤补给,3,16594.684,active,0,0,True,True,False,moving,0.0,0.217,1900.0
70,tarsgo-infantry-2,tarsgo-rmuc-2026-region,infantry,20415.532,10126.114,robot:opponent-infantry-1,,,追击敌方步兵,0,0.0,none,0,0,True,True,False,legal wait: no active movement route,0.0,0.217,1646.667
70,tarsgo-sentry,tarsgo-rmuc-2026-region,sentry,7831.031,5938.574,defense:red-outpost,6600.0,8160.0,防守前哨站,2,2659.36,active,0,0,True,True,False,moving,0.0,0.017,1900.0
70,tarsgo-drone,tarsgo-rmuc-2026-region,drone,20092.547,2437.683,robot:opponent-engineer,,,空中压制敌方工程,0,0.0,none,0,0,True,True,False,legal wait: no active movement route,0.0,0.0,696.667
70,opponent-hero,opponent-rmuc-2026-region,hero,10969.072,500.0,,,,等待复活,0,0.0,none,0,0,False,False,False,dead/respawning,0.0,0.0,0.0
70,opponent-engineer,opponent-rmuc-2026-region,engineer,18768.0,2450.0,zone:assembly:blue,,,装配科技核心,0,0.0,none,0,0,True,True,False,legal wait: no active movement route,0.0,0.0,0.0
70,opponent-infantry-1,opponent-rmuc-2026-region,infantry,21616.0,8160.0,defense:blue-outpost,,,防守前哨站,0,0.0,none,0,0,True,True,False,legal wait: no active movement route,0.0,0.0,0.0
70,opponent-infantry-2,opponent-rmuc-2026-region,infantry,20792.44,7253.973,robot:tarsgo-infantry-1,18878.827,13150.545,集火残血目标,1,6199.313,active,0,0,True,False,False,movement permission or chassis power lock,0.0,0.0,0.0
70,opponent-sentry,opponent-rmuc-2026-region,sentry,21412.451,6708.081,defense:blue-outpost,,,防守前哨站,0,0.0,none,0,0,True,True,False,legal wait: no active movement route,0.0,0.0,0.0
70,opponent-drone,opponent-rmuc-2026-region,drone,15285.252,14500.0,robot:tarsgo-infantry-1,18599.929,13535.046,空中压制残血目标,2,3806.821,active,0,0,True,True,False,moving,0.0,0.0,1900.0
71,tarsgo-hero,tarsgo-rmuc-2026-region,hero,10069.097,14426.93,structure:blue-outpost,21400.0,7500.0,进攻前哨站,3,15468.673,active,0,0,True,True,False,moving,0.0,0.0,1900.0
71,tarsgo-engineer,tarsgo-rmuc-2026-region,engineer,9232.0,12550.0,zone:assembly:red,,,装配科技核心,0,0.0,none,0,0,True,True,False,legal wait: no active movement route,0.0,0.083,0.0
71,tarsgo-infantry-1,tarsgo-rmuc-2026-region,infantry,16685.406,14500.0,zone:supply:red,2276.0,12368.0,回撤补给,2,14694.684,active,0,0,True,True,False,moving,0.0,0.217,1709.567
71,tarsgo-infantry-2,tarsgo-rmuc-2026-region,infantry,20083.994,10702.576,support:tarsgo-engineer,9932.0,12550.0,保护工程,3,14137.893,active,0,0,True,True,False,moving,0.0,0.217,665.0
71,tarsgo-sentry,tarsgo-rmuc-2026-region,sentry,7079.376,7683.572,defense:red-outpost,6600.0,8160.0,防守前哨站,2,759.36,active,0,0,True,True,False,moving,0.0,0.017,1900.0
71,tarsgo-drone,tarsgo-rmuc-2026-region,drone,20092.547,2437.683,robot:opponent-engineer,,,空中压制敌方工程,0,0.0,none,0,0,True,True,False,legal wait: no active movement route,0.0,0.0,0.0
71,opponent-hero,opponent-rmuc-2026-region,hero,10969.072,500.0,,,,等待复活,0,0.0,none,0,0,False,False,False,dead/respawning,0.0,0.0,0.0
71,opponent-engineer,opponent-rmuc-2026-region,engineer,18768.0,2450.0,zone:assembly:blue,,,装配科技核心,0,0.0,none,0,0,True,True,False,legal wait: no active movement route,0.0,0.0,0.0
71,opponent-infantry-1,opponent-rmuc-2026-region,infantry,22409.296,7092.488,zone:supply:blue,25724.0,2632.0,前往补给区,1,5557.267,active,0,0,True,True,False,moving,0.0,0.0,1330.0
71,opponent-infantry-2,opponent-rmuc-2026-region,infantry,20792.44,7253.973,defense:blue-outpost,21184.0,6840.0,防守前哨站,1,569.818,active,0,0,True,False,False,movement permission or chassis power lock,0.0,0.0,0.0
71,opponent-sentry,opponent-rmuc-2026-region,sentry,21412.451,6708.081,defense:blue-outpost,,,防守前哨站,0,0.0,none,0,0,True,True,False,legal wait: no active movement route,0.0,0.0,0.0
71,opponent-drone,opponent-rmuc-2026-region,drone,16203.585,14500.0,robot:tarsgo-infantry-1,,,空中压制残血目标,0,0.0,none,0,0,True,True,False,legal wait: no active movement route,0.0,0.0,918.333
72,tarsgo-hero,tarsgo-rmuc-2026-region,hero,11962.946,14500.0,structure:blue-outpost,21400.0,7500.0,进攻前哨站,2,13568.673,active,0,0,True,True,False,moving,0.0,0.0,1895.258
72,tarsgo-engineer,tarsgo-rmuc-2026-region,engineer,9232.0,12550.0,zone:assembly:red,,,装配科技核心,0,0.0,none,0,0,True,True,False,legal wait: no active movement route,0.0,0.083,0.0
72,tarsgo-infantry-1,tarsgo-rmuc-2026-region,infantry,14785.406,14500.0,zone:supply:red,2276.0,12368.0,回撤补给,2,12794.684,active,0,0,True,True,False,moving,0.0,0.217,1900.0
72,tarsgo-infantry-2,tarsgo-rmuc-2026-region,infantry,19136.744,12349.609,support:tarsgo-engineer,9932.0,12550.0,保护工程,3,12237.893,active,0,0,True,True,False,moving,0.0,0.217,1900.0
72,tarsgo-sentry,tarsgo-rmuc-2026-region,sentry,6600.0,8160.0,defense:red-outpost,6600.0,8160.0,防守前哨站,0,0.0,none,0,0,True,True,False,legal wait: no active movement route,0.0,0.017,675.859
72,tarsgo-drone,tarsgo-rmuc-2026-region,drone,20092.547,2437.683,robot:opponent-engineer,,,空中压制敌方工程,0,0.0,none,0,0,True,True,False,legal wait: no active movement route,0.0,0.0,0.0
72,opponent-hero,opponent-rmuc-2026-region,hero,10969.072,500.0,,,,等待复活,0,0.0,none,0,0,False,False,False,dead/respawning,0.0,0.0,0.0
72,opponent-engineer,opponent-rmuc-2026-region,engineer,18768.0,2450.0,zone:assembly:blue,,,装配科技核心,0,0.0,none,0,0,True,True,False,legal wait: no active movement route,0.0,0.0,0.0
72,opponent-infantry-1,opponent-rmuc-2026-region,infantry,23542.575,5567.471,zone:supply:blue,25724.0,2632.0,前往补给区,1,3657.267,active,0,0,True,True,False,moving,0.0,0.0,1900.0
72,opponent-infantry-2,opponent-rmuc-2026-region,infantry,20792.44,7253.973,defense:blue-outpost,21184.0,6840.0,防守前哨站,1,569.818,active,0,0,True,False,False,movement permission or chassis power lock,0.0,0.0,0.0
72,opponent-sentry,opponent-rmuc-2026-region,sentry,21412.451,6708.081,defense:blue-outpost,,,防守前哨站,0,0.0,none,0,0,True,True,False,legal wait: no active movement route,0.0,0.0,0.0
72,opponent-drone,opponent-rmuc-2026-region,drone,16203.585,14500.0,robot:tarsgo-infantry-1,,,空中压制残血目标,0,0.0,none,0,0,True,True,False,legal wait: no active movement route,0.0,0.0,0.0
73,tarsgo-hero,tarsgo-rmuc-2026-region,hero,12594.24,14102.363,structure:blue-outpost,21400.0,7500.0,进攻前哨站,3,13247.583,active,0,0,True,True,False,moving,0.0,0.0,746.088
73,tarsgo-engineer,tarsgo-rmuc-2026-region,engineer,9232.0,12550.0,zone:assembly:red,,,装配科技核心,0,0.0,none,0,0,True,True,False,legal wait: no active movement route,0.0,0.083,0.0
73,tarsgo-infantry-1,tarsgo-rmuc-2026-region,infantry,12885.406,14500.0,zone:supply:red,2276.0,12368.0,回撤补给,2,10894.684,active,0,0,True,True,False,moving,0.0,0.217,1900.0
73,tarsgo-infantry-2,tarsgo-rmuc-2026-region,infantry,18189.494,13996.642,support:tarsgo-engineer,9932.0,12550.0,保护工程,3,10337.893,active,0,0,True,True,False,moving,0.0,0.217,1900.0
73,tarsgo-sentry,tarsgo-rmuc-2026-region,sentry,6600.0,8160.0,defense:red-outpost,,,防守前哨站,0,0.0,none,0,0,True,True,False,legal wait: no active movement route,0.0,0.017,0.0
73,tarsgo-drone,tarsgo-rmuc-2026-region,drone,20092.547,2437.683,robot:opponent-engineer,,,空中压制敌方工程,0,0.0,none,0,0,True,True,False,legal wait: no active movement route,0.0,0.0,0.0
73,opponent-hero,opponent-rmuc-2026-region,hero,10969.072,500.0,,,,等待复活,0,0.0,none,0,0,False,False,False,dead/respawning,0.0,0.0,0.0
73,opponent-engineer,opponent-rmuc-2026-region,engineer,18768.0,2450.0,zone:assembly:blue,,,装配科技核心,0,0.0,none,0,0,True,True,False,legal wait: no active movement route,0.0,0.0,0.0
73,opponent-infantry-1,opponent-rmuc-2026-region,infantry,24675.855,4042.454,zone:supply:blue,25724.0,2632.0,前往补给区,1,1757.267,active,0,0,True,True,False,moving,0.0,0.0,1900.0
73,opponent-infantry-2,opponent-rmuc-2026-region,infantry,20792.44,7253.973,defense:blue-outpost,21184.0,6840.0,防守前哨站,1,569.818,active,0,0,True,False,False,movement permission or chassis power lock,0.0,0.0,0.0
73,opponent-sentry,opponent-rmuc-2026-region,sentry,21412.451,6708.081,defense:blue-outpost,,,防守前哨站,0,0.0,none,0,0,True,True,False,legal wait: no active movement route,0.0,0.0,0.0
73,opponent-drone,opponent-rmuc-2026-region,drone,15696.918,14500.0,robot:tarsgo-infantry-1,13392.072,14500.0,空中压制残血目标,1,2304.846,active,0,0,True,True,False,moving,0.0,0.0,506.667
74,tarsgo-hero,tarsgo-rmuc-2026-region,hero,14198.921,14167.727,structure:blue-outpost,21400.0,7500.0,进攻前哨站,2,11347.583,active,0,0,True,True,False,moving,0.0,0.0,1606.012
74,tarsgo-engineer,tarsgo-rmuc-2026-region,engineer,9232.0,12550.0,zone:assembly:red,,,装配科技核心,0,0.0,none,0,0,True,True,False,legal wait: no active movement route,0.0,0.083,0.0
74,tarsgo-infantry-1,tarsgo-rmuc-2026-region,infantry,10985.406,14500.0,zone:supply:red,2276.0,12368.0,回撤补给,2,8994.684,active,0,0,True,True,False,moving,0.0,0.217,1900.0
74,tarsgo-infantry-2,tarsgo-rmuc-2026-region,infantry,16580.669,14500.0,support:tarsgo-engineer,9932.0,12550.0,保护工程,2,8437.893,active,0,0,True,True,False,moving,0.0,0.217,1685.731
74,tarsgo-sentry,tarsgo-rmuc-2026-region,sentry,6600.0,8160.0,defense:red-outpost,,,防守前哨站,0,0.0,none,0,0,True,True,False,legal wait: no active movement route,0.0,0.017,0.0
74,tarsgo-drone,tarsgo-rmuc-2026-region,drone,20092.547,2437.683,robot:opponent-engineer,,,空中压制敌方工程,0,0.0,none,0,0,True,True,False,legal wait: no active movement route,0.0,0.0,0.0
74,opponent-hero,opponent-rmuc-2026-region,hero,10969.072,500.0,,,,等待复活,0,0.0,none,0,0,False,False,False,dead/respawning,0.0,0.0,0.0
74,opponent-engineer,opponent-rmuc-2026-region,engineer,18768.0,2450.0,zone:assembly:blue,,,装配科技核心,0,0.0,none,0,0,True,True,False,legal wait: no active movement route,0.0,0.0,0.0
74,opponent-infantry-1,opponent-rmuc-2026-region,infantry,25724.0,2632.0,zone:supply:blue,25724.0,2632.0,前往补给区,0,0.0,none,0,0,True,True,False,legal wait: no active movement route,0.0,0.0,1757.267
74,opponent-infantry-2,opponent-rmuc-2026-region,infantry,20970.786,6941.56,defense:blue-outpost,21184.0,6840.0,防守前哨站,2,1680.809,active,0,0,True,True,False,moving,0.0,0.0,359.736
74,opponent-sentry,opponent-rmuc-2026-region,sentry,21412.451,6708.081,defense:blue-outpost,,,防守前哨站,0,0.0,none,0,0,True,True,False,legal wait: no active movement route,0.0,0.0,0.0
74,opponent-drone,opponent-rmuc-2026-region,drone,13796.918,14500.0,robot:tarsgo-infantry-1,11967.072,14500.0,空中压制残血目标,1,1829.846,active,0,0,True,True,False,moving,0.0,0.0,1900.0
75,tarsgo-hero,tarsgo-rmuc-2026-region,hero,16028.23,14331.957,structure:blue-outpost,21400.0,7500.0,进攻前哨站,2,9510.916,active,0,0,True,True,False,moving,0.0,0.017,1836.667
75,tarsgo-engineer,tarsgo-rmuc-2026-region,engineer,9232.0,12550.0,zone:assembly:red,,,装配科技核心,0,0.0,none,0,0,True,True,False,legal wait: no active movement route,0.0,0.083,0.0
75,tarsgo-infantry-1,tarsgo-rmuc-2026-region,infantry,9121.098,14233.254,zone:supply:red,2276.0,12368.0,回撤补给,1,7094.684,active,0,0,True,True,False,moving,0.0,0.217,1883.294
75,tarsgo-infantry-2,tarsgo-rmuc-2026-region,infantry,16387.509,14426.559,support:tarsgo-engineer,9932.0,12550.0,保护工程,3,8245.161,active,0,0,True,True,False,moving,0.0,0.217,206.65
75,tarsgo-sentry,tarsgo-rmuc-2026-region,sentry,6600.0,8160.0,defense:red-outpost,,,防守前哨站,0,0.0,none,0,0,True,True,False,legal wait: no active movement route,0.0,0.017,0.0
75,tarsgo-drone,tarsgo-rmuc-2026-region,drone,20092.547,2437.683,robot:opponent-engineer,,,空中压制敌方工程,0,0.0,none,0,0,True,True,False,legal wait: no active movement route,0.0,0.0,0.0
75,opponent-hero,opponent-rmuc-2026-region,hero,10969.072,500.0,,,,等待复活,0,0.0,none,0,0,False,False,False,dead/respawning,0.0,0.0,0.0
75,opponent-engineer,opponent-rmuc-2026-region,engineer,18768.0,2450.0,zone:assembly:blue,,,装配科技核心,0,0.0,none,0,0,True,True,False,legal wait: no active movement route,0.0,0.0,0.0
75,opponent-infantry-1,opponent-rmuc-2026-region,infantry,25584.564,2843.507,robot:tarsgo-infantry-1,9487.73,14333.16,集火残血目标,3,22396.197,active,0,0,True,True,False,moving,0.0,0.0,253.333
75,opponent-infantry-2,opponent-rmuc-2026-region,infantry,20848.798,7140.848,defense:blue-outpost,21184.0,6840.0,防守前哨站,2,1458.977,active,0,0,True,True,False,moving,0.0,0.0,233.66
75,opponent-sentry,opponent-rmuc-2026-region,sentry,21412.451,6708.081,defense:blue-outpost,,,防守前哨站,0,0.0,none,0,0,True,True,False,legal wait: no active movement route,0.0,0.0,0.0
75,opponent-drone,opponent-rmuc-2026-region,drone,11896.918,14500.0,robot:tarsgo-infantry-1,9151.651,14241.58,空中压制残血目标,2,2779.846,active,0,0,True,True,False,moving,0.0,0.0,1900.0
76,tarsgo-hero,tarsgo-rmuc-2026-region,hero,14247.201,14495.064,structure:blue-outpost,21400.0,7500.0,进攻前哨站,3,12634.233,active,0,0,True,True,False,moving,0.0,0.017,1788.482
76,tarsgo-engineer,tarsgo-rmuc-2026-region,engineer,9232.0,12550.0,zone:assembly:red,,,装配科技核心,0,0.0,none,0,0,True,True,False,legal wait: no active movement route,0.0,0.083,0.0
76,tarsgo-infantry-1,tarsgo-rmuc-2026-region,infantry,7287.939,13733.728,zone:supply:red,2276.0,12368.0,回撤补给,1,5194.684,active,0,0,True,True,False,moving,0.0,0.217,1900.0
76,tarsgo-infantry-2,tarsgo-rmuc-2026-region,infantry,14614.297,14447.271,support:tarsgo-engineer,9932.0,12550.0,保护工程,2,6471.828,active,0,0,True,True,False,moving,0.0,0.217,1773.333
76,tarsgo-sentry,tarsgo-rmuc-2026-region,sentry,6600.0,8160.0,defense:red-outpost,,,防守前哨站,0,0.0,none,0,0,True,True,False,legal wait: no active movement route,0.0,0.017,0.0
76,tarsgo-drone,tarsgo-rmuc-2026-region,drone,20092.547,2437.683,robot:opponent-engineer,,,空中压制敌方工程,0,0.0,none,0,0,True,True,False,legal wait: no active movement route,0.0,0.0,0.0
76,opponent-hero,opponent-rmuc-2026-region,hero,10969.072,500.0,,,,等待复活,0,0.0,none,0,0,False,False,False,dead/respawning,0.0,0.0,0.0
76,opponent-engineer,opponent-rmuc-2026-region,engineer,18768.0,2450.0,zone:assembly:blue,,,装配科技核心,0,0.0,none,0,0,True,True,False,legal wait: no active movement route,0.0,0.0,0.0
76,opponent-infantry-1,opponent-rmuc-2026-region,infantry,24538.79,4429.81,robot:tarsgo-infantry-1,8112.861,13958.515,集火残血目标,3,21921.197,active,0,0,True,True,False,moving,0.0,0.0,1900.0
76,opponent-infantry-2,opponent-rmuc-2026-region,infantry,20530.008,6987.509,defense:blue-outpost,21184.0,6840.0,防守前哨站,2,1238.705,active,0,0,True,True,False,moving,0.0,0.0,353.751
76,opponent-sentry,opponent-rmuc-2026-region,sentry,21412.451,6708.081,defense:blue-outpost,,,防守前哨站,0,0.0,none,0,0,True,True,False,legal wait: no active movement route,0.0,0.0,0.0
76,opponent-drone,opponent-rmuc-2026-region,drone,10472.739,14492.839,robot:tarsgo-infantry-1,7776.781,13866.935,空中压制残血目标,0,0.0,none,0,0,True,True,False,legal wait: no active movement route,0.0,0.0,1424.198
77,tarsgo-hero,tarsgo-rmuc-2026-region,hero,14803.438,14306.292,structure:blue-outpost,21400.0,7500.0,进攻前哨站,2,10734.233,active,0,0,True,True,False,moving,0.0,0.017,587.396
77,tarsgo-engineer,tarsgo-rmuc-2026-region,engineer,9232.0,12550.0,zone:assembly:red,,,装配科技核心,0,0.0,none,0,0,True,True,False,legal wait: no active movement route,0.0,0.083,0.0
77,tarsgo-infantry-1,tarsgo-rmuc-2026-region,infantry,6035.28,13392.385,zone:supply:red,2276.0,12368.0,回撤补给,1,3896.351,active,0,0,True,False,False,movement permission or chassis power lock,0.0,0.217,1298.333
77,tarsgo-infantry-2,tarsgo-rmuc-2026-region,infantry,14845.233,13627.525,support:tarsgo-engineer,9932.0,12550.0,保护工程,3,7492.232,active,0,0,True,True,False,moving,0.0,0.217,851.655
77,tarsgo-sentry,tarsgo-rmuc-2026-region,sentry,6600.0,8160.0,defense:red-outpost,,,防守前哨站,0,0.0,none,0,0,True,True,False,legal wait: no active movement route,0.0,0.017,0.0
77,tarsgo-drone,tarsgo-rmuc-2026-region,drone,20092.547,2437.683,robot:opponent-engineer,,,空中压制敌方工程,0,0.0,none,0,0,True,True,False,legal wait: no active movement route,0.0,0.0,0.0
77,opponent-hero,opponent-rmuc-2026-region,hero,10969.072,500.0,,,,等待复活,0,0.0,none,0,0,False,False,False,dead/respawning,0.0,0.0,0.0
77,opponent-engineer,opponent-rmuc-2026-region,engineer,18768.0,2450.0,zone:assembly:blue,,,装配科技核心,0,0.0,none,0,0,True,True,False,legal wait: no active movement route,0.0,0.0,0.0
77,opponent-infantry-1,opponent-rmuc-2026-region,infantry,23493.017,6016.114,robot:tarsgo-infantry-1,6737.991,13583.87,集火残血目标,3,21446.197,active,0,0,True,True,False,moving,0.0,0.0,1900.0
77,opponent-infantry-2,opponent-rmuc-2026-region,infantry,20589.305,7503.321,defense:blue-outpost,21184.0,6840.0,防守前哨站,2,1017.241,active,0,0,True,True,False,moving,0.0,0.0,519.21
77,opponent-sentry,opponent-rmuc-2026-region,sentry,21412.451,6708.081,defense:blue-outpost,,,防守前哨站,0,0.0,none,0,0,True,True,False,legal wait: no active movement route,0.0,0.0,0.0
77,opponent-drone,opponent-rmuc-2026-region,drone,9512.56,14339.926,robot:tarsgo-infantry-1,6401.912,13492.29,空中压制残血目标,1,3224.069,active,0,0,True,True,False,moving,0.0,0.0,972.278
78,tarsgo-hero,tarsgo-rmuc-2026-region,hero,16699.731,14424.916,structure:blue-outpost,21400.0,7500.0,进攻前哨站,2,8834.233,active,0,0,True,True,False,moving,0.0,0.017,1900.0
78,tarsgo-engineer,tarsgo-rmuc-2026-region,engineer,9232.0,12550.0,zone:assembly:red,,,装配科技核心,0,0.0,none,0,0,True,True,False,legal wait: no active movement route,0.0,0.083,0.0
78,tarsgo-infantry-1,tarsgo-rmuc-2026-region,infantry,6035.28,13392.385,zone:supply:red,2276.0,12368.0,回撤补给,1,3896.351,active,0,0,True,False,False,movement permission or chassis power lock,0.0,0.217,0.0
78,tarsgo-infantry-2,tarsgo-rmuc-2026-region,infantry,13619.047,13589.179,support:tarsgo-engineer,9932.0,12550.0,保护工程,2,5592.232,active,0,0,True,True,False,moving,0.0,0.217,1226.785
78,tarsgo-sentry,tarsgo-rmuc-2026-region,sentry,6600.0,8160.0,defense:red-outpost,,,防守前哨站,0,0.0,none,0,0,True,True,False,legal wait: no active movement route,0.0,0.017,0.0
78,tarsgo-drone,tarsgo-rmuc-2026-region,drone,20092.547,2437.683,robot:opponent-engineer,,,空中压制敌方工程,0,0.0,none,0,0,True,True,False,legal wait: no active movement route,0.0,0.0,0.0
78,opponent-hero,opponent-rmuc-2026-region,hero,10969.072,500.0,,,,等待复活,0,0.0,none,0,0,False,False,False,dead/respawning,0.0,0.0,0.0
78,opponent-engineer,opponent-rmuc-2026-region,engineer,18768.0,2450.0,zone:assembly:blue,,,装配科技核心,0,0.0,none,0,0,True,True,False,legal wait: no active movement route,0.0,0.0,0.0
78,opponent-infantry-1,opponent-rmuc-2026-region,infantry,22447.244,7602.417,robot:tarsgo-infantry-1,6035.28,13392.385,集火残血目标,3,20274.53,active,0,0,True,True,False,moving,0.0,0.0,1900.0
78,opponent-infantry-2,opponent-rmuc-2026-region,infantry,20401.958,6990.358,defense:blue-outpost,21184.0,6840.0,防守前哨站,1,796.365,active,0,0,True,True,False,moving,0.0,0.0,546.105
78,opponent-sentry,opponent-rmuc-2026-region,sentry,21412.451,6708.081,defense:blue-outpost,,,防守前哨站,0,0.0,none,0,0,True,True,False,legal wait: no active movement route,0.0,0.0,0.0
78,opponent-drone,opponent-rmuc-2026-region,drone,7709.953,13848.725,robot:tarsgo-infantry-1,,,空中压制残血目标,0,0.0,none,0,0,True,True,False,legal wait: no active movement route,0.0,0.0,1868.333
79,tarsgo-hero,tarsgo-rmuc-2026-region,hero,18177.798,13860.333,structure:blue-outpost,21400.0,7500.0,进攻前哨站,1,6934.233,active,0,0,True,True,False,moving,0.0,0.017,1582.225
79,tarsgo-engineer,tarsgo-rmuc-2026-region,engineer,9232.0,12550.0,zone:assembly:red,,,装配科技核心,0,0.0,none,0,0,True,True,False,legal wait: no active movement route,0.0,0.083,0.0
79,tarsgo-infantry-1,tarsgo-rmuc-2026-region,infantry,6035.28,13392.385,zone:supply:red,2276.0,12368.0,回撤补给,1,3896.351,active,0,0,True,False,False,movement permission or chassis power lock,0.0,0.217,0.0
79,tarsgo-infantry-2,tarsgo-rmuc-2026-region,infantry,11779.66,14065.26,support:tarsgo-engineer,9932.0,12550.0,保护工程,2,3692.232,active,0,0,True,True,False,moving,0.0,0.217,1900.0
79,tarsgo-sentry,tarsgo-rmuc-2026-region,sentry,6600.0,8160.0,defense:red-outpost,,,防守前哨站,0,0.0,none,0,0,True,True,False,legal wait: no active movement route,0.0,0.017,0.0
79,tarsgo-drone,tarsgo-rmuc-2026-region,drone,20092.547,2437.683,robot:opponent-engineer,,,空中压制敌方工程,0,0.0,none,0,0,True,True,False,legal wait: no active movement route,0.0,0.0,0.0
79,opponent-hero,opponent-rmuc-2026-region,hero,10969.072,500.0,,,,等待复活,0,0.0,none,0,0,False,False,False,dead/respawning,0.0,0.0,0.0
79,opponent-engineer,opponent-rmuc-2026-region,engineer,18768.0,2450.0,zone:assembly:blue,,,装配科技核心,0,0.0,none,0,0,True,True,False,legal wait: no active movement route,0.0,0.0,0.0
79,opponent-infantry-1,opponent-rmuc-2026-region,infantry,21401.47,9188.72,robot:tarsgo-infantry-1,6035.28,13392.385,集火残血目标,3,18374.53,active,0,0,True,True,False,moving,0.0,0.0,1900.0
79,opponent-infantry-2,opponent-rmuc-2026-region,infantry,20804.528,7271.964,defense:blue-outpost,21184.0,6840.0,防守前哨站,1,574.971,active,0,0,True,True,False,moving,0.0,0.0,491.289
79,opponent-sentry,opponent-rmuc-2026-region,sentry,21412.451,6708.081,defense:blue-outpost,,,防守前哨站,0,0.0,none,0,0,True,True,False,legal wait: no active movement route,0.0,0.0,0.0
79,opponent-drone,opponent-rmuc-2026-region,drone,7709.953,13848.725,robot:tarsgo-infantry-1,,,空中压制残血目标,0,0.0,none,0,0,True,True,False,legal wait: no active movement route,0.0,0.0,0.0
80,tarsgo-hero,tarsgo-rmuc-2026-region,hero,18316.554,13540.829,structure:blue-outpost,21400.0,7500.0,进攻前哨站,1,6585.9,active,0,0,True,False,False,movement permission or chassis power lock,0.0,0.017,348.333
80,tarsgo-engineer,tarsgo-rmuc-2026-region,engineer,9232.0,12550.0,zone:assembly:red,,,装配科技核心,0,0.0,none,0,0,True,True,False,legal wait: no active movement route,0.0,0.083,0.0
80,tarsgo-infantry-1,tarsgo-rmuc-2026-region,infantry,6035.28,13392.385,zone:supply:red,2276.0,12368.0,回撤补给,1,3896.351,active,0,0,True,False,False,movement permission or chassis power lock,0.0,0.217,0.0
80,tarsgo-infantry-2,tarsgo-rmuc-2026-region,infantry,10085.838,14335.618,support:tarsgo-engineer,9932.0,12550.0,保护工程,1,1792.232,active,0,0,True,True,False,moving,0.0,0.217,1715.263
80,tarsgo-sentry,tarsgo-rmuc-2026-region,sentry,6600.0,8160.0,defense:red-outpost,,,防守前哨站,0,0.0,none,0,0,True,True,False,legal wait: no active movement route,0.0,0.017,0.0
80,tarsgo-drone,tarsgo-rmuc-2026-region,drone,20092.547,2437.683,robot:opponent-engineer,,,空中压制敌方工程,0,0.0,none,0,0,True,True,False,legal wait: no active movement route,0.0,0.0,0.0
80,opponent-hero,opponent-rmuc-2026-region,hero,10969.072,500.0,,,,等待复活,0,0.0,none,0,0,False,False,False,dead/respawning,0.0,0.0,0.0
80,opponent-engineer,opponent-rmuc-2026-region,engineer,18768.0,2450.0,zone:assembly:blue,,,装配科技核心,0,0.0,none,0,0,True,True,False,legal wait: no active movement route,0.0,0.0,0.0
80,opponent-infantry-1,opponent-rmuc-2026-region,infantry,20355.697,10775.024,robot:tarsgo-infantry-1,6035.28,13392.385,集火残血目标,3,16474.53,active,0,0,True,True,False,moving,0.0,0.0,1900.0
80,opponent-infantry-2,opponent-rmuc-2026-region,infantry,21097.121,6938.896,defense:blue-outpost,,,防守前哨站,0,0.0,none,0,0,True,True,False,legal wait: no active movement route,0.0,0.0,443.333
80,opponent-sentry,opponent-rmuc-2026-region,sentry,21412.451,6708.081,defense:blue-outpost,,,防守前哨站,0,0.0,none,0,0,True,True,False,legal wait: no active movement route,0.0,0.0,0.0
80,opponent-drone,opponent-rmuc-2026-region,drone,7709.953,13848.725,robot:tarsgo-infantry-1,,,空中压制残血目标,0,0.0,none,0,0,True,True,False,legal wait: no active movement route,0.0,0.0,0.0
81,tarsgo-hero,tarsgo-rmuc-2026-region,hero,18316.554,13540.829,structure:blue-outpost,21400.0,7500.0,进攻前哨站,1,6585.9,active,0,0,True,False,False,movement permission or chassis power lock,0.0,0.017,0.0
81,tarsgo-engineer,tarsgo-rmuc-2026-region,engineer,9232.0,12550.0,zone:assembly:red,,,装配科技核心,0,0.0,none,0,0,True,True,False,legal wait: no active movement route,0.0,0.083,0.0
81,tarsgo-infantry-1,tarsgo-rmuc-2026-region,infantry,6035.28,13392.385,zone:supply:red,2276.0,12368.0,回撤补给,1,3896.351,active,0,0,True,False,False,movement permission or chassis power lock,0.0,0.217,0.0
81,tarsgo-infantry-2,tarsgo-rmuc-2026-region,infantry,9932.0,12550.0,support:tarsgo-engineer,9932.0,12550.0,保护工程,0,0.0,none,0,0,True,True,False,legal wait: no active movement route,0.0,0.217,1792.232
81,tarsgo-sentry,tarsgo-rmuc-2026-region,sentry,6600.0,8160.0,defense:red-outpost,,,防守前哨站,0,0.0,none,0,0,True,True,False,legal wait: no active movement route,0.0,0.017,0.0
81,tarsgo-drone,tarsgo-rmuc-2026-region,drone,20092.547,2437.683,robot:opponent-engineer,,,空中压制敌方工程,0,0.0,none,0,0,True,True,False,legal wait: no active movement route,0.0,0.0,0.0
81,opponent-hero,opponent-rmuc-2026-region,hero,10969.072,500.0,,,,等待复活,0,0.0,none,0,0,False,False,False,dead/respawning,0.0,0.0,0.0
81,opponent-engineer,opponent-rmuc-2026-region,engineer,18768.0,2450.0,zone:assembly:blue,,,装配科技核心,0,0.0,none,0,0,True,True,False,legal wait: no active movement route,0.0,0.0,0.0
81,opponent-infantry-1,opponent-rmuc-2026-region,infantry,19658.515,11832.559,zone:supply:blue,25724.0,2632.0,回撤补给,1,11020.0,active,0,0,True,True,False,moving,0.0,0.0,1266.667
81,opponent-infantry-2,opponent-rmuc-2026-region,infantry,21097.121,6938.896,defense:blue-outpost,,,防守前哨站,0,0.0,none,0,0,True,True,False,legal wait: no active movement route,0.0,0.0,0.0
81,opponent-sentry,opponent-rmuc-2026-region,sentry,21412.451,6708.081,defense:blue-outpost,,,防守前哨站,0,0.0,none,0,0,True,True,False,legal wait: no active movement route,0.0,0.0,0.0
81,opponent-drone,opponent-rmuc-2026-region,drone,7709.953,13848.725,robot:tarsgo-infantry-1,,,空中压制残血目标,0,0.0,none,0,0,True,True,False,legal wait: no active movement route,0.0,0.0,0.0
82,tarsgo-hero,tarsgo-rmuc-2026-region,hero,18316.554,13540.829,zone:supply:red,2006.0,13050.0,前往补给区,3,17068.573,active,0,0,True,False,False,movement permission or chassis power lock,0.0,0.017,0.0
82,tarsgo-engineer,tarsgo-rmuc-2026-region,engineer,9232.0,12550.0,zone:assembly:red,,,装配科技核心,0,0.0,none,0,0,True,True,False,legal wait: no active movement route,0.0,0.083,0.0
82,tarsgo-infantry-1,tarsgo-rmuc-2026-region,infantry,5485.332,13242.527,zone:supply:red,2276.0,12368.0,回撤补给,1,3326.351,active,0,0,True,True,False,moving,0.0,0.217,570.0
82,tarsgo-infantry-2,tarsgo-rmuc-2026-region,infantry,10073.343,14190.589,robot:opponent-infantry-1,20564.852,10457.763,集火残血目标,3,12952.159,active,0,0,True,True,False,moving,0.0,0.217,1646.667
82,tarsgo-sentry,tarsgo-rmuc-2026-region,sentry,7426.437,9657.031,robot:opponent-infantry-1,20495.134,10563.517,集火残血目标,3,18046.869,active,0,0,True,True,False,moving,0.0,0.017,1710.0
82,tarsgo-drone,tarsgo-rmuc-2026-region,drone,20085.641,3640.996,robot:opponent-infantry-1,20041.965,11250.915,空中压制残血目标,1,7610.044,active,0,0,True,True,False,moving,0.0,0.0,1203.333
82,opponent-hero,opponent-rmuc-2026-region,hero,10969.072,500.0,,,,等待复活,0,0.0,none,0,0,False,False,False,dead/respawning,0.0,0.0,0.0
82,opponent-engineer,opponent-rmuc-2026-region,engineer,18768.0,2450.0,zone:assembly:blue,,,装配科技核心,0,0.0,none,0,0,True,True,False,legal wait: no active movement route,0.0,0.0,0.0
82,opponent-infantry-1,opponent-rmuc-2026-region,infantry,20704.288,10246.256,zone:supply:blue,25724.0,2632.0,回撤补给,1,9120.0,active,0,0,True,True,False,moving,0.0,0.0,1900.0
82,opponent-infantry-2,opponent-rmuc-2026-region,infantry,21097.121,6938.896,defense:blue-outpost,,,防守前哨站,0,0.0,none,0,0,True,True,False,legal wait: no active movement route,0.0,0.0,0.0
82,opponent-sentry,opponent-rmuc-2026-region,sentry,21412.451,6708.081,defense:blue-outpost,,,防守前哨站,0,0.0,none,0,0,True,True,False,legal wait: no active movement route,0.0,0.0,0.0
82,opponent-drone,opponent-rmuc-2026-region,drone,7709.953,13848.725,robot:tarsgo-infantry-1,,,空中压制残血目标,0,0.0,none,0,0,True,True,False,legal wait: no active movement route,0.0,0.0,0.0
83,tarsgo-hero,tarsgo-rmuc-2026-region,hero,18316.554,13540.829,zone:supply:red,2006.0,13050.0,前往补给区,3,17068.573,active,0,0,True,False,False,movement permission or chassis power lock,0.0,0.017,0.0
83,tarsgo-engineer,tarsgo-rmuc-2026-region,engineer,9232.0,12550.0,zone:assembly:red,,,装配科技核心,0,0.0,none,0,0,True,True,False,legal wait: no active movement route,0.0,0.083,0.0
83,tarsgo-infantry-1,tarsgo-rmuc-2026-region,infantry,3652.173,12743.0,zone:supply:red,2276.0,12368.0,回撤补给,1,1426.351,active,0,0,True,True,False,moving,0.0,0.217,1900.0
83,tarsgo-infantry-2,tarsgo-rmuc-2026-region,infantry,11689.443,14500.0,robot:opponent-infantry-1,21349.182,9268.036,集火残血目标,2,12477.159,active,0,0,True,True,False,moving,0.0,0.217,1645.453
83,tarsgo-sentry,tarsgo-rmuc-2026-region,sentry,8344.7,11320.399,robot:opponent-infantry-1,21279.464,9373.789,集火残血目标,3,17571.869,active,0,0,True,True,False,moving,0.0,0.017,1900.0
83,tarsgo-drone,tarsgo-rmuc-2026-region,drone,20326.482,5520.22,robot:opponent-infantry-1,21610.625,8871.46,空中压制残血目标,2,3618.392,active,0,0,True,True,False,moving,0.0,0.0,1894.594
83,opponent-hero,opponent-rmuc-2026-region,hero,10969.072,500.0,,,,等待复活,0,0.0,none,0,0,False,False,False,dead/respawning,0.0,0.0,0.0
83,opponent-engineer,opponent-rmuc-2026-region,engineer,18768.0,2450.0,zone:assembly:blue,,,装配科技核心,0,0.0,none,0,0,True,True,False,legal wait: no active movement route,0.0,0.0,0.0
83,opponent-infantry-1,opponent-rmuc-2026-region,infantry,21750.062,8659.953,zone:supply:blue,25724.0,2632.0,回撤补给,1,7220.0,active,0,0,True,True,False,moving,0.0,0.0,1900.0
83,opponent-infantry-2,opponent-rmuc-2026-region,infantry,21097.121,6938.896,defense:blue-outpost,,,防守前哨站,0,0.0,none,0,0,True,True,False,legal wait: no active movement route,0.0,0.0,0.0
83,opponent-sentry,opponent-rmuc-2026-region,sentry,21412.451,6708.081,defense:blue-outpost,,,防守前哨站,0,0.0,none,0,0,True,True,False,legal wait: no active movement route,0.0,0.0,0.0
83,opponent-drone,opponent-rmuc-2026-region,drone,6762.821,13590.636,robot:tarsgo-infantry-1,4599.305,13001.089,空中压制残血目标,1,2242.402,active,0,0,True,True,False,moving,0.0,0.0,981.667
84,tarsgo-hero,tarsgo-rmuc-2026-region,hero,18316.554,13540.829,zone:supply:red,2006.0,13050.0,前往补给区,3,17068.573,active,0,0,True,False,False,movement permission or chassis power lock,0.0,0.017,0.0
84,tarsgo-engineer,tarsgo-rmuc-2026-region,engineer,9232.0,12550.0,zone:assembly:red,,,装配科技核心,0,0.0,none,0,0,True,True,False,legal wait: no active movement route,0.0,0.083,0.0
84,tarsgo-infantry-1,tarsgo-rmuc-2026-region,infantry,2276.0,12368.0,zone:supply:red,2276.0,12368.0,回撤补给,0,0.0,none,0,0,True,True,False,legal wait: no active movement route,0.0,0.217,1426.351
84,tarsgo-infantry-2,tarsgo-rmuc-2026-region,infantry,12797.776,14500.0,robot:opponent-infantry-1,22133.512,8078.308,集火残血目标,2,12793.826,active,0,0,True,False,False,movement permission or chassis power lock,0.0,0.217,1108.333
84,tarsgo-sentry,tarsgo-rmuc-2026-region,sentry,8189.441,12246.759,robot:opponent-infantry-1,22063.794,8184.062,集火残血目标,4,18541.315,active,0,0,True,True,False,moving,0.0,0.017,939.28
84,tarsgo-drone,tarsgo-rmuc-2026-region,drone,20662.992,6642.523,robot:opponent-infantry-1,,,空中压制残血目标,0,0.0,none,0,0,True,True,False,legal wait: no active movement route,0.0,0.0,1171.667
84,opponent-hero,opponent-rmuc-2026-region,hero,11190.739,500.0,zone:supply:blue,25994.0,1950.0,回撤补给,2,16162.305,active,0,0,True,True,False,moving,0.0,0.0,221.667
84,opponent-engineer,opponent-rmuc-2026-region,engineer,18768.0,2450.0,zone:assembly:blue,,,装配科技核心,0,0.0,none,0,0,True,True,False,legal wait: no active movement route,0.0,0.0,0.0
84,opponent-infantry-1,opponent-rmuc-2026-region,infantry,22795.835,7073.649,zone:supply:blue,25724.0,2632.0,回撤补给,1,5320.0,active,0,0,True,True,False,moving,0.0,0.0,1900.0
84,opponent-infantry-2,opponent-rmuc-2026-region,infantry,21097.121,6938.896,defense:blue-outpost,,,防守前哨站,0,0.0,none,0,0,True,True,False,legal wait: no active movement route,0.0,0.0,0.0
84,opponent-sentry,opponent-rmuc-2026-region,sentry,21412.451,6708.081,defense:blue-outpost,,,防守前哨站,0,0.0,none,0,0,True,True,False,legal wait: no active movement route,0.0,0.0,0.0
84,opponent-drone,opponent-rmuc-2026-region,drone,4929.662,13091.109,robot:tarsgo-infantry-1,2276.0,12368.0,空中压制残血目标,1,2750.419,active,0,0,True,True,False,moving,0.0,0.0,1900.0
85,tarsgo-hero,tarsgo-rmuc-2026-region,hero,17425.719,14500.0,zone:supply:red,2006.0,13050.0,前往补给区,2,15548.573,active,0,0,True,True,False,moving,0.0,0.017,1309.045
85,tarsgo-engineer,tarsgo-rmuc-2026-region,engineer,9232.0,12550.0,zone:assembly:red,,,装配科技核心,0,0.0,none,0,0,True,True,False,legal wait: no active movement route,0.0,0.083,0.0
85,tarsgo-infantry-1,tarsgo-rmuc-2026-region,infantry,2276.0,12368.0,robot:opponent-infantry-1,,,集火残血目标,0,0.0,searching,1,1,True,True,False,waiting for path search,0.0,0.217,0.0
85,tarsgo-infantry-2,tarsgo-rmuc-2026-region,infantry,12797.776,14500.0,robot:opponent-hero,12837.406,500.0,集火残血目标,1,14000.056,active,0,0,True,False,False,movement permission or chassis power lock,0.0,0.217,0.0
85,tarsgo-sentry,tarsgo-rmuc-2026-region,sentry,8367.245,10482.269,robot:opponent-hero,12710.739,500.0,集火残血目标,2,12742.28,active,0,0,True,True,False,moving,0.0,0.017,1773.426
85,tarsgo-drone,tarsgo-rmuc-2026-region,drone,21864.178,6570.671,robot:opponent-infantry-1,23179.285,6492.005,空中压制残血目标,1,1317.457,active,0,0,True,True,False,moving,0.0,0.0,1203.333
85,opponent-hero,opponent-rmuc-2026-region,hero,13090.739,500.0,zone:supply:blue,25994.0,1950.0,回撤补给,2,14262.305,active,0,0,True,True,False,moving,0.0,0.0,1900.0
85,opponent-engineer,opponent-rmuc-2026-region,engineer,18768.0,2450.0,zone:assembly:blue,,,装配科技核心,0,0.0,none,0,0,True,True,False,legal wait: no active movement route,0.0,0.0,0.0
85,opponent-infantry-1,opponent-rmuc-2026-region,infantry,23841.608,5487.346,zone:supply:blue,25724.0,2632.0,回撤补给,1,3420.0,active,0,0,True,True,False,moving,0.0,0.0,1900.0
85,opponent-infantry-2,opponent-rmuc-2026-region,infantry,21097.121,6938.896,defense:blue-outpost,,,防守前哨站,0,0.0,none,0,0,True,True,False,legal wait: no active movement route,0.0,0.0,0.0
85,opponent-sentry,opponent-rmuc-2026-region,sentry,21412.451,6708.081,defense:blue-outpost,,,防守前哨站,0,0.0,none,0,0,True,True,False,legal wait: no active movement route,0.0,0.0,0.0
85,opponent-drone,opponent-rmuc-2026-region,drone,3585.345,12724.79,robot:tarsgo-infantry-1,,,空中压制残血目标,0,0.0,none,0,0,True,True,False,legal wait: no active movement route,0.0,0.0,1393.333
86,tarsgo-hero,tarsgo-rmuc-2026-region,hero,15525.719,14500.0,zone:supply:red,2006.0,13050.0,前往补给区,2,13648.573,active,0,0,True,True,False,moving,0.0,0.017,1900.0
86,tarsgo-engineer,tarsgo-rmuc-2026-region,engineer,9232.0,12550.0,zone:assembly:red,,,装配科技核心,0,0.0,none,0,0,True,True,False,legal wait: no active movement route,0.0,0.083,0.0
86,tarsgo-infantry-1,tarsgo-rmuc-2026-region,infantry,3898.053,12798.984,robot:opponent-infantry-1,24556.22,4403.372,集火残血目标,3,26317.345,active,0,0,True,True,False,moving,0.0,0.217,1678.333
86,tarsgo-infantry-2,tarsgo-rmuc-2026-region,infantry,12797.776,14500.0,robot:opponent-hero,14262.406,500.0,集火残血目标,1,14076.404,active,0,0,True,False,False,movement permission or chassis power lock,0.0,0.217,0.0
86,tarsgo-sentry,tarsgo-rmuc-2026-region,sentry,8692.194,8610.262,robot:opponent-hero,14135.739,500.0,集火残血目标,2,12267.28,active,0,0,True,True,False,moving,0.0,0.017,1900.0
86,tarsgo-drone,tarsgo-rmuc-2026-region,drone,22272.046,6386.089,robot:opponent-infantry-1,24747.945,4112.55,空中压制残血目标,1,3361.407,active,0,0,True,True,False,moving,0.0,0.0,447.69
86,opponent-hero,opponent-rmuc-2026-region,hero,14990.739,500.0,zone:supply:blue,25994.0,1950.0,回撤补给,2,12362.305,active,0,0,True,True,False,moving,0.0,0.0,1900.0
86,opponent-engineer,opponent-rmuc-2026-region,engineer,18768.0,2450.0,zone:assembly:blue,,,装配科技核心,0,0.0,none,0,0,True,True,False,legal wait: no active movement route,0.0,0.0,0.0
86,opponent-infantry-1,opponent-rmuc-2026-region,infantry,24887.381,3901.043,zone:supply:blue,25724.0,2632.0,回撤补给,1,1520.0,active,0,0,True,True,False,moving,0.0,0.0,1900.0
86,opponent-infantry-2,opponent-rmuc-2026-region,infantry,21097.121,6938.896,defense:blue-outpost,,,防守前哨站,0,0.0,none,0,0,True,True,False,legal wait: no active movement route,0.0,0.0,0.0
86,opponent-sentry,opponent-rmuc-2026-region,sentry,21412.451,6708.081,defense:blue-outpost,,,防守前哨站,0,0.0,none,0,0,True,True,False,legal wait: no active movement route,0.0,0.0,0.0
86,opponent-drone,opponent-rmuc-2026-region,drone,4566.541,12694.417,robot:tarsgo-engineer,9232.0,12550.0,空中压制敌方工程,1,4667.693,active,0,0,True,True,False,moving,0.0,0.0,981.667
87,tarsgo-hero,tarsgo-rmuc-2026-region,hero,13625.719,14500.0,zone:supply:red,2006.0,13050.0,前往补给区,2,11748.573,active,0,0,True,True,False,moving,0.0,0.017,1900.0
87,tarsgo-engineer,tarsgo-rmuc-2026-region,engineer,9232.0,12550.0,zone:assembly:red,,,装配科技核心,0,0.0,none,0,0,True,True,False,legal wait: no active movement route,0.0,0.083,0.0
87,tarsgo-infantry-1,tarsgo-rmuc-2026-region,infantry,5734.339,13286.891,robot:opponent-infantry-1,25340.55,3213.645,集火残血目标,3,25842.345,active,0,0,True,True,False,moving,0.0,0.217,1900.0
87,tarsgo-infantry-2,tarsgo-rmuc-2026-region,infantry,12797.776,14500.0,robot:opponent-hero,15687.406,500.0,集火残血目标,1,14295.103,active,0,0,True,False,False,movement permission or chassis power lock,0.0,0.217,0.0
87,tarsgo-sentry,tarsgo-rmuc-2026-region,sentry,9017.143,6738.256,robot:opponent-hero,15560.739,500.0,集火残血目标,2,11792.28,active,0,0,True,True,False,moving,0.0,0.017,1900.0
87,tarsgo-drone,tarsgo-rmuc-2026-region,drone,23621.557,5051.594,robot:opponent-infantry-1,25532.275,2922.822,空中压制残血目标,1,2860.509,active,0,0,True,True,False,moving,0.0,0.0,1897.909
87,opponent-hero,opponent-rmuc-2026-region,hero,16890.739,500.0,zone:supply:blue,25994.0,1950.0,回撤补给,2,10462.305,active,0,0,True,True,False,moving,0.0,0.0,1900.0
87,opponent-engineer,opponent-rmuc-2026-region,engineer,18768.0,2450.0,zone:assembly:blue,,,装配科技核心,0,0.0,none,0,0,True,True,False,legal wait: no active movement route,0.0,0.0,0.0
87,opponent-infantry-1,opponent-rmuc-2026-region,infantry,25706.57,2658.438,zone:supply:blue,,,回撤补给,0,0.0,none,0,0,True,False,False,movement permission or chassis power lock,0.0,0.0,1488.333
87,opponent-infantry-2,opponent-rmuc-2026-region,infantry,21097.121,6938.896,defense:blue-outpost,,,防守前哨站,0,0.0,none,0,0,True,True,False,legal wait: no active movement route,0.0,0.0,0.0
87,opponent-sentry,opponent-rmuc-2026-region,sentry,21412.451,6708.081,defense:blue-outpost,,,防守前哨站,0,0.0,none,0,0,True,True,False,legal wait: no active movement route,0.0,0.0,0.0
87,opponent-drone,opponent-rmuc-2026-region,drone,6465.632,12635.632,robot:tarsgo-engineer,9232.0,12550.0,空中压制敌方工程,1,2767.693,active,0,0,True,True,False,moving,0.0,0.0,1900.0
88,tarsgo-hero,tarsgo-rmuc-2026-region,hero,13287.708,14088.94,zone:supply:red,2006.0,13050.0,前往补给区,2,11436.957,active,0,0,True,True,False,moving,0.0,0.017,532.186
88,tarsgo-engineer,tarsgo-rmuc-2026-region,engineer,9232.0,12550.0,zone:assembly:red,,,装配科技核心,0,0.0,none,0,0,True,True,False,legal wait: no active movement route,0.0,0.083,0.0
88,tarsgo-infantry-1,tarsgo-rmuc-2026-region,infantry,7521.561,13696.376,robot:opponent-hero,18664.072,500.0,集火残血目标,2,22009.989,active,0,0,True,True,False,moving,0.0,0.217,1833.532
88,tarsgo-infantry-2,tarsgo-rmuc-2026-region,infantry,12797.776,14500.0,robot:opponent-hero,18537.406,500.0,集火残血目标,2,15670.874,active,0,0,True,False,False,movement permission or chassis power lock,0.0,0.217,0.0
88,tarsgo-sentry,tarsgo-rmuc-2026-region,sentry,9342.092,4866.249,robot:opponent-hero,18410.739,500.0,集火残血目标,2,12742.28,active,0,0,True,True,False,moving,0.0,0.017,1900.0
88,tarsgo-drone,tarsgo-rmuc-2026-region,drone,24873.597,3622.574,robot:opponent-infantry-1,25706.57,2658.438,空中压制残血目标,1,1274.128,active,0,0,True,True,False,moving,0.0,0.0,1899.921
88,opponent-hero,opponent-rmuc-2026-region,hero,18790.739,500.0,zone:supply:blue,25994.0,1950.0,回撤补给,2,8562.305,active,0,0,True,True,False,moving,0.0,0.0,1900.0
88,opponent-engineer,opponent-rmuc-2026-region,engineer,18768.0,2450.0,zone:assembly:blue,,,装配科技核心,0,0.0,none,0,0,True,True,False,legal wait: no active movement route,0.0,0.0,0.0
88,opponent-infantry-1,opponent-rmuc-2026-region,infantry,25706.57,2658.438,zone:supply:blue,,,回撤补给,0,0.0,none,0,0,True,False,False,movement permission or chassis power lock,0.0,0.0,0.0
88,opponent-infantry-2,opponent-rmuc-2026-region,infantry,21097.121,6938.896,defense:blue-outpost,,,防守前哨站,0,0.0,none,0,0,True,True,False,legal wait: no active movement route,0.0,0.0,0.0
88,opponent-sentry,opponent-rmuc-2026-region,sentry,21412.451,6708.081,defense:blue-outpost,,,防守前哨站,0,0.0,none,0,0,True,True,False,legal wait: no active movement route,0.0,0.0,0.0
88,opponent-drone,opponent-rmuc-2026-region,drone,7858.298,12592.522,robot:tarsgo-engineer,,,空中压制敌方工程,0,0.0,none,0,0,True,True,False,legal wait: no active movement route,0.0,0.0,1393.333
89,tarsgo-hero,tarsgo-rmuc-2026-region,hero,12364.787,13537.113,zone:supply:red,2006.0,13050.0,前往补给区,2,10683.832,active,0,0,True,True,False,moving,0.0,0.017,1075.312
89,tarsgo-engineer,tarsgo-rmuc-2026-region,engineer,9232.0,12550.0,zone:assembly:red,,,装配科技核心,0,0.0,none,0,0,True,True,False,legal wait: no active movement route,0.0,0.083,0.0
89,tarsgo-infantry-1,tarsgo-rmuc-2026-region,infantry,7885.912,11831.638,robot:opponent-hero,20089.072,500.0,集火残血目标,2,21534.989,active,0,0,True,True,False,moving,0.0,0.217,1900.0
89,tarsgo-infantry-2,tarsgo-rmuc-2026-region,infantry,13048.944,13782.703,robot:opponent-hero,19962.406,500.0,集火残血目标,2,16335.874,active,0,0,True,True,False,moving,0.0,0.217,760.0
89,tarsgo-sentry,tarsgo-rmuc-2026-region,sentry,9667.041,2994.243,robot:opponent-hero,19835.739,500.0,集火残血目标,2,12267.28,active,0,0,True,True,False,moving,0.0,0.017,1900.0
89,tarsgo-drone,tarsgo-rmuc-2026-region,drone,24805.623,3317.523,robot:opponent-hero,20437.406,500.0,空中压制残血目标,1,5198.053,active,0,0,True,True,False,moving,0.0,0.0,312.532
89,opponent-hero,opponent-rmuc-2026-region,hero,20690.739,500.0,zone:supply:blue,25994.0,1950.0,回撤补给,2,6662.305,active,0,0,True,True,False,moving,0.0,0.0,1900.0
89,opponent-engineer,opponent-rmuc-2026-region,engineer,18768.0,2450.0,zone:assembly:blue,,,装配科技核心,0,0.0,none,0,0,True,True,False,legal wait: no active movement route,0.0,0.0,0.0
89,opponent-infantry-1,opponent-rmuc-2026-region,infantry,25706.57,2658.438,zone:supply:blue,,,回撤补给,0,0.0,none,0,0,True,False,False,movement permission or chassis power lock,0.0,0.0,0.0
89,opponent-infantry-2,opponent-rmuc-2026-region,infantry,21097.121,6938.896,defense:blue-outpost,,,防守前哨站,0,0.0,none,0,0,True,True,False,legal wait: no active movement route,0.0,0.0,0.0
89,opponent-sentry,opponent-rmuc-2026-region,sentry,21412.451,6708.081,defense:blue-outpost,,,防守前哨站,0,0.0,none,0,0,True,True,False,legal wait: no active movement route,0.0,0.0,0.0
89,opponent-drone,opponent-rmuc-2026-region,drone,7858.298,12592.522,robot:tarsgo-engineer,,,空中压制敌方工程,0,0.0,none,0,0,True,True,False,legal wait: no active movement route,0.0,0.0,0.0
90,tarsgo-hero,tarsgo-rmuc-2026-region,hero,10616.256,14280.511,zone:supply:red,2006.0,13050.0,前往补给区,2,8783.832,active,0,0,True,True,False,moving,0.0,0.017,1900.0
90,tarsgo-engineer,tarsgo-rmuc-2026-region,engineer,9232.0,12550.0,zone:assembly:red,,,装配科技核心,0,0.0,none,0,0,True,True,False,legal wait: no active movement route,0.0,0.083,0.0
90,tarsgo-infantry-1,tarsgo-rmuc-2026-region,infantry,8250.263,9966.9,robot:opponent-hero,21514.072,500.0,集火残血目标,2,21059.989,active,0,0,True,True,False,moving,0.0,0.217,1900.0
90,tarsgo-infantry-2,tarsgo-rmuc-2026-region,infantry,14236.55,13169.651,robot:opponent-infantry-1,25706.57,2658.438,追击敌方步兵,2,18080.793,active,0,0,True,True,False,moving,0.0,0.217,1336.503
90,tarsgo-sentry,tarsgo-rmuc-2026-region,sentry,9991.99,1122.236,robot:opponent-hero,21260.739,500.0,集火残血目标,2,11792.28,active,0,0,True,True,False,moving,0.0,0.017,1900.0
90,tarsgo-drone,tarsgo-rmuc-2026-region,drone,23334.544,2140.383,robot:opponent-hero,21862.406,500.0,空中压制残血目标,1,2204.098,active,0,0,True,True,False,moving,0.0,0.0,1884.073
90,opponent-hero,opponent-rmuc-2026-region,hero,22590.739,500.0,zone:supply:blue,25994.0,1950.0,回撤补给,2,4762.305,active,0,0,True,True,False,moving,0.0,0.0,1900.0
90,opponent-engineer,opponent-rmuc-2026-region,engineer,18768.0,2450.0,zone:assembly:blue,,,装配科技核心,0,0.0,none,0,0,True,True,False,legal wait: no active movement route,0.0,0.0,0.0
90,opponent-infantry-1,opponent-rmuc-2026-region,infantry,25706.57,2658.438,zone:supply:blue,,,回撤补给,0,0.0,none,0,0,True,False,False,movement permission or chassis power lock,0.0,0.0,0.0
90,opponent-infantry-2,opponent-rmuc-2026-region,infantry,21097.121,6938.896,defense:blue-outpost,,,防守前哨站,0,0.0,none,0,0,True,True,False,legal wait: no active movement route,0.0,0.0,0.0
90,opponent-sentry,opponent-rmuc-2026-region,sentry,21412.451,6708.081,defense:blue-outpost,,,防守前哨站,0,0.0,none,0,0,True,True,False,legal wait: no active movement route,0.0,0.0,0.0
90,opponent-drone,opponent-rmuc-2026-region,drone,7858.298,12592.522,robot:tarsgo-engineer,,,空中压制敌方工程,0,0.0,none,0,0,True,True,False,legal wait: no active movement route,0.0,0.0,0.0
91,tarsgo-hero,tarsgo-rmuc-2026-region,hero,8781.961,14263.88,zone:supply:red,2006.0,13050.0,前往补给区,1,6883.832,active,0,0,True,True,False,moving,0.0,0.017,1834.371
91,tarsgo-engineer,tarsgo-rmuc-2026-region,engineer,9232.0,12550.0,zone:assembly:red,,,装配科技核心,0,0.0,none,0,0,True,True,False,legal wait: no active movement route,0.0,0.083,0.0
91,tarsgo-infantry-1,tarsgo-rmuc-2026-region,infantry,8614.614,8102.161,robot:opponent-hero,24364.072,500.0,集火残血目标,2,22009.989,active,0,0,True,True,False,moving,0.0,0.217,1900.0
91,tarsgo-infantry-2,tarsgo-rmuc-2026-region,infantry,14896.572,11700.261,robot:opponent-hero,24237.406,500.0,集火残血目标,2,18083.187,active,0,0,True,True,False,moving,0.0,0.217,1610.818
91,tarsgo-sentry,tarsgo-rmuc-2026-region,sentry,11368.459,500.0,robot:opponent-hero,24110.739,500.0,集火残血目标,1,12742.28,active,0,0,True,True,False,moving,0.0,0.017,1510.577
91,tarsgo-drone,tarsgo-rmuc-2026-region,drone,22869.234,1621.894,robot:opponent-hero,,,空中压制残血目标,0,0.0,none,0,0,True,True,False,legal wait: no active movement route,0.0,0.0,696.667
91,opponent-hero,opponent-rmuc-2026-region,hero,24490.739,500.0,zone:supply:blue,25994.0,1950.0,回撤补给,2,2862.305,active,0,0,True,True,False,moving,0.0,0.0,1900.0
91,opponent-engineer,opponent-rmuc-2026-region,engineer,18768.0,2450.0,zone:assembly:blue,,,装配科技核心,0,0.0,none,0,0,True,True,False,legal wait: no active movement route,0.0,0.0,0.0
91,opponent-infantry-1,opponent-rmuc-2026-region,infantry,25706.57,2658.438,defense:blue-outpost,21616.0,8160.0,防守前哨站,1,6855.651,active,0,0,True,False,False,movement permission or chassis power lock,0.0,0.0,0.0
91,opponent-infantry-2,opponent-rmuc-2026-region,infantry,21097.121,6938.896,defense:blue-outpost,,,防守前哨站,0,0.0,none,0,0,True,True,False,legal wait: no active movement route,0.0,0.0,0.0
91,opponent-sentry,opponent-rmuc-2026-region,sentry,21412.451,6708.081,defense:blue-outpost,,,防守前哨站,0,0.0,none,0,0,True,True,False,legal wait: no active movement route,0.0,0.0,0.0
91,opponent-drone,opponent-rmuc-2026-region,drone,7858.298,12592.522,robot:tarsgo-engineer,,,空中压制敌方工程,0,0.0,none,0,0,True,True,False,legal wait: no active movement route,0.0,0.0,0.0
92,tarsgo-hero,tarsgo-rmuc-2026-region,hero,6911.734,13928.838,zone:supply:red,2006.0,13050.0,前往补给区,1,4983.832,active,0,0,True,True,False,moving,0.0,0.017,1900.0
92,tarsgo-engineer,tarsgo-rmuc-2026-region,engineer,9232.0,12550.0,zone:assembly:red,,,装配科技核心,0,0.0,none,0,0,True,True,False,legal wait: no active movement route,0.0,0.083,0.0
92,tarsgo-infantry-1,tarsgo-rmuc-2026-region,infantry,8978.965,6237.423,robot:opponent-hero,25789.072,500.0,集火残血目标,2,21534.989,active,0,0,True,True,False,moving,0.0,0.217,1900.0
92,tarsgo-infantry-2,tarsgo-rmuc-2026-region,infantry,15357.91,9857.121,robot:opponent-hero,25662.406,500.0,集火残血目标,2,17608.187,active,0,0,True,True,False,moving,0.0,0.217,1900.0
92,tarsgo-sentry,tarsgo-rmuc-2026-region,sentry,13268.459,500.0,robot:opponent-hero,25535.739,500.0,集火残血目标,1,12267.28,active,0,0,True,True,False,moving,0.0,0.017,1900.0
92,tarsgo-drone,tarsgo-rmuc-2026-region,drone,23112.508,1551.216,robot:opponent-hero,25915.358,736.908,空中压制残血目标,1,2918.744,active,0,0,True,True,False,moving,0.0,0.0,253.333
92,opponent-hero,opponent-rmuc-2026-region,hero,25931.747,989.711,zone:supply:blue,25994.0,1950.0,回撤补给,1,962.305,active,0,0,True,True,False,moving,0.0,0.0,1521.946
92,opponent-engineer,opponent-rmuc-2026-region,engineer,18768.0,2450.0,zone:assembly:blue,,,装配科技核心,0,0.0,none,0,0,True,True,False,legal wait: no active movement route,0.0,0.0,0.0
92,opponent-infantry-1,opponent-rmuc-2026-region,infantry,25479.835,2963.383,defense:blue-outpost,21616.0,8160.0,防守前哨站,1,6475.651,active,0,0,True,True,False,moving,0.0,0.0,380.0
92,opponent-infantry-2,opponent-rmuc-2026-region,infantry,21097.121,6938.896,defense:blue-outpost,,,防守前哨站,0,0.0,none,0,0,True,True,False,legal wait: no active movement route,0.0,0.0,0.0
92,opponent-sentry,opponent-rmuc-2026-region,sentry,21412.451,6708.081,defense:blue-outpost,,,防守前哨站,0,0.0,none,0,0,True,True,False,legal wait: no active movement route,0.0,0.0,0.0
92,opponent-drone,opponent-rmuc-2026-region,drone,7858.298,12592.522,robot:tarsgo-engineer,,,空中压制敌方工程,0,0.0,none,0,0,True,True,False,legal wait: no active movement route,0.0,0.0,0.0
93,tarsgo-hero,tarsgo-rmuc-2026-region,hero,5041.508,13593.796,zone:supply:red,2006.0,13050.0,前往补给区,1,3083.832,active,0,0,True,True,False,moving,0.0,0.017,1900.0
93,tarsgo-engineer,tarsgo-rmuc-2026-region,engineer,9232.0,12550.0,zone:assembly:red,,,装配科技核心,0,0.0,none,0,0,True,True,False,legal wait: no active movement route,0.0,0.083,0.0
93,tarsgo-infantry-1,tarsgo-rmuc-2026-region,infantry,9343.316,4372.685,robot:opponent-hero,25985.01,1811.32,集火残血目标,3,21059.989,active,0,0,True,True,False,moving,0.0,0.217,1900.0
93,tarsgo-infantry-2,tarsgo-rmuc-2026-region,infantry,15819.249,8013.98,robot:opponent-hero,25976.815,1684.918,集火残血目标,2,16106.984,active,0,0,True,True,False,moving,0.0,0.217,1900.0
93,tarsgo-sentry,tarsgo-rmuc-2026-region,sentry,15168.459,500.0,robot:opponent-engineer,18768.0,2450.0,追击敌方工程,2,5482.727,active,0,0,True,True,False,moving,0.0,0.017,1900.0
93,tarsgo-drone,tarsgo-rmuc-2026-region,drone,24237.652,1224.33,robot:opponent-hero,,,空中压制残血目标,0,0.0,none,0,0,True,True,False,legal wait: no active movement route,0.0,0.0,1171.667
93,opponent-hero,opponent-rmuc-2026-region,hero,25994.0,1950.0,zone:supply:blue,,,补充弹量,0,0.0,none,0,0,True,True,False,legal wait: no active movement route,0.0,0.0,962.305
93,opponent-engineer,opponent-rmuc-2026-region,engineer,18768.0,2450.0,zone:assembly:blue,,,装配科技核心,0,0.0,none,0,0,True,True,False,legal wait: no active movement route,0.0,0.0,0.0
93,opponent-infantry-1,opponent-rmuc-2026-region,infantry,24346.16,4488.106,defense:blue-outpost,21616.0,8160.0,防守前哨站,1,4575.651,active,0,0,True,True,False,moving,0.0,0.0,1900.0
93,opponent-infantry-2,opponent-rmuc-2026-region,infantry,21097.121,6938.896,defense:blue-outpost,,,防守前哨站,0,0.0,none,0,0,True,True,False,legal wait: no active movement route,0.0,0.0,0.0
93,opponent-sentry,opponent-rmuc-2026-region,sentry,21412.451,6708.081,defense:blue-outpost,,,防守前哨站,0,0.0,none,0,0,True,True,False,legal wait: no active movement route,0.0,0.0,0.0
93,opponent-drone,opponent-rmuc-2026-region,drone,7858.298,12592.522,robot:tarsgo-engineer,,,空中压制敌方工程,0,0.0,none,0,0,True,True,False,legal wait: no active movement route,0.0,0.0,0.0
94,tarsgo-hero,tarsgo-rmuc-2026-region,hero,3202.452,13264.338,zone:supply:red,,,补充弹量,0,0.0,none,0,0,True,True,False,legal wait: no active movement route,0.0,0.017,1868.333
94,tarsgo-engineer,tarsgo-rmuc-2026-region,engineer,9232.0,12550.0,zone:assembly:red,,,装配科技核心,0,0.0,none,0,0,True,True,False,legal wait: no active movement route,0.0,0.083,0.0
94,tarsgo-infantry-1,tarsgo-rmuc-2026-region,infantry,8370.519,5021.74,zone:supply:red,2276.0,12368.0,回撤补给,2,9858.713,active,0,0,True,True,False,moving,0.0,0.217,1169.447
94,tarsgo-infantry-2,tarsgo-rmuc-2026-region,infantry,14889.417,8928.86,support:tarsgo-engineer,9932.0,12550.0,保护工程,3,9375.28,active,0,0,True,True,False,moving,0.0,0.217,1304.451
94,tarsgo-sentry,tarsgo-rmuc-2026-region,sentry,15326.792,500.0,robot:opponent-engineer,18768.0,2450.0,追击敌方工程,2,5324.393,active,0,0,True,False,False,movement permission or chassis power lock,0.0,0.017,158.333
94,tarsgo-drone,tarsgo-rmuc-2026-region,drone,24237.652,1224.33,robot:opponent-hero,,,空中压制敌方英雄,0,0.0,none,0,0,True,True,False,legal wait: no active movement route,0.0,0.0,0.0
94,opponent-hero,opponent-rmuc-2026-region,hero,25994.0,1950.0,zone:supply:blue,,,回撤补给,0,0.0,none,0,0,True,True,False,legal wait: no active movement route,0.0,0.0,0.0
94,opponent-engineer,opponent-rmuc-2026-region,engineer,18768.0,2450.0,zone:assembly:blue,,,装配科技核心,0,0.0,none,0,0,True,True,False,legal wait: no active movement route,0.0,0.0,0.0
94,opponent-infantry-1,opponent-rmuc-2026-region,infantry,23212.484,6012.829,defense:blue-outpost,21616.0,8160.0,防守前哨站,1,2675.651,active,0,0,True,True,False,moving,0.0,0.0,1900.0
94,opponent-infantry-2,opponent-rmuc-2026-region,infantry,21097.121,6938.896,defense:blue-outpost,,,防守前哨站,0,0.0,none,0,0,True,True,False,legal wait: no active movement route,0.0,0.0,0.0
94,opponent-sentry,opponent-rmuc-2026-region,sentry,21412.451,6708.081,defense:blue-outpost,,,防守前哨站,0,0.0,none,0,0,True,True,False,legal wait: no active movement route,0.0,0.0,0.0
94,opponent-drone,opponent-rmuc-2026-region,drone,7858.298,12592.522,robot:tarsgo-engineer,,,空中压制敌方工程,0,0.0,none,0,0,True,True,False,legal wait: no active movement route,0.0,0.0,0.0
95,tarsgo-hero,tarsgo-rmuc-2026-region,hero,3202.452,13264.338,structure:blue-outpost,,,进攻前哨站,0,0.0,searching,4,4,True,True,False,waiting for path search,0.0,0.017,0.0
95,tarsgo-engineer,tarsgo-rmuc-2026-region,engineer,9232.0,12550.0,zone:assembly:red,,,装配科技核心,0,0.0,none,0,0,True,True,False,legal wait: no active movement route,0.0,0.083,0.0
95,tarsgo-infantry-1,tarsgo-rmuc-2026-region,infantry,7027.873,6366.098,zone:supply:red,2276.0,12368.0,回撤补给,2,7958.713,active,0,0,True,True,False,moving,0.0,0.217,1900.0
95,tarsgo-infantry-2,tarsgo-rmuc-2026-region,infantry,13681.35,10395.345,support:tarsgo-engineer,9932.0,12550.0,保护工程,3,7475.28,active,0,0,True,True,False,moving,0.0,0.217,1900.0
95,tarsgo-sentry,tarsgo-rmuc-2026-region,sentry,15326.792,500.0,robot:opponent-engineer,18768.0,2450.0,追击敌方工程,2,5324.393,active,0,0,True,False,False,movement permission or chassis power lock,0.0,0.017,0.0
95,tarsgo-drone,tarsgo-rmuc-2026-region,drone,24237.652,1224.33,robot:opponent-hero,,,空中压制敌方英雄,0,0.0,none,0,0,True,True,False,legal wait: no active movement route,0.0,0.0,0.0
95,opponent-hero,opponent-rmuc-2026-region,hero,25994.0,1950.0,structure:red-outpost,,,进攻前哨站,0,0.0,searching,3,3,True,True,False,waiting for path search,0.0,0.0,0.0
95,opponent-engineer,opponent-rmuc-2026-region,engineer,18768.0,2450.0,zone:assembly:blue,,,装配科技核心,0,0.0,none,0,0,True,True,False,legal wait: no active movement route,0.0,0.0,0.0
95,opponent-infantry-1,opponent-rmuc-2026-region,infantry,22078.809,7537.551,defense:blue-outpost,21616.0,8160.0,防守前哨站,1,775.651,active,0,0,True,True,False,moving,0.0,0.0,1900.0
95,opponent-infantry-2,opponent-rmuc-2026-region,infantry,21097.121,6938.896,defense:blue-outpost,,,防守前哨站,0,0.0,none,0,0,True,True,False,legal wait: no active movement route,0.0,0.0,0.0
95,opponent-sentry,opponent-rmuc-2026-region,sentry,21412.451,6708.081,defense:blue-outpost,,,防守前哨站,0,0.0,none,0,0,True,True,False,legal wait: no active movement route,0.0,0.0,0.0
95,opponent-drone,opponent-rmuc-2026-region,drone,7858.298,12592.522,robot:tarsgo-engineer,,,空中压制敌方工程,0,0.0,none,0,0,True,True,False,legal wait: no active movement route,0.0,0.0,0.0
96,tarsgo-hero,tarsgo-rmuc-2026-region,hero,3202.452,13264.338,structure:blue-outpost,,,进攻前哨站,0,0.0,searching,2,2,True,True,False,waiting for path search,0.0,0.017,0.0
96,tarsgo-engineer,tarsgo-rmuc-2026-region,engineer,9232.0,12550.0,zone:assembly:red,,,装配科技核心,0,0.0,none,0,0,True,True,False,legal wait: no active movement route,0.0,0.083,0.0
96,tarsgo-infantry-1,tarsgo-rmuc-2026-region,infantry,5685.226,7710.457,zone:supply:red,2276.0,12368.0,回撤补给,2,6058.713,active,0,0,True,True,False,moving,0.0,0.217,1900.0
96,tarsgo-infantry-2,tarsgo-rmuc-2026-region,infantry,12473.284,11861.829,support:tarsgo-engineer,9932.0,12550.0,保护工程,3,5575.28,active,0,0,True,True,False,moving,0.0,0.217,1900.0
96,tarsgo-sentry,tarsgo-rmuc-2026-region,sentry,15326.792,500.0,robot:opponent-engineer,18768.0,2450.0,追击敌方工程,2,5324.393,active,0,0,True,False,False,movement permission or chassis power lock,0.0,0.017,0.0
96,tarsgo-drone,tarsgo-rmuc-2026-region,drone,24237.652,1224.33,robot:opponent-hero,,,空中压制敌方英雄,0,0.0,none,0,0,True,True,False,legal wait: no active movement route,0.0,0.0,0.0
96,opponent-hero,opponent-rmuc-2026-region,hero,25962.785,1944.671,structure:red-outpost,6600.0,7500.0,进攻前哨站,3,26985.323,active,0,0,True,True,False,moving,0.0,0.0,31.667
96,opponent-engineer,opponent-rmuc-2026-region,engineer,18768.0,2450.0,zone:assembly:blue,,,装配科技核心,0,0.0,none,0,0,True,True,False,legal wait: no active movement route,0.0,0.0,0.0
96,opponent-infantry-1,opponent-rmuc-2026-region,infantry,21616.0,8160.0,defense:blue-outpost,,,防守前哨站,0,0.0,none,0,0,True,True,False,legal wait: no active movement route,0.0,0.0,775.651
96,opponent-infantry-2,opponent-rmuc-2026-region,infantry,21097.121,6938.896,defense:blue-outpost,,,防守前哨站,0,0.0,none,0,0,True,True,False,legal wait: no active movement route,0.0,0.0,0.0
96,opponent-sentry,opponent-rmuc-2026-region,sentry,21412.451,6708.081,defense:blue-outpost,,,防守前哨站,0,0.0,none,0,0,True,True,False,legal wait: no active movement route,0.0,0.0,0.0
96,opponent-drone,opponent-rmuc-2026-region,drone,7858.298,12592.522,robot:tarsgo-engineer,,,空中压制敌方工程,0,0.0,none,0,0,True,True,False,legal wait: no active movement route,0.0,0.0,0.0
97,tarsgo-hero,tarsgo-rmuc-2026-region,hero,4732.342,13523.388,structure:blue-outpost,21400.0,7500.0,进攻前哨站,3,20881.375,active,0,0,True,True,False,moving,0.0,0.017,1551.667
97,tarsgo-engineer,tarsgo-rmuc-2026-region,engineer,9232.0,12550.0,zone:assembly:red,,,装配科技核心,0,0.0,none,0,0,True,True,False,legal wait: no active movement route,0.0,0.083,0.0
97,tarsgo-infantry-1,tarsgo-rmuc-2026-region,infantry,4342.58,9054.816,zone:supply:red,2276.0,12368.0,回撤补给,2,4158.713,active,0,0,True,True,False,moving,0.0,0.217,1900.0
97,tarsgo-infantry-2,tarsgo-rmuc-2026-region,infantry,11265.217,13328.313,support:tarsgo-engineer,9932.0,12550.0,保护工程,3,3675.28,active,0,0,True,True,False,moving,0.0,0.217,1900.0
97,tarsgo-sentry,tarsgo-rmuc-2026-region,sentry,15326.792,500.0,robot:opponent-engineer,18768.0,2450.0,追击敌方工程,2,5324.393,active,0,0,True,False,False,movement permission or chassis power lock,0.0,0.017,0.0
97,tarsgo-drone,tarsgo-rmuc-2026-region,drone,24237.652,1224.33,robot:opponent-hero,,,空中压制敌方英雄,0,0.0,none,0,0,True,True,False,legal wait: no active movement route,0.0,0.0,0.0
97,opponent-hero,opponent-rmuc-2026-region,hero,24089.879,1624.95,structure:red-outpost,6600.0,7500.0,进攻前哨站,3,25085.323,active,0,0,True,True,False,moving,0.0,0.0,1900.0
97,opponent-engineer,opponent-rmuc-2026-region,engineer,18768.0,2450.0,zone:assembly:blue,,,装配科技核心,0,0.0,none,0,0,True,True,False,legal wait: no active movement route,0.0,0.0,0.0
97,opponent-infantry-1,opponent-rmuc-2026-region,infantry,21616.0,8160.0,defense:blue-outpost,,,防守前哨站,0,0.0,none,0,0,True,True,False,legal wait: no active movement route,0.0,0.0,0.0
97,opponent-infantry-2,opponent-rmuc-2026-region,infantry,21097.121,6938.896,defense:blue-outpost,,,防守前哨站,0,0.0,none,0,0,True,True,False,legal wait: no active movement route,0.0,0.0,0.0
97,opponent-sentry,opponent-rmuc-2026-region,sentry,21412.451,6708.081,defense:blue-outpost,,,防守前哨站,0,0.0,none,0,0,True,True,False,legal wait: no active movement route,0.0,0.0,0.0
97,opponent-drone,opponent-rmuc-2026-region,drone,7858.298,12592.522,robot:tarsgo-engineer,,,空中压制敌方工程,0,0.0,none,0,0,True,True,False,legal wait: no active movement route,0.0,0.0,0.0
98,tarsgo-hero,tarsgo-rmuc-2026-region,hero,6605.676,13840.591,structure:blue-outpost,21400.0,7500.0,进攻前哨站,3,18981.375,active,0,0,True,True,False,moving,0.0,0.017,1900.0
98,tarsgo-engineer,tarsgo-rmuc-2026-region,engineer,9232.0,12550.0,zone:assembly:red,,,装配科技核心,0,0.0,none,0,0,True,True,False,legal wait: no active movement route,0.0,0.083,0.0
98,tarsgo-infantry-1,tarsgo-rmuc-2026-region,infantry,4230.692,9166.846,zone:supply:red,2276.0,12368.0,回撤补给,2,4000.38,active,0,0,True,False,False,movement permission or chassis power lock,0.0,0.217,158.333
98,tarsgo-infantry-2,tarsgo-rmuc-2026-region,infantry,10084.383,14318.728,support:tarsgo-engineer,9932.0,12550.0,保护工程,1,1775.28,active,0,0,True,True,False,moving,0.0,0.217,1541.199
98,tarsgo-sentry,tarsgo-rmuc-2026-region,sentry,15326.792,500.0,robot:opponent-engineer,18768.0,2450.0,追击敌方工程,2,5324.393,active,0,0,True,False,False,movement permission or chassis power lock,0.0,0.017,0.0
98,tarsgo-drone,tarsgo-rmuc-2026-region,drone,24237.652,1224.33,robot:opponent-hero,,,空中压制敌方英雄,0,0.0,none,0,0,True,True,False,legal wait: no active movement route,0.0,0.0,0.0
98,opponent-hero,opponent-rmuc-2026-region,hero,22216.972,1305.228,structure:red-outpost,6600.0,7500.0,进攻前哨站,3,23185.323,active,0,0,True,True,False,moving,0.0,0.0,1900.0
98,opponent-engineer,opponent-rmuc-2026-region,engineer,18768.0,2450.0,zone:assembly:blue,,,装配科技核心,0,0.0,none,0,0,True,True,False,legal wait: no active movement route,0.0,0.0,0.0
98,opponent-infantry-1,opponent-rmuc-2026-region,infantry,21616.0,8160.0,defense:blue-outpost,,,防守前哨站,0,0.0,none,0,0,True,True,False,legal wait: no active movement route,0.0,0.0,0.0
98,opponent-infantry-2,opponent-rmuc-2026-region,infantry,21097.121,6938.896,defense:blue-outpost,,,防守前哨站,0,0.0,none,0,0,True,True,False,legal wait: no active movement route,0.0,0.0,0.0
98,opponent-sentry,opponent-rmuc-2026-region,sentry,21412.451,6708.081,defense:blue-outpost,,,防守前哨站,0,0.0,none,0,0,True,True,False,legal wait: no active movement route,0.0,0.0,0.0
98,opponent-drone,opponent-rmuc-2026-region,drone,7858.298,12592.522,robot:tarsgo-engineer,,,空中压制敌方工程,0,0.0,none,0,0,True,True,False,legal wait: no active movement route,0.0,0.0,0.0
99,tarsgo-hero,tarsgo-rmuc-2026-region,hero,8479.01,14157.795,structure:blue-outpost,21400.0,7500.0,进攻前哨站,3,17081.375,active,0,0,True,True,False,moving,0.0,0.017,1900.0
99,tarsgo-engineer,tarsgo-rmuc-2026-region,engineer,9232.0,12550.0,zone:assembly:red,,,装配科技核心,0,0.0,none,0,0,True,True,False,legal wait: no active movement route,0.0,0.083,0.0
99,tarsgo-infantry-1,tarsgo-rmuc-2026-region,infantry,4230.692,9166.846,zone:supply:red,2276.0,12368.0,回撤补给,2,4000.38,active,0,0,True,False,False,movement permission or chassis power lock,0.0,0.217,0.0
99,tarsgo-infantry-2,tarsgo-rmuc-2026-region,infantry,9932.0,12550.0,support:tarsgo-engineer,9932.0,12550.0,保护工程,0,0.0,none,0,0,True,True,False,legal wait: no active movement route,0.0,0.217,1775.28
99,tarsgo-sentry,tarsgo-rmuc-2026-region,sentry,17036.792,500.0,robot:opponent-engineer,18768.0,2450.0,追击敌方工程,2,3614.393,active,0,0,True,True,False,moving,0.0,0.017,1710.0
99,tarsgo-drone,tarsgo-rmuc-2026-region,drone,23509.806,1197.683,robot:opponent-hero,21062.013,1108.067,空中压制敌方英雄,1,2449.433,active,0,0,True,True,False,moving,0.0,0.0,728.333
99,opponent-hero,opponent-rmuc-2026-region,hero,20344.066,985.507,structure:red-outpost,6600.0,7500.0,进攻前哨站,3,21285.323,active,0,0,True,True,False,moving,0.0,0.0,1900.0
99,opponent-engineer,opponent-rmuc-2026-region,engineer,18768.0,2450.0,zone:assembly:blue,,,装配科技核心,0,0.0,none,0,0,True,True,False,legal wait: no active movement route,0.0,0.0,0.0
99,opponent-infantry-1,opponent-rmuc-2026-region,infantry,21616.0,8160.0,defense:blue-outpost,,,防守前哨站,0,0.0,none,0,0,True,True,False,legal wait: no active movement route,0.0,0.0,0.0
99,opponent-infantry-2,opponent-rmuc-2026-region,infantry,21097.121,6938.896,defense:blue-outpost,,,防守前哨站,0,0.0,none,0,0,True,True,False,legal wait: no active movement route,0.0,0.0,0.0
99,opponent-sentry,opponent-rmuc-2026-region,sentry,21412.451,6708.081,defense:blue-outpost,,,防守前哨站,0,0.0,none,0,0,True,True,False,legal wait: no active movement route,0.0,0.0,0.0
99,opponent-drone,opponent-rmuc-2026-region,drone,7858.298,12592.522,robot:tarsgo-engineer,,,空中压制敌方工程,0,0.0,none,0,0,True,True,False,legal wait: no active movement route,0.0,0.0,0.0
100,tarsgo-hero,tarsgo-rmuc-2026-region,hero,10352.345,14474.998,structure:blue-outpost,21400.0,7500.0,进攻前哨站,3,15181.375,active,0,0,True,True,False,moving,0.0,0.017,1900.0
100,tarsgo-engineer,tarsgo-rmuc-2026-region,engineer,9232.0,12550.0,zone:assembly:red,,,装配科技核心,0,0.0,none,0,0,True,True,False,legal wait: no active movement route,0.0,0.083,0.0
100,tarsgo-infantry-1,tarsgo-rmuc-2026-region,infantry,4230.692,9166.846,zone:supply:red,2276.0,12368.0,回撤补给,2,4000.38,active,0,0,True,False,False,movement permission or chassis power lock,0.0,0.217,0.0
100,tarsgo-infantry-2,tarsgo-rmuc-2026-region,infantry,9935.532,12296.691,robot:opponent-hero,19657.334,868.276,集火残血目标,3,21768.577,active,0,0,True,True,False,moving,0.0,0.217,253.333
100,tarsgo-sentry,tarsgo-rmuc-2026-region,sentry,18556.792,500.0,robot:opponent-hero,,,集火残血目标,0,0.0,none,0,0,True,True,False,legal wait: no active movement route,0.0,0.017,1520.0
100,tarsgo-drone,tarsgo-rmuc-2026-region,drone,21615.813,1056.858,robot:opponent-hero,19657.334,868.276,空中压制敌方英雄,1,1967.538,active,0,0,True,True,False,moving,0.0,0.0,1899.222
100,opponent-hero,opponent-rmuc-2026-region,hero,19750.979,884.262,,,,等待复活,0,0.0,none,0,0,False,False,False,dead/respawning,0.0,0.0,601.667
100,opponent-engineer,opponent-rmuc-2026-region,engineer,18768.0,2450.0,zone:assembly:blue,,,装配科技核心,0,0.0,none,0,0,True,True,False,legal wait: no active movement route,0.0,0.0,0.0
100,opponent-infantry-1,opponent-rmuc-2026-region,infantry,21215.683,8842.995,robot:tarsgo-hero,9509.344,14332.257,追击敌方英雄,3,14971.105,active,0,0,True,True,False,moving,0.0,0.0,791.667
100,opponent-infantry-2,opponent-rmuc-2026-region,infantry,21097.121,6938.896,defense:blue-outpost,,,防守前哨站,0,0.0,none,0,0,True,True,False,legal wait: no active movement route,0.0,0.0,0.0
100,opponent-sentry,opponent-rmuc-2026-region,sentry,21412.451,6708.081,defense:blue-outpost,,,防守前哨站,0,0.0,none,0,0,True,True,False,legal wait: no active movement route,0.0,0.0,0.0
100,opponent-drone,opponent-rmuc-2026-region,drone,7858.298,12592.522,robot:tarsgo-engineer,,,空中压制敌方工程,0,0.0,none,0,0,True,True,False,legal wait: no active movement route,0.0,0.0,0.0
101,tarsgo-hero,tarsgo-rmuc-2026-region,hero,12250.243,14500.0,structure:blue-outpost,21400.0,7500.0,进攻前哨站,2,13281.375,active,0,0,True,True,False,moving,0.0,0.017,1898.063
101,tarsgo-engineer,tarsgo-rmuc-2026-region,engineer,9232.0,12550.0,zone:assembly:red,,,装配科技核心,0,0.0,none,0,0,True,True,False,legal wait: no active movement route,0.0,0.083,0.0
101,tarsgo-infantry-1,tarsgo-rmuc-2026-region,infantry,4230.692,9166.846,zone:supply:red,2276.0,12368.0,回撤补给,2,4000.38,active,0,0,True,False,False,movement permission or chassis power lock,0.0,0.217,0.0
101,tarsgo-infantry-2,tarsgo-rmuc-2026-region,infantry,9979.962,11662.915,robot:opponent-infantry-1,20623.214,9853.828,追击敌方步兵,3,16025.049,active,0,0,True,True,False,moving,0.0,0.217,635.332
101,tarsgo-sentry,tarsgo-rmuc-2026-region,sentry,18870.576,1295.339,robot:opponent-infantry-2,21097.121,6938.896,追击敌方步兵,1,6066.897,active,0,0,True,True,False,moving,0.0,0.017,855.0
101,tarsgo-drone,tarsgo-rmuc-2026-region,drone,20140.447,1711.115,robot:opponent-engineer,,,空中压制敌方工程,0,0.0,none,0,0,True,True,False,legal wait: no active movement route,0.0,0.0,1613.925
101,opponent-hero,opponent-rmuc-2026-region,hero,19750.979,884.262,,,,等待复活,0,0.0,none,0,0,False,False,False,dead/respawning,0.0,0.0,0.0
101,opponent-engineer,opponent-rmuc-2026-region,engineer,18768.0,2450.0,zone:assembly:blue,,,装配科技核心,0,0.0,none,0,0,True,True,False,legal wait: no active movement route,0.0,0.0,0.0
101,opponent-infantry-1,opponent-rmuc-2026-region,infantry,20254.922,10482.184,robot:tarsgo-hero,10920.243,14500.0,追击敌方英雄,2,11636.849,active,0,0,True,True,False,moving,0.0,0.0,1900.0
101,opponent-infantry-2,opponent-rmuc-2026-region,infantry,21097.121,6938.896,defense:blue-outpost,,,防守前哨站,0,0.0,none,0,0,True,True,False,legal wait: no active movement route,0.0,0.0,0.0
101,opponent-sentry,opponent-rmuc-2026-region,sentry,21412.451,6708.081,defense:blue-outpost,,,防守前哨站,0,0.0,none,0,0,True,True,False,legal wait: no active movement route,0.0,0.0,0.0
101,opponent-drone,opponent-rmuc-2026-region,drone,7858.298,12592.522,robot:tarsgo-engineer,,,空中压制敌方工程,0,0.0,none,0,0,True,True,False,legal wait: no active movement route,0.0,0.0,0.0
102,tarsgo-hero,tarsgo-rmuc-2026-region,hero,14150.243,14500.0,structure:blue-outpost,21400.0,7500.0,进攻前哨站,2,11381.375,active,0,0,True,True,False,moving,0.0,0.017,1900.0
102,tarsgo-engineer,tarsgo-rmuc-2026-region,engineer,9232.0,12550.0,zone:assembly:red,,,装配科技核心,0,0.0,none,0,0,True,True,False,legal wait: no active movement route,0.0,0.083,0.0
102,tarsgo-infantry-1,tarsgo-rmuc-2026-region,infantry,4230.692,9166.846,zone:supply:red,2276.0,12368.0,回撤补给,2,4000.38,active,0,0,True,False,False,movement permission or chassis power lock,0.0,0.217,0.0
102,tarsgo-infantry-2,tarsgo-rmuc-2026-region,infantry,10060.28,13561.217,robot:opponent-infantry-1,19902.643,11083.219,追击敌方步兵,3,12700.049,active,0,0,True,True,False,moving,0.0,0.217,1900.0
102,tarsgo-sentry,tarsgo-rmuc-2026-region,sentry,19567.874,3062.76,robot:opponent-infantry-2,21097.121,6938.896,追击敌方步兵,1,4166.897,active,0,0,True,True,False,moving,0.0,0.017,1900.0
102,tarsgo-drone,tarsgo-rmuc-2026-region,drone,20140.447,1711.115,robot:opponent-engineer,,,空中压制敌方工程,0,0.0,none,0,0,True,True,False,legal wait: no active movement route,0.0,0.0,0.0
102,opponent-hero,opponent-rmuc-2026-region,hero,19750.979,884.262,,,,等待复活,0,0.0,none,0,0,False,False,False,dead/respawning,0.0,0.0,0.0
102,opponent-engineer,opponent-rmuc-2026-region,engineer,18768.0,2450.0,zone:assembly:blue,,,装配科技核心,0,0.0,none,0,0,True,True,False,legal wait: no active movement route,0.0,0.0,0.0
102,opponent-infantry-1,opponent-rmuc-2026-region,infantry,19294.161,12121.372,robot:tarsgo-hero,13770.243,14500.0,追击敌方英雄,2,6886.849,active,0,0,True,True,False,moving,0.0,0.0,1900.0
102,opponent-infantry-2,opponent-rmuc-2026-region,infantry,21097.121,6938.896,defense:blue-outpost,,,防守前哨站,0,0.0,none,0,0,True,True,False,legal wait: no active movement route,0.0,0.0,0.0
102,opponent-sentry,opponent-rmuc-2026-region,sentry,21412.451,6708.081,defense:blue-outpost,,,防守前哨站,0,0.0,none,0,0,True,True,False,legal wait: no active movement route,0.0,0.0,0.0
102,opponent-drone,opponent-rmuc-2026-region,drone,7858.298,12592.522,robot:tarsgo-engineer,,,空中压制敌方工程,0,0.0,none,0,0,True,True,False,legal wait: no active movement route,0.0,0.0,0.0
103,tarsgo-hero,tarsgo-rmuc-2026-region,hero,16050.243,14500.0,structure:blue-outpost,21400.0,7500.0,进攻前哨站,2,9481.375,active,0,0,True,True,False,moving,0.0,0.017,1900.0
103,tarsgo-engineer,tarsgo-rmuc-2026-region,engineer,9232.0,12550.0,zone:assembly:red,,,装配科技核心,0,0.0,none,0,0,True,True,False,legal wait: no active movement route,0.0,0.083,0.0
103,tarsgo-infantry-1,tarsgo-rmuc-2026-region,infantry,3022.311,10376.768,zone:supply:red,2276.0,12368.0,回撤补给,2,2290.38,active,0,0,True,True,False,moving,0.0,0.217,1710.0
103,tarsgo-infantry-2,tarsgo-rmuc-2026-region,infantry,11060.377,14500.0,robot:opponent-infantry-1,19069.984,12503.849,追击敌方步兵,2,9153.382,active,0,0,True,True,False,moving,0.0,0.217,1371.681
103,tarsgo-sentry,tarsgo-rmuc-2026-region,sentry,20265.172,4830.18,robot:opponent-infantry-2,21097.121,6938.896,追击敌方步兵,1,2266.897,active,0,0,True,True,False,moving,0.0,0.017,1900.0
103,tarsgo-drone,tarsgo-rmuc-2026-region,drone,20140.447,1711.115,robot:opponent-engineer,,,空中压制敌方工程,0,0.0,none,0,0,True,True,False,legal wait: no active movement route,0.0,0.0,0.0
103,opponent-hero,opponent-rmuc-2026-region,hero,19750.979,884.262,,,,等待复活,0,0.0,none,0,0,False,False,False,dead/respawning,0.0,0.0,0.0
103,opponent-engineer,opponent-rmuc-2026-region,engineer,18768.0,2450.0,zone:assembly:blue,,,装配科技核心,0,0.0,none,0,0,True,True,False,legal wait: no active movement route,0.0,0.0,0.0
103,opponent-infantry-1,opponent-rmuc-2026-region,infantry,19198.085,12285.291,defense:blue-outpost,21616.0,8160.0,防守前哨站,1,4781.667,active,0,0,True,True,False,moving,0.0,0.0,190.0
103,opponent-infantry-2,opponent-rmuc-2026-region,infantry,21097.121,6938.896,defense:blue-outpost,,,防守前哨站,0,0.0,none,0,0,True,True,False,legal wait: no active movement route,0.0,0.0,0.0
103,opponent-sentry,opponent-rmuc-2026-region,sentry,21412.451,6708.081,defense:blue-outpost,,,防守前哨站,0,0.0,none,0,0,True,True,False,legal wait: no active movement route,0.0,0.0,0.0
103,opponent-drone,opponent-rmuc-2026-region,drone,7858.298,12592.522,robot:tarsgo-engineer,,,空中压制敌方工程,0,0.0,none,0,0,True,True,False,legal wait: no active movement route,0.0,0.0,0.0
104,tarsgo-hero,tarsgo-rmuc-2026-region,hero,17920.014,14453.915,structure:blue-outpost,21400.0,7500.0,进攻前哨站,1,7581.375,active,0,0,True,True,False,moving,0.0,0.017,1870.339
104,tarsgo-engineer,tarsgo-rmuc-2026-region,engineer,9232.0,12550.0,zone:assembly:red,,,装配科技核心,0,0.0,none,0,0,True,True,False,legal wait: no active movement route,0.0,0.083,0.0
104,tarsgo-infantry-1,tarsgo-rmuc-2026-region,infantry,2283.388,11977.69,zone:supply:red,2276.0,12368.0,回撤补给,1,390.38,active,0,0,True,True,False,moving,0.0,0.217,1763.223
104,tarsgo-infantry-2,tarsgo-rmuc-2026-region,infantry,12960.377,14500.0,robot:opponent-infantry-1,19790.554,11274.458,追击敌方步兵,2,8678.382,active,0,0,True,True,False,moving,0.0,0.217,1900.0
104,tarsgo-sentry,tarsgo-rmuc-2026-region,sentry,20430.055,6614.988,zone:supply:red,2600.0,13732.0,回撤补给,3,23620.197,active,0,0,True,True,False,moving,0.0,0.017,1792.407
104,tarsgo-drone,tarsgo-rmuc-2026-region,drone,20140.447,1711.115,robot:opponent-engineer,,,空中压制敌方工程,0,0.0,none,0,0,True,True,False,legal wait: no active movement route,0.0,0.0,0.0
104,opponent-hero,opponent-rmuc-2026-region,hero,19750.979,884.262,,,,等待复活,0,0.0,none,0,0,False,False,False,dead/respawning,0.0,0.0,0.0
104,opponent-engineer,opponent-rmuc-2026-region,engineer,18768.0,2450.0,zone:assembly:blue,,,装配科技核心,0,0.0,none,0,0,True,True,False,legal wait: no active movement route,0.0,0.0,0.0
104,opponent-infantry-1,opponent-rmuc-2026-region,infantry,20158.846,10646.102,defense:blue-outpost,21616.0,8160.0,防守前哨站,1,2881.667,active,0,0,True,True,False,moving,0.0,0.0,1900.0
104,opponent-infantry-2,opponent-rmuc-2026-region,infantry,20536.665,6984.111,zone:supply:blue,25076.0,1268.0,前往补给区,2,8304.465,active,0,0,True,True,False,moving,0.0,0.0,562.277
104,opponent-sentry,opponent-rmuc-2026-region,sentry,21412.451,6708.081,defense:blue-outpost,,,防守前哨站,0,0.0,none,0,0,True,True,False,legal wait: no active movement route,0.0,0.0,0.0
104,opponent-drone,opponent-rmuc-2026-region,drone,7858.298,12592.522,robot:tarsgo-engineer,,,空中压制敌方工程,0,0.0,none,0,0,True,True,False,legal wait: no active movement route,0.0,0.0,0.0
105,tarsgo-hero,tarsgo-rmuc-2026-region,hero,18676.865,12711.166,structure:blue-outpost,21400.0,7500.0,进攻前哨站,1,5681.375,active,0,0,True,True,False,moving,0.0,0.017,1900.0
105,tarsgo-engineer,tarsgo-rmuc-2026-region,engineer,9232.0,12550.0,zone:assembly:red,,,装配科技核心,0,0.0,none,0,0,True,True,False,legal wait: no active movement route,0.0,0.083,0.0
105,tarsgo-infantry-1,tarsgo-rmuc-2026-region,infantry,3163.538,12603.822,robot:opponent-infantry-1,20575.176,9935.787,追击敌方步兵,3,20274.501,active,0,0,True,True,False,moving,0.0,0.217,1080.142
105,tarsgo-infantry-2,tarsgo-rmuc-2026-region,infantry,12453.71,14500.0,support:tarsgo-engineer,9932.0,12550.0,保护工程,2,4310.934,active,0,0,True,True,False,moving,0.0,0.217,506.667
105,tarsgo-sentry,tarsgo-rmuc-2026-region,sentry,20197.855,7338.647,,,,等待复活,0,0.0,none,0,0,False,False,False,dead/respawning,0.0,0.017,760.0
105,tarsgo-drone,tarsgo-rmuc-2026-region,drone,20140.447,1711.115,robot:opponent-engineer,,,空中压制敌方工程,0,0.0,none,0,0,True,True,False,legal wait: no active movement route,0.0,0.0,0.0
105,opponent-hero,opponent-rmuc-2026-region,hero,19750.979,884.262,,,,等待复活,0,0.0,none,0,0,False,False,False,dead/respawning,0.0,0.0,0.0
105,opponent-engineer,opponent-rmuc-2026-region,engineer,18768.0,2450.0,zone:assembly:blue,,,装配科技核心,0,0.0,none,0,0,True,True,False,legal wait: no active movement route,0.0,0.0,0.0
105,opponent-infantry-1,opponent-rmuc-2026-region,infantry,21119.607,9006.914,defense:blue-outpost,21616.0,8160.0,防守前哨站,1,981.667,active,0,0,True,True,False,moving,0.0,0.0,1900.0
105,opponent-infantry-2,opponent-rmuc-2026-region,infantry,20619.104,7120.73,zone:supply:blue,25076.0,1268.0,前往补给区,2,7923.839,active,0,0,True,True,False,moving,0.0,0.0,159.564
105,opponent-sentry,opponent-rmuc-2026-region,sentry,21412.451,6708.081,defense:blue-outpost,,,防守前哨站,0,0.0,none,0,0,True,True,False,legal wait: no active movement route,0.0,0.0,0.0
105,opponent-drone,opponent-rmuc-2026-region,drone,8856.483,13372.312,robot:tarsgo-engineer,,,空中压制敌方工程,0,0.0,none,0,0,True,True,False,legal wait: no active movement route,0.0,0.0,1266.667
106,tarsgo-hero,tarsgo-rmuc-2026-region,hero,19433.716,10968.416,structure:blue-outpost,21400.0,7500.0,进攻前哨站,1,3781.375,active,0,0,True,True,False,moving,0.0,0.017,1900.0
106,tarsgo-engineer,tarsgo-rmuc-2026-region,engineer,9232.0,12550.0,zone:assembly:red,,,装配科技核心,0,0.0,none,0,0,True,True,False,legal wait: no active movement route,0.0,0.083,0.0
106,tarsgo-infantry-1,tarsgo-rmuc-2026-region,infantry,4999.825,13091.728,robot:opponent-infantry-1,21295.746,8706.396,追击敌方步兵,3,19799.501,searching,1,1,True,True,False,moving,0.0,0.217,1900.0
106,tarsgo-infantry-2,tarsgo-rmuc-2026-region,infantry,10553.71,14500.0,support:tarsgo-engineer,9932.0,12550.0,保护工程,2,2410.934,active,0,0,True,True,False,moving,0.0,0.217,1900.0
106,tarsgo-sentry,tarsgo-rmuc-2026-region,sentry,20197.855,7338.647,,,,等待复活,0,0.0,none,0,0,False,False,False,dead/respawning,0.0,0.017,0.0
106,tarsgo-drone,tarsgo-rmuc-2026-region,drone,20140.447,1711.115,robot:opponent-engineer,,,空中压制敌方工程,0,0.0,none,0,0,True,True,False,legal wait: no active movement route,0.0,0.0,0.0
106,opponent-hero,opponent-rmuc-2026-region,hero,19750.979,884.262,,,,等待复活,0,0.0,none,0,0,False,False,False,dead/respawning,0.0,0.0,0.0
106,opponent-engineer,opponent-rmuc-2026-region,engineer,18768.0,2450.0,zone:assembly:blue,,,装配科技核心,0,0.0,none,0,0,True,True,False,legal wait: no active movement route,0.0,0.0,0.0
106,opponent-infantry-1,opponent-rmuc-2026-region,infantry,21616.0,8160.0,defense:blue-outpost,,,防守前哨站,0,0.0,none,0,0,True,True,False,legal wait: no active movement route,0.0,0.0,981.667
106,opponent-infantry-2,opponent-rmuc-2026-region,infantry,20527.044,7144.183,zone:supply:blue,25076.0,1268.0,前往补给区,2,7828.839,active,0,0,True,True,True,collision/yield,0.95,0.95,95.0
106,opponent-sentry,opponent-rmuc-2026-region,sentry,21412.451,6708.081,defense:blue-outpost,,,防守前哨站,0,0.0,none,0,0,True,True,False,legal wait: no active movement route,0.0,0.0,0.0
106,opponent-drone,opponent-rmuc-2026-region,drone,8856.483,13372.312,robot:tarsgo-engineer,,,空中压制敌方工程,0,0.0,none,0,0,True,True,False,legal wait: no active movement route,0.0,0.0,0.0
107,tarsgo-hero,tarsgo-rmuc-2026-region,hero,19837.37,10038.95,zone:supply:red,2006.0,13050.0,前往补给区,3,20886.431,active,0,0,True,True,False,moving,0.0,0.017,1013.333
107,tarsgo-engineer,tarsgo-rmuc-2026-region,engineer,9232.0,12550.0,zone:assembly:red,,,装配科技核心,0,0.0,none,0,0,True,True,False,legal wait: no active movement route,0.0,0.083,0.0
107,tarsgo-infantry-1,tarsgo-rmuc-2026-region,infantry,6836.111,13579.635,robot:opponent-infantry-1,21616.0,8160.0,追击敌方步兵,3,18532.835,active,0,0,True,True,False,moving,0.0,0.217,1900.0
107,tarsgo-infantry-2,tarsgo-rmuc-2026-region,infantry,9975.856,13059.048,support:tarsgo-engineer,9932.0,12550.0,保护工程,1,510.934,active,0,0,True,True,False,moving,0.0,0.217,1552.501
107,tarsgo-sentry,tarsgo-rmuc-2026-region,sentry,20197.855,7338.647,,,,等待复活,0,0.0,none,0,0,False,False,False,dead/respawning,0.0,0.017,0.0
107,tarsgo-drone,tarsgo-rmuc-2026-region,drone,20140.447,1711.115,robot:opponent-engineer,,,空中压制敌方工程,0,0.0,none,0,0,True,True,False,legal wait: no active movement route,0.0,0.0,0.0
107,opponent-hero,opponent-rmuc-2026-region,hero,19750.979,884.262,,,,等待复活,0,0.0,none,0,0,False,False,False,dead/respawning,0.0,0.0,0.0
107,opponent-engineer,opponent-rmuc-2026-region,engineer,18768.0,2450.0,zone:assembly:blue,,,装配科技核心,0,0.0,none,0,0,True,True,False,legal wait: no active movement route,0.0,0.0,0.0
107,opponent-infantry-1,opponent-rmuc-2026-region,infantry,21616.0,8160.0,,,,等待复活,0,0.0,none,0,0,False,False,False,dead/respawning,0.0,0.0,0.0
107,opponent-infantry-2,opponent-rmuc-2026-region,infantry,20720.89,6893.78,zone:supply:blue,25076.0,1268.0,前往补给区,1,7114.519,active,0,0,True,True,False,moving,0.0,1.783,316.667
107,opponent-sentry,opponent-rmuc-2026-region,sentry,21412.451,6708.081,defense:blue-outpost,,,防守前哨站,0,0.0,none,0,0,True,True,False,legal wait: no active movement route,0.0,0.0,0.0
107,opponent-drone,opponent-rmuc-2026-region,drone,8856.483,13372.312,robot:tarsgo-engineer,,,空中压制敌方工程,0,0.0,none,0,0,True,True,False,legal wait: no active movement route,0.0,0.0,0.0
108,tarsgo-hero,tarsgo-rmuc-2026-region,hero,19080.519,11781.699,zone:supply:red,2006.0,13050.0,前往补给区,3,18986.431,active,0,0,True,True,False,moving,0.0,0.017,1900.0
108,tarsgo-engineer,tarsgo-rmuc-2026-region,engineer,9232.0,12550.0,zone:assembly:red,,,装配科技核心,0,0.0,none,0,0,True,True,False,legal wait: no active movement route,0.0,0.083,0.0
108,tarsgo-infantry-1,tarsgo-rmuc-2026-region,infantry,8672.397,14067.541,robot:opponent-infantry-2,21224.888,6242.732,追击敌方步兵,3,18185.613,active,0,0,True,True,False,moving,0.0,0.217,1900.0
108,tarsgo-infantry-2,tarsgo-rmuc-2026-region,infantry,9932.0,12550.0,support:tarsgo-engineer,,,保护工程,0,0.0,none,0,0,True,True,False,legal wait: no active movement route,0.0,0.217,510.934
108,tarsgo-sentry,tarsgo-rmuc-2026-region,sentry,20197.855,7338.647,,,,等待复活,0,0.0,none,0,0,False,False,False,dead/respawning,0.0,0.017,0.0
108,tarsgo-drone,tarsgo-rmuc-2026-region,drone,20140.447,1711.115,robot:opponent-engineer,,,空中压制敌方工程,0,0.0,none,0,0,True,True,False,legal wait: no active movement route,0.0,0.0,0.0
108,opponent-hero,opponent-rmuc-2026-region,hero,19750.979,884.262,,,,等待复活,0,0.0,none,0,0,False,False,False,dead/respawning,0.0,0.0,0.0
108,opponent-engineer,opponent-rmuc-2026-region,engineer,18768.0,2450.0,zone:assembly:blue,,,装配科技核心,0,0.0,none,0,0,True,True,False,legal wait: no active movement route,0.0,0.0,0.0
108,opponent-infantry-1,opponent-rmuc-2026-region,infantry,21616.0,8160.0,,,,等待复活,0,0.0,none,0,0,False,False,False,dead/respawning,0.0,0.0,0.0
108,opponent-infantry-2,opponent-rmuc-2026-region,infantry,21883.963,5391.362,zone:supply:blue,25076.0,1268.0,前往补给区,1,5214.519,active,0,0,True,True,False,moving,0.0,1.783,1900.0
108,opponent-sentry,opponent-rmuc-2026-region,sentry,21412.451,6708.081,defense:blue-outpost,,,防守前哨站,0,0.0,none,0,0,True,True,False,legal wait: no active movement route,0.0,0.0,0.0
108,opponent-drone,opponent-rmuc-2026-region,drone,8856.483,13372.312,robot:tarsgo-engineer,,,空中压制敌方工程,0,0.0,none,0,0,True,True,False,legal wait: no active movement route,0.0,0.0,0.0
109,tarsgo-hero,tarsgo-rmuc-2026-region,hero,19017.448,11926.928,zone:supply:red,2006.0,13050.0,前往补给区,3,18828.098,active,0,0,True,False,False,movement permission or chassis power lock,0.0,0.017,158.333
109,tarsgo-engineer,tarsgo-rmuc-2026-region,engineer,9232.0,12550.0,zone:assembly:red,,,装配科技核心,0,0.0,none,0,0,True,True,False,legal wait: no active movement route,0.0,0.083,0.0
109,tarsgo-infantry-1,tarsgo-rmuc-2026-region,infantry,9717.875,14323.979,robot:opponent-infantry-2,,,追击敌方步兵,0,0.0,searching,1,1,True,True,False,waiting for path search,0.0,0.217,1076.469
109,tarsgo-infantry-2,tarsgo-rmuc-2026-region,infantry,9932.0,12550.0,support:tarsgo-engineer,,,保护工程,0,0.0,none,0,0,True,True,False,legal wait: no active movement route,0.0,0.217,0.0
109,tarsgo-sentry,tarsgo-rmuc-2026-region,sentry,20197.855,7338.647,,,,等待复活,0,0.0,none,0,0,False,False,False,dead/respawning,0.0,0.017,0.0
109,tarsgo-drone,tarsgo-rmuc-2026-region,drone,20140.447,1711.115,robot:opponent-engineer,,,空中压制敌方工程,0,0.0,none,0,0,True,True,False,legal wait: no active movement route,0.0,0.0,0.0
109,opponent-hero,opponent-rmuc-2026-region,hero,19750.979,884.262,,,,等待复活,0,0.0,none,0,0,False,False,False,dead/respawning,0.0,0.0,0.0
109,opponent-engineer,opponent-rmuc-2026-region,engineer,18768.0,2450.0,zone:assembly:blue,,,装配科技核心,0,0.0,none,0,0,True,True,False,legal wait: no active movement route,0.0,0.0,0.0
109,opponent-infantry-1,opponent-rmuc-2026-region,infantry,21616.0,8160.0,,,,等待复活,0,0.0,none,0,0,False,False,False,dead/respawning,0.0,0.0,0.0
109,opponent-infantry-2,opponent-rmuc-2026-region,infantry,23047.037,3888.944,zone:supply:blue,25076.0,1268.0,前往补给区,1,3314.519,active,0,0,True,True,False,moving,0.0,1.783,1900.0
109,opponent-sentry,opponent-rmuc-2026-region,sentry,21412.451,6708.081,defense:blue-outpost,,,防守前哨站,0,0.0,none,0,0,True,True,False,legal wait: no active movement route,0.0,0.0,0.0
109,opponent-drone,opponent-rmuc-2026-region,drone,8856.483,13372.312,robot:tarsgo-engineer,,,空中压制敌方工程,0,0.0,none,0,0,True,True,False,legal wait: no active movement route,0.0,0.0,0.0
110,tarsgo-hero,tarsgo-rmuc-2026-region,hero,19017.448,11926.928,zone:supply:red,2006.0,13050.0,前往补给区,3,18828.098,active,0,0,True,False,False,movement permission or chassis power lock,0.0,0.017,0.0
110,tarsgo-engineer,tarsgo-rmuc-2026-region,engineer,9232.0,12550.0,zone:assembly:red,,,装配科技核心,0,0.0,none,0,0,True,True,False,legal wait: no active movement route,0.0,0.083,0.0
110,tarsgo-infantry-1,tarsgo-rmuc-2026-region,infantry,11496.845,14500.0,robot:opponent-infantry-2,23841.804,2862.292,追击敌方步兵,3,20099.465,active,0,0,True,True,False,moving,0.0,0.217,1787.657
110,tarsgo-infantry-2,tarsgo-rmuc-2026-region,infantry,9932.0,12550.0,support:tarsgo-engineer,,,保护工程,0,0.0,none,0,0,True,True,False,legal wait: no active movement route,0.0,0.217,0.0
110,tarsgo-sentry,tarsgo-rmuc-2026-region,sentry,20197.855,7338.647,,,,等待复活,0,0.0,none,0,0,False,False,False,dead/respawning,0.0,0.017,0.0
110,tarsgo-drone,tarsgo-rmuc-2026-region,drone,20140.447,1711.115,robot:opponent-engineer,,,空中压制敌方工程,0,0.0,none,0,0,True,True,False,legal wait: no active movement route,0.0,0.0,0.0
110,opponent-hero,opponent-rmuc-2026-region,hero,19750.979,884.262,,,,等待复活,0,0.0,none,0,0,False,False,False,dead/respawning,0.0,0.0,0.0
110,opponent-engineer,opponent-rmuc-2026-region,engineer,18768.0,2450.0,zone:assembly:blue,,,装配科技核心,0,0.0,none,0,0,True,True,False,legal wait: no active movement route,0.0,0.0,0.0
110,opponent-infantry-1,opponent-rmuc-2026-region,infantry,21616.0,8160.0,,,,等待复活,0,0.0,none,0,0,False,False,False,dead/respawning,0.0,0.0,0.0
110,opponent-infantry-2,opponent-rmuc-2026-region,infantry,24190.726,2411.566,zone:supply:blue,,,补充弹量,0,0.0,none,0,0,True,True,False,legal wait: no active movement route,0.0,1.783,1868.333
110,opponent-sentry,opponent-rmuc-2026-region,sentry,21412.451,6708.081,defense:blue-outpost,,,防守前哨站,0,0.0,none,0,0,True,True,False,legal wait: no active movement route,0.0,0.0,0.0
110,opponent-drone,opponent-rmuc-2026-region,drone,8856.483,13372.312,robot:tarsgo-engineer,,,空中压制敌方工程,0,0.0,none,0,0,True,True,False,legal wait: no active movement route,0.0,0.0,0.0
111,tarsgo-hero,tarsgo-rmuc-2026-region,hero,19017.448,11926.928,zone:supply:red,2006.0,13050.0,前往补给区,3,18828.098,active,0,0,True,False,False,movement permission or chassis power lock,0.0,0.017,0.0
111,tarsgo-engineer,tarsgo-rmuc-2026-region,engineer,9232.0,12550.0,zone:assembly:red,,,装配科技核心,0,0.0,none,0,0,True,True,False,legal wait: no active movement route,0.0,0.083,0.0
111,tarsgo-infantry-1,tarsgo-rmuc-2026-region,infantry,13396.845,14500.0,structure:blue-outpost,23841.804,2862.292,进攻前哨站,3,18199.465,searching,2,2,True,True,False,moving,0.0,0.217,1900.0
111,tarsgo-infantry-2,tarsgo-rmuc-2026-region,infantry,9932.0,12550.0,support:tarsgo-engineer,,,保护工程,0,0.0,none,0,0,True,True,False,legal wait: no active movement route,0.0,0.217,0.0
111,tarsgo-sentry,tarsgo-rmuc-2026-region,sentry,20197.855,7338.647,,,,等待复活,0,0.0,none,0,0,False,False,False,dead/respawning,0.0,0.017,0.0
111,tarsgo-drone,tarsgo-rmuc-2026-region,drone,20140.447,1711.115,robot:opponent-engineer,,,空中压制敌方工程,0,0.0,none,0,0,True,True,False,legal wait: no active movement route,0.0,0.0,0.0
111,opponent-hero,opponent-rmuc-2026-region,hero,19750.979,884.262,,,,等待复活,0,0.0,none,0,0,False,False,False,dead/respawning,0.0,0.0,0.0
111,opponent-engineer,opponent-rmuc-2026-region,engineer,18768.0,2450.0,zone:assembly:blue,,,装配科技核心,0,0.0,none,0,0,True,True,False,legal wait: no active movement route,0.0,0.0,0.0
111,opponent-infantry-1,opponent-rmuc-2026-region,infantry,21616.0,8160.0,,,,等待复活,0,0.0,none,0,0,False,False,False,dead/respawning,0.0,0.0,0.0
111,opponent-infantry-2,opponent-rmuc-2026-region,infantry,23941.696,2778.348,defense:blue-outpost,21184.0,6840.0,防守前哨站,1,4909.369,active,0,0,True,True,False,moving,0.0,1.783,443.333
111,opponent-sentry,opponent-rmuc-2026-region,sentry,21412.451,6708.081,defense:blue-outpost,,,防守前哨站,0,0.0,none,0,0,True,True,False,legal wait: no active movement route,0.0,0.0,0.0
111,opponent-drone,opponent-rmuc-2026-region,drone,8856.483,13372.312,robot:tarsgo-engineer,,,空中压制敌方工程,0,0.0,none,0,0,True,True,False,legal wait: no active movement route,0.0,0.0,0.0
112,tarsgo-hero,tarsgo-rmuc-2026-region,hero,19017.448,11926.928,zone:supply:red,2006.0,13050.0,前往补给区,3,18828.098,active,0,0,True,False,False,movement permission or chassis power lock,0.0,0.017,0.0
112,tarsgo-engineer,tarsgo-rmuc-2026-region,engineer,9232.0,12550.0,zone:assembly:red,,,装配科技核心,0,0.0,none,0,0,True,True,False,legal wait: no active movement route,0.0,0.083,0.0
112,tarsgo-infantry-1,tarsgo-rmuc-2026-region,infantry,15296.845,14500.0,structure:blue-outpost,21400.0,7500.0,进攻前哨站,3,10696.349,active,0,0,True,True,False,moving,0.0,0.217,1900.0
112,tarsgo-infantry-2,tarsgo-rmuc-2026-region,infantry,9932.0,12550.0,support:tarsgo-engineer,,,保护工程,0,0.0,none,0,0,True,True,False,legal wait: no active movement route,0.0,0.217,0.0
112,tarsgo-sentry,tarsgo-rmuc-2026-region,sentry,20197.855,7338.647,,,,等待复活,0,0.0,none,0,0,False,False,False,dead/respawning,0.0,0.017,0.0
112,tarsgo-drone,tarsgo-rmuc-2026-region,drone,20140.447,1711.115,robot:opponent-engineer,,,空中压制敌方工程,0,0.0,none,0,0,True,True,False,legal wait: no active movement route,0.0,0.0,0.0
112,opponent-hero,opponent-rmuc-2026-region,hero,19750.979,884.262,,,,等待复活,0,0.0,none,0,0,False,False,False,dead/respawning,0.0,0.0,0.0
112,opponent-engineer,opponent-rmuc-2026-region,engineer,18768.0,2450.0,zone:assembly:blue,,,装配科技核心,0,0.0,none,0,0,True,True,False,legal wait: no active movement route,0.0,0.0,0.0
112,opponent-infantry-1,opponent-rmuc-2026-region,infantry,21616.0,8160.0,,,,等待复活,0,0.0,none,0,0,False,False,False,dead/respawning,0.0,0.0,0.0
112,opponent-infantry-2,opponent-rmuc-2026-region,infantry,22874.426,4350.268,defense:blue-outpost,21184.0,6840.0,防守前哨站,1,3009.369,active,0,0,True,True,False,moving,0.0,1.783,1900.0
112,opponent-sentry,opponent-rmuc-2026-region,sentry,21412.451,6708.081,defense:blue-outpost,,,防守前哨站,0,0.0,none,0,0,True,True,False,legal wait: no active movement route,0.0,0.0,0.0
112,opponent-drone,opponent-rmuc-2026-region,drone,8856.483,13372.312,robot:tarsgo-engineer,,,空中压制敌方工程,0,0.0,none,0,0,True,True,False,legal wait: no active movement route,0.0,0.0,0.0
113,tarsgo-hero,tarsgo-rmuc-2026-region,hero,19017.448,11926.928,zone:supply:red,2006.0,13050.0,前往补给区,3,18828.098,active,0,0,True,False,False,movement permission or chassis power lock,0.0,0.017,0.0
113,tarsgo-engineer,tarsgo-rmuc-2026-region,engineer,9232.0,12550.0,zone:assembly:red,,,装配科技核心,0,0.0,none,0,0,True,True,False,legal wait: no active movement route,0.0,0.083,0.0
113,tarsgo-infantry-1,tarsgo-rmuc-2026-region,infantry,17196.845,14500.0,structure:blue-outpost,21400.0,7500.0,进攻前哨站,3,8796.349,active,0,0,True,True,False,moving,0.0,0.217,1900.0
113,tarsgo-infantry-2,tarsgo-rmuc-2026-region,infantry,9932.0,12550.0,support:tarsgo-engineer,,,保护工程,0,0.0,none,0,0,True,True,False,legal wait: no active movement route,0.0,0.217,0.0
113,tarsgo-sentry,tarsgo-rmuc-2026-region,sentry,20197.855,7338.647,,,,等待复活,0,0.0,none,0,0,False,False,False,dead/respawning,0.0,0.017,0.0
113,tarsgo-drone,tarsgo-rmuc-2026-region,drone,20140.447,1711.115,robot:opponent-engineer,,,空中压制敌方工程,0,0.0,none,0,0,True,True,False,legal wait: no active movement route,0.0,0.0,0.0
113,opponent-hero,opponent-rmuc-2026-region,hero,19750.979,884.262,,,,等待复活,0,0.0,none,0,0,False,False,False,dead/respawning,0.0,0.0,0.0
113,opponent-engineer,opponent-rmuc-2026-region,engineer,18768.0,2450.0,zone:assembly:blue,,,装配科技核心,0,0.0,none,0,0,True,True,False,legal wait: no active movement route,0.0,0.0,0.0
113,opponent-infantry-1,opponent-rmuc-2026-region,infantry,21616.0,8160.0,,,,等待复活,0,0.0,none,0,0,False,False,False,dead/respawning,0.0,0.0,0.0
113,opponent-infantry-2,opponent-rmuc-2026-region,infantry,21807.156,5922.189,defense:blue-outpost,21184.0,6840.0,防守前哨站,1,1109.369,active,0,0,True,True,False,moving,0.0,1.783,1900.0
113,opponent-sentry,opponent-rmuc-2026-region,sentry,21412.451,6708.081,defense:blue-outpost,,,防守前哨站,0,0.0,none,0,0,True,True,False,legal wait: no active movement route,0.0,0.0,0.0
113,opponent-drone,opponent-rmuc-2026-region,drone,8856.483,13372.312,robot:tarsgo-engineer,,,空中压制敌方工程,0,0.0,none,0,0,True,True,False,legal wait: no active movement route,0.0,0.0,0.0
114,tarsgo-hero,tarsgo-rmuc-2026-region,hero,18336.282,13495.403,zone:supply:red,2006.0,13050.0,前往补给区,3,17118.098,active,0,0,True,True,False,moving,0.0,0.017,1710.0
114,tarsgo-engineer,tarsgo-rmuc-2026-region,engineer,9232.0,12550.0,zone:assembly:red,,,装配科技核心,0,0.0,none,0,0,True,True,False,legal wait: no active movement route,0.0,0.083,0.0
114,tarsgo-infantry-1,tarsgo-rmuc-2026-region,infantry,18335.749,13886.066,robot:opponent-infantry-2,21456.5,6031.666,追击敌方步兵,4,9819.347,active,0,0,True,True,False,moving,0.0,0.217,1293.838
114,tarsgo-infantry-2,tarsgo-rmuc-2026-region,infantry,9932.0,12550.0,support:tarsgo-engineer,,,保护工程,0,0.0,none,0,0,True,True,False,legal wait: no active movement route,0.0,0.217,0.0
114,tarsgo-sentry,tarsgo-rmuc-2026-region,sentry,20197.855,7338.647,,,,等待复活,0,0.0,none,0,0,False,False,False,dead/respawning,0.0,0.017,0.0
114,tarsgo-drone,tarsgo-rmuc-2026-region,drone,20140.447,1711.115,robot:opponent-engineer,,,空中压制敌方工程,0,0.0,none,0,0,True,True,False,legal wait: no active movement route,0.0,0.0,0.0
114,opponent-hero,opponent-rmuc-2026-region,hero,19750.979,884.262,,,,等待复活,0,0.0,none,0,0,False,False,False,dead/respawning,0.0,0.0,0.0
114,opponent-engineer,opponent-rmuc-2026-region,engineer,18768.0,2450.0,zone:assembly:blue,,,装配科技核心,0,0.0,none,0,0,True,True,False,legal wait: no active movement route,0.0,0.0,0.0
114,opponent-infantry-1,opponent-rmuc-2026-region,infantry,21616.0,8160.0,,,,等待复活,0,0.0,none,0,0,False,False,False,dead/respawning,0.0,0.0,0.0
114,opponent-infantry-2,opponent-rmuc-2026-region,infantry,21280.061,6039.671,defense:blue-outpost,21184.0,6840.0,防守前哨站,1,806.074,active,0,0,True,True,False,moving,0.0,1.783,540.029
114,opponent-sentry,opponent-rmuc-2026-region,sentry,21412.451,6708.081,defense:blue-outpost,,,防守前哨站,0,0.0,none,0,0,True,True,False,legal wait: no active movement route,0.0,0.0,0.0
114,opponent-drone,opponent-rmuc-2026-region,drone,8856.483,13372.312,robot:tarsgo-engineer,,,空中压制敌方工程,0,0.0,none,0,0,True,True,False,legal wait: no active movement route,0.0,0.0,0.0
115,tarsgo-hero,tarsgo-rmuc-2026-region,hero,17095.243,14500.0,zone:supply:red,2006.0,13050.0,前往补给区,2,15218.098,active,0,0,True,True,False,moving,0.0,0.017,1596.682
115,tarsgo-engineer,tarsgo-rmuc-2026-region,engineer,9232.0,12550.0,zone:assembly:red,,,装配科技核心,0,0.0,none,0,0,True,True,False,legal wait: no active movement route,0.0,0.083,0.0
115,tarsgo-infantry-1,tarsgo-rmuc-2026-region,infantry,18923.176,12824.47,robot:opponent-infantry-2,20874.605,6328.423,追击敌方步兵,1,6782.824,active,0,0,True,True,False,moving,0.0,0.217,1213.283
115,tarsgo-infantry-2,tarsgo-rmuc-2026-region,infantry,9932.0,12550.0,support:tarsgo-engineer,,,保护工程,0,0.0,none,0,0,True,True,False,legal wait: no active movement route,0.0,0.217,0.0
115,tarsgo-sentry,tarsgo-rmuc-2026-region,sentry,20197.855,7338.647,,,,等待复活,0,0.0,none,0,0,False,False,False,dead/respawning,0.0,0.017,0.0
115,tarsgo-drone,tarsgo-rmuc-2026-region,drone,20140.447,1711.115,robot:opponent-engineer,,,空中压制敌方工程,0,0.0,none,0,0,True,True,False,legal wait: no active movement route,0.0,0.0,0.0
115,opponent-hero,opponent-rmuc-2026-region,hero,19750.979,884.262,,,,等待复活,0,0.0,none,0,0,False,False,False,dead/respawning,0.0,0.0,0.0
115,opponent-engineer,opponent-rmuc-2026-region,engineer,18768.0,2450.0,zone:assembly:blue,,,装配科技核心,0,0.0,none,0,0,True,True,False,legal wait: no active movement route,0.0,0.0,0.0
115,opponent-infantry-1,opponent-rmuc-2026-region,infantry,21616.0,8160.0,,,,等待复活,0,0.0,none,0,0,False,False,False,dead/respawning,0.0,0.0,0.0
115,opponent-infantry-2,opponent-rmuc-2026-region,infantry,20940.155,6436.809,defense:blue-outpost,21184.0,6840.0,防守前哨站,1,471.193,active,0,0,True,True,False,moving,0.0,1.783,522.738
115,opponent-sentry,opponent-rmuc-2026-region,sentry,21412.451,6708.081,defense:blue-outpost,,,防守前哨站,0,0.0,none,0,0,True,True,False,legal wait: no active movement route,0.0,0.0,0.0
115,opponent-drone,opponent-rmuc-2026-region,drone,8856.483,13372.312,robot:tarsgo-engineer,,,空中压制敌方工程,0,0.0,none,0,0,True,True,False,legal wait: no active movement route,0.0,0.0,0.0
116,tarsgo-hero,tarsgo-rmuc-2026-region,hero,15195.243,14500.0,zone:supply:red,2006.0,13050.0,前往补给区,2,13318.098,active,0,0,True,True,False,moving,0.0,0.017,1900.0
116,tarsgo-engineer,tarsgo-rmuc-2026-region,engineer,9232.0,12550.0,zone:assembly:red,,,装配科技核心,0,0.0,none,0,0,True,True,False,legal wait: no active movement route,0.0,0.083,0.0
116,tarsgo-infantry-1,tarsgo-rmuc-2026-region,infantry,19432.79,10994.955,robot:opponent-infantry-2,20422.592,6732.073,追击敌方步兵,1,4376.285,active,0,0,True,True,False,moving,0.0,0.217,1899.167
116,tarsgo-infantry-2,tarsgo-rmuc-2026-region,infantry,9932.0,12550.0,support:tarsgo-engineer,,,保护工程,0,0.0,none,0,0,True,True,False,legal wait: no active movement route,0.0,0.217,0.0
116,tarsgo-sentry,tarsgo-rmuc-2026-region,sentry,20197.855,7338.647,,,,等待复活,0,0.0,none,0,0,False,False,False,dead/respawning,0.0,0.017,0.0
116,tarsgo-drone,tarsgo-rmuc-2026-region,drone,20140.447,1711.115,robot:opponent-engineer,,,空中压制敌方工程,0,0.0,none,0,0,True,True,False,legal wait: no active movement route,0.0,0.0,0.0
116,opponent-hero,opponent-rmuc-2026-region,hero,19750.979,884.262,,,,等待复活,0,0.0,none,0,0,False,False,False,dead/respawning,0.0,0.0,0.0
116,opponent-engineer,opponent-rmuc-2026-region,engineer,18768.0,2450.0,zone:assembly:blue,,,装配科技核心,0,0.0,none,0,0,True,True,False,legal wait: no active movement route,0.0,0.0,0.0
116,opponent-infantry-1,opponent-rmuc-2026-region,infantry,21616.0,8160.0,,,,等待复活,0,0.0,none,0,0,False,False,False,dead/respawning,0.0,0.0,0.0
116,opponent-infantry-2,opponent-rmuc-2026-region,infantry,21018.304,6816.513,defense:blue-outpost,21184.0,6840.0,防守前哨站,1,167.353,active,0,0,True,True,False,moving,0.0,1.783,387.662
116,opponent-sentry,opponent-rmuc-2026-region,sentry,21412.451,6708.081,defense:blue-outpost,,,防守前哨站,0,0.0,none,0,0,True,True,False,legal wait: no active movement route,0.0,0.0,0.0
116,opponent-drone,opponent-rmuc-2026-region,drone,8856.483,13372.312,robot:tarsgo-engineer,,,空中压制敌方工程,0,0.0,none,0,0,True,True,False,legal wait: no active movement route,0.0,0.0,0.0
117,tarsgo-hero,tarsgo-rmuc-2026-region,hero,13295.243,14500.0,zone:supply:red,2006.0,13050.0,前往补给区,2,11418.098,active,0,0,True,True,False,moving,0.0,0.017,1900.0
117,tarsgo-engineer,tarsgo-rmuc-2026-region,engineer,9232.0,12550.0,zone:assembly:red,,,装配科技核心,0,0.0,none,0,0,True,True,False,legal wait: no active movement route,0.0,0.083,0.0
117,tarsgo-infantry-1,tarsgo-rmuc-2026-region,infantry,19950.843,9168.703,robot:opponent-infantry-2,20564.215,7275.458,追击敌方步兵,1,1990.126,active,0,0,True,True,False,moving,0.0,0.217,1898.308
117,tarsgo-infantry-2,tarsgo-rmuc-2026-region,infantry,9932.0,12550.0,support:tarsgo-engineer,,,保护工程,0,0.0,none,0,0,True,True,False,legal wait: no active movement route,0.0,0.217,0.0
117,tarsgo-sentry,tarsgo-rmuc-2026-region,sentry,20197.855,7338.647,,,,等待复活,0,0.0,none,0,0,False,False,False,dead/respawning,0.0,0.017,0.0
117,tarsgo-drone,tarsgo-rmuc-2026-region,drone,20140.447,1711.115,robot:opponent-engineer,,,空中压制敌方工程,0,0.0,none,0,0,True,True,False,legal wait: no active movement route,0.0,0.0,0.0
117,opponent-hero,opponent-rmuc-2026-region,hero,19750.979,884.262,,,,等待复活,0,0.0,none,0,0,False,False,False,dead/respawning,0.0,0.0,0.0
117,opponent-engineer,opponent-rmuc-2026-region,engineer,18768.0,2450.0,zone:assembly:blue,,,装配科技核心,0,0.0,none,0,0,True,True,False,legal wait: no active movement route,0.0,0.0,0.0
117,opponent-infantry-1,opponent-rmuc-2026-region,infantry,21616.0,8160.0,,,,等待复活,0,0.0,none,0,0,False,False,False,dead/respawning,0.0,0.0,0.0
117,opponent-infantry-2,opponent-rmuc-2026-region,infantry,20564.215,7275.458,defense:blue-outpost,21184.0,6840.0,防守前哨站,2,1135.98,active,0,0,True,True,True,collision/yield,0.633,1.783,645.622
117,opponent-sentry,opponent-rmuc-2026-region,sentry,21412.451,6708.081,defense:blue-outpost,,,防守前哨站,0,0.0,none,0,0,True,True,False,legal wait: no active movement route,0.0,0.0,0.0
117,opponent-drone,opponent-rmuc-2026-region,drone,8856.483,13372.312,robot:tarsgo-engineer,,,空中压制敌方工程,0,0.0,none,0,0,True,True,False,legal wait: no active movement route,0.0,0.0,0.0
118,tarsgo-hero,tarsgo-rmuc-2026-region,hero,11395.243,14500.0,zone:supply:red,2006.0,13050.0,前往补给区,2,9518.098,active,0,0,True,True,False,moving,0.0,0.017,1900.0
118,tarsgo-engineer,tarsgo-rmuc-2026-region,engineer,9232.0,12550.0,zone:assembly:red,,,装配科技核心,0,0.0,none,0,0,True,True,False,legal wait: no active movement route,0.0,0.083,0.0
118,tarsgo-infantry-1,tarsgo-rmuc-2026-region,infantry,19569.774,10108.516,zone:supply:red,2276.0,12368.0,前往补给区,3,20607.5,active,0,0,True,True,False,moving,0.0,0.217,1014.131
118,tarsgo-infantry-2,tarsgo-rmuc-2026-region,infantry,9932.0,12550.0,support:tarsgo-engineer,,,保护工程,0,0.0,none,0,0,True,True,False,legal wait: no active movement route,0.0,0.217,0.0
118,tarsgo-sentry,tarsgo-rmuc-2026-region,sentry,20197.855,7338.647,,,,等待复活,0,0.0,none,0,0,False,False,False,dead/respawning,0.0,0.017,0.0
118,tarsgo-drone,tarsgo-rmuc-2026-region,drone,20140.447,1711.115,robot:opponent-engineer,,,空中压制敌方工程,0,0.0,none,0,0,True,True,False,legal wait: no active movement route,0.0,0.0,0.0
118,opponent-hero,opponent-rmuc-2026-region,hero,19750.979,884.262,,,,等待复活,0,0.0,none,0,0,False,False,False,dead/respawning,0.0,0.0,0.0
118,opponent-engineer,opponent-rmuc-2026-region,engineer,18768.0,2450.0,zone:assembly:blue,,,装配科技核心,0,0.0,none,0,0,True,True,False,legal wait: no active movement route,0.0,0.0,0.0
118,opponent-infantry-1,opponent-rmuc-2026-region,infantry,21616.0,8160.0,,,,等待复活,0,0.0,none,0,0,False,False,False,dead/respawning,0.0,0.0,0.0
118,opponent-infantry-2,opponent-rmuc-2026-region,infantry,20564.215,7275.458,defense:blue-outpost,21184.0,6840.0,防守前哨站,2,1135.98,active,0,0,True,True,True,collision/yield,1.633,1.783,0.0
118,opponent-sentry,opponent-rmuc-2026-region,sentry,21412.451,6708.081,defense:blue-outpost,,,防守前哨站,0,0.0,none,0,0,True,True,False,legal wait: no active movement route,0.0,0.0,0.0
118,opponent-drone,opponent-rmuc-2026-region,drone,8856.483,13372.312,robot:tarsgo-engineer,,,空中压制敌方工程,0,0.0,none,0,0,True,True,False,legal wait: no active movement route,0.0,0.0,0.0
119,tarsgo-hero,tarsgo-rmuc-2026-region,hero,9504.72,14393.359,zone:supply:red,2006.0,13050.0,前往补给区,1,7618.098,active,0,0,True,True,False,moving,0.0,0.017,1893.529
119,tarsgo-engineer,tarsgo-rmuc-2026-region,engineer,9232.0,12550.0,zone:assembly:red,,,装配科技核心,0,0.0,none,0,0,True,True,False,legal wait: no active movement route,0.0,0.083,0.0
119,tarsgo-infantry-1,tarsgo-rmuc-2026-region,infantry,18894.504,11884.469,zone:supply:red,2276.0,12368.0,前往补给区,3,18707.5,active,0,0,True,True,False,moving,0.0,0.217,1900.0
119,tarsgo-infantry-2,tarsgo-rmuc-2026-region,infantry,9932.0,12550.0,support:tarsgo-engineer,,,保护工程,0,0.0,none,0,0,True,True,False,legal wait: no active movement route,0.0,0.217,0.0
119,tarsgo-sentry,tarsgo-rmuc-2026-region,sentry,20197.855,7338.647,,,,等待复活,0,0.0,none,0,0,False,False,False,dead/respawning,0.0,0.017,0.0
119,tarsgo-drone,tarsgo-rmuc-2026-region,drone,20140.447,1711.115,robot:opponent-engineer,,,空中压制敌方工程,0,0.0,none,0,0,True,True,False,legal wait: no active movement route,0.0,0.0,0.0
119,opponent-hero,opponent-rmuc-2026-region,hero,19750.979,884.262,,,,等待复活,0,0.0,none,0,0,False,False,False,dead/respawning,0.0,0.0,0.0
119,opponent-engineer,opponent-rmuc-2026-region,engineer,18768.0,2450.0,zone:assembly:blue,,,装配科技核心,0,0.0,none,0,0,True,True,False,legal wait: no active movement route,0.0,0.0,0.0
119,opponent-infantry-1,opponent-rmuc-2026-region,infantry,21616.0,8160.0,,,,等待复活,0,0.0,none,0,0,False,False,False,dead/respawning,0.0,0.0,0.0
119,opponent-infantry-2,opponent-rmuc-2026-region,infantry,20826.32,7559.748,defense:blue-outpost,21184.0,6840.0,防守前哨站,1,803.724,active,0,0,True,True,False,moving,0.0,1.783,386.679
119,opponent-sentry,opponent-rmuc-2026-region,sentry,21412.451,6708.081,defense:blue-outpost,,,防守前哨站,0,0.0,none,0,0,True,True,False,legal wait: no active movement route,0.0,0.0,0.0
119,opponent-drone,opponent-rmuc-2026-region,drone,8856.483,13372.312,robot:tarsgo-engineer,,,空中压制敌方工程,0,0.0,none,0,0,True,True,False,legal wait: no active movement route,0.0,0.0,0.0
120,tarsgo-hero,tarsgo-rmuc-2026-region,hero,7634.493,14058.317,zone:supply:red,2006.0,13050.0,前往补给区,1,5718.098,active,0,0,True,True,False,moving,0.0,0.017,1900.0
120,tarsgo-engineer,tarsgo-rmuc-2026-region,engineer,9232.0,12550.0,zone:assembly:red,,,装配科技核心,0,0.0,none,0,0,True,True,False,legal wait: no active movement route,0.0,0.083,0.0
120,tarsgo-infantry-1,tarsgo-rmuc-2026-region,infantry,18219.233,13660.422,zone:supply:red,2276.0,12368.0,前往补给区,3,16807.5,active,0,0,True,True,False,moving,0.0,0.217,1900.0
120,tarsgo-infantry-2,tarsgo-rmuc-2026-region,infantry,9932.0,12550.0,support:tarsgo-engineer,,,保护工程,0,0.0,none,0,0,True,True,False,legal wait: no active movement route,0.0,0.217,0.0
120,tarsgo-sentry,tarsgo-rmuc-2026-region,sentry,20197.855,7338.647,,,,等待复活,0,0.0,none,0,0,False,False,False,dead/respawning,0.0,0.017,0.0
120,tarsgo-drone,tarsgo-rmuc-2026-region,drone,20140.447,1711.115,robot:opponent-engineer,,,空中压制敌方工程,0,0.0,none,0,0,True,True,False,legal wait: no active movement route,0.0,0.0,0.0
120,opponent-hero,opponent-rmuc-2026-region,hero,19750.979,884.262,,,,等待复活,0,0.0,none,0,0,True,True,False,legal wait: no active movement route,0.0,0.0,0.0
120,opponent-engineer,opponent-rmuc-2026-region,engineer,18768.0,2450.0,zone:assembly:blue,,,装配科技核心,0,0.0,none,0,0,True,True,False,legal wait: no active movement route,0.0,0.0,0.0
120,opponent-infantry-1,opponent-rmuc-2026-region,infantry,21616.0,8160.0,,,,等待复活,0,0.0,none,0,0,False,False,False,dead/respawning,0.0,0.0,0.0
120,opponent-infantry-2,opponent-rmuc-2026-region,infantry,20508.839,7121.775,defense:blue-outpost,21184.0,6840.0,防守前哨站,2,1173.172,active,0,0,True,True,True,collision/yield,0.317,1.783,540.939
120,opponent-sentry,opponent-rmuc-2026-region,sentry,21412.451,6708.081,defense:blue-outpost,,,防守前哨站,0,0.0,none,0,0,True,True,False,legal wait: no active movement route,0.0,0.0,0.0
120,opponent-drone,opponent-rmuc-2026-region,drone,8856.483,13372.312,robot:tarsgo-engineer,,,空中压制敌方工程,0,0.0,none,0,0,True,True,False,legal wait: no active movement route,0.0,0.0,0.0
121,tarsgo-hero,tarsgo-rmuc-2026-region,hero,5764.267,13723.275,zone:supply:red,2006.0,13050.0,前往补给区,1,3818.098,active,0,0,True,True,False,moving,0.0,0.017,1900.0
121,tarsgo-engineer,tarsgo-rmuc-2026-region,engineer,9232.0,12550.0,zone:assembly:red,,,装配科技核心,0,0.0,none,0,0,True,True,False,legal wait: no active movement route,0.0,0.083,0.0
121,tarsgo-infantry-1,tarsgo-rmuc-2026-region,infantry,16929.888,14500.0,zone:supply:red,2276.0,12368.0,前往补给区,2,14939.166,active,0,0,True,False,False,movement permission or chassis power lock,0.0,0.217,1538.604
121,tarsgo-infantry-2,tarsgo-rmuc-2026-region,infantry,9955.397,10871.83,robot:opponent-hero,20219.205,964.192,集火残血目标,3,21044.009,active,0,0,True,True,False,moving,0.0,0.217,1678.333
121,tarsgo-sentry,tarsgo-rmuc-2026-region,sentry,20197.855,7338.647,,,,等待复活,0,0.0,none,0,0,False,False,False,dead/respawning,0.0,0.017,0.0
121,tarsgo-drone,tarsgo-rmuc-2026-region,drone,20140.447,1711.115,robot:opponent-hero,,,空中压制残血目标,0,0.0,none,0,0,True,True,False,legal wait: no active movement route,0.0,0.0,0.0
121,opponent-hero,opponent-rmuc-2026-region,hero,20468.926,1006.822,zone:supply:blue,25994.0,1950.0,回撤补给,1,5605.0,active,0,0,True,True,False,moving,0.0,0.0,728.333
121,opponent-engineer,opponent-rmuc-2026-region,engineer,18768.0,2450.0,zone:assembly:blue,,,装配科技核心,0,0.0,none,0,0,True,True,False,legal wait: no active movement route,0.0,0.0,0.0
121,opponent-infantry-1,opponent-rmuc-2026-region,infantry,21616.0,8160.0,,,,等待复活,0,0.0,none,0,0,False,False,False,dead/respawning,0.0,0.0,0.0
121,opponent-infantry-2,opponent-rmuc-2026-region,infantry,20508.839,7121.775,defense:blue-outpost,21184.0,6840.0,防守前哨站,2,1173.172,active,0,0,True,True,True,collision/yield,1.317,1.783,0.0
121,opponent-sentry,opponent-rmuc-2026-region,sentry,21412.451,6708.081,defense:blue-outpost,,,防守前哨站,0,0.0,none,0,0,True,True,False,legal wait: no active movement route,0.0,0.0,0.0
121,opponent-drone,opponent-rmuc-2026-region,drone,8856.483,13372.312,robot:tarsgo-engineer,,,空中压制敌方工程,0,0.0,none,0,0,True,True,False,legal wait: no active movement route,0.0,0.0,0.0
122,tarsgo-hero,tarsgo-rmuc-2026-region,hero,3894.04,13388.233,zone:supply:red,2006.0,13050.0,前往补给区,1,1918.098,active,0,0,True,True,False,moving,0.0,0.017,1900.0
122,tarsgo-engineer,tarsgo-rmuc-2026-region,engineer,7429.142,12637.916,zone:resource:red,3080.0,12850.0,获取能量单元,1,4354.31,active,0,0,True,True,False,moving,0.0,0.083,1805.0
122,tarsgo-infantry-1,tarsgo-rmuc-2026-region,infantry,16929.888,14500.0,zone:supply:red,2276.0,12368.0,前往补给区,2,14939.166,active,0,0,True,False,False,movement permission or chassis power lock,0.0,0.217,0.0
122,tarsgo-infantry-2,tarsgo-rmuc-2026-region,infantry,9981.884,8972.014,robot:opponent-hero,21623.885,1203.983,集火残血目标,3,20780.924,active,0,0,True,True,False,moving,0.0,0.217,1900.0
122,tarsgo-sentry,tarsgo-rmuc-2026-region,sentry,20197.855,7338.647,,,,等待复活,0,0.0,none,0,0,False,False,False,dead/respawning,0.0,0.017,0.0
122,tarsgo-drone,tarsgo-rmuc-2026-region,drone,20140.447,1711.115,robot:opponent-hero,,,空中压制残血目标,0,0.0,none,0,0,True,True,False,legal wait: no active movement route,0.0,0.0,0.0
122,opponent-hero,opponent-rmuc-2026-region,hero,22341.833,1326.543,zone:supply:blue,25994.0,1950.0,回撤补给,1,3705.0,active,0,0,True,True,False,moving,0.0,0.0,1900.0
122,opponent-engineer,opponent-rmuc-2026-region,engineer,19843.389,2397.559,zone:resource:blue,24920.0,2150.0,获取能量单元,1,5082.644,active,0,0,True,True,False,moving,0.0,0.0,1076.667
122,opponent-infantry-1,opponent-rmuc-2026-region,infantry,21616.0,8160.0,,,,等待复活,0,0.0,none,0,0,False,False,False,dead/respawning,0.0,0.0,0.0
122,opponent-infantry-2,opponent-rmuc-2026-region,infantry,20893.927,7238.007,defense:blue-outpost,21184.0,6840.0,防守前哨站,2,1377.363,active,0,0,True,True,False,moving,0.0,1.783,402.247
122,opponent-sentry,opponent-rmuc-2026-region,sentry,21412.451,6708.081,defense:blue-outpost,,,防守前哨站,0,0.0,none,0,0,True,True,False,legal wait: no active movement route,0.0,0.0,0.0
122,opponent-drone,opponent-rmuc-2026-region,drone,8856.483,13372.312,robot:tarsgo-engineer,,,空中压制敌方工程,0,0.0,none,0,0,True,True,False,legal wait: no active movement route,0.0,0.0,0.0
123,tarsgo-hero,tarsgo-rmuc-2026-region,hero,2990.098,13226.296,zone:supply:red,,,补充弹量,0,0.0,none,0,0,True,True,False,legal wait: no active movement route,0.0,0.017,918.333
123,tarsgo-engineer,tarsgo-rmuc-2026-region,engineer,5531.397,12730.459,zone:resource:red,3080.0,12850.0,获取能量单元,1,2454.31,active,0,0,True,True,False,moving,0.0,0.083,1900.0
123,tarsgo-infantry-1,tarsgo-rmuc-2026-region,infantry,16929.888,14500.0,zone:supply:red,2276.0,12368.0,前往补给区,2,14939.166,active,0,0,True,False,False,movement permission or chassis power lock,0.0,0.217,0.0
123,tarsgo-infantry-2,tarsgo-rmuc-2026-region,infantry,10008.371,7072.199,robot:opponent-hero,23028.565,1443.774,集火残血目标,3,20519.312,active,0,0,True,True,False,moving,0.0,0.217,1900.0
123,tarsgo-sentry,tarsgo-rmuc-2026-region,sentry,20197.855,7338.647,,,,等待复活,0,0.0,none,0,0,False,False,False,dead/respawning,0.0,0.017,0.0
123,tarsgo-drone,tarsgo-rmuc-2026-region,drone,20867.648,1670.51,robot:opponent-hero,23496.792,1523.705,空中压制残血目标,1,2633.239,active,0,0,True,True,False,moving,0.0,0.0,728.333
123,opponent-hero,opponent-rmuc-2026-region,hero,24214.739,1646.265,zone:supply:blue,25994.0,1950.0,回撤补给,1,1805.0,active,0,0,True,True,False,moving,0.0,0.0,1900.0
123,opponent-engineer,opponent-rmuc-2026-region,engineer,21741.134,2305.016,zone:resource:blue,24920.0,2150.0,获取能量单元,1,3182.644,active,0,0,True,True,False,moving,0.0,0.0,1900.0
123,opponent-infantry-1,opponent-rmuc-2026-region,infantry,21616.0,8160.0,,,,等待复活,0,0.0,none,0,0,False,False,False,dead/respawning,0.0,0.0,0.0
123,opponent-infantry-2,opponent-rmuc-2026-region,infantry,21092.979,6938.583,defense:blue-outpost,,,防守前哨站,0,0.0,none,0,0,True,False,False,movement permission or chassis power lock,0.0,1.783,359.55
123,opponent-sentry,opponent-rmuc-2026-region,sentry,21412.451,6708.081,defense:blue-outpost,,,防守前哨站,0,0.0,none,0,0,True,True,False,legal wait: no active movement route,0.0,0.0,0.0
123,opponent-drone,opponent-rmuc-2026-region,drone,8825.403,13366.241,robot:tarsgo-engineer,5563.026,12728.916,空中压制敌方工程,1,3324.047,active,0,0,True,True,False,moving,0.0,0.0,31.667
124,tarsgo-hero,tarsgo-rmuc-2026-region,hero,2990.098,13226.296,structure:blue-outpost,,,进攻前哨站,0,0.0,searching,2,2,True,True,False,waiting for path search,0.0,0.017,0.0
124,tarsgo-engineer,tarsgo-rmuc-2026-region,engineer,3633.652,12823.001,zone:resource:red,3080.0,12850.0,获取能量单元,1,554.31,active,0,0,True,True,False,moving,0.0,0.083,1900.0
124,tarsgo-infantry-1,tarsgo-rmuc-2026-region,infantry,16929.888,14500.0,zone:supply:red,2276.0,12368.0,前往补给区,2,14939.166,active,0,0,True,False,False,movement permission or chassis power lock,0.0,0.217,0.0
124,tarsgo-infantry-2,tarsgo-rmuc-2026-region,infantry,10034.858,5172.384,robot:opponent-hero,25837.924,1923.357,集火残血目标,3,21897.547,active,0,0,True,True,False,moving,0.0,0.217,1900.0
124,tarsgo-sentry,tarsgo-rmuc-2026-region,sentry,20197.855,7338.647,,,,等待复活,0,0.0,none,0,0,False,False,False,dead/respawning,0.0,0.017,0.0
124,tarsgo-drone,tarsgo-rmuc-2026-region,drone,22765.627,1679.152,robot:opponent-hero,24901.471,1763.496,空中压制残血目标,1,2137.509,active,0,0,True,True,False,moving,0.0,0.0,1897.999
124,opponent-hero,opponent-rmuc-2026-region,hero,25994.0,1950.0,zone:supply:blue,25994.0,1950.0,回撤补给,0,0.0,none,0,0,True,True,False,legal wait: no active movement route,0.0,0.0,1805.0
124,opponent-engineer,opponent-rmuc-2026-region,engineer,23638.879,2212.473,zone:resource:blue,24920.0,2150.0,获取能量单元,1,1282.644,active,0,0,True,True,False,moving,0.0,0.0,1900.0
124,opponent-infantry-1,opponent-rmuc-2026-region,infantry,21616.0,8160.0,,,,等待复活,0,0.0,none,0,0,False,False,False,dead/respawning,0.0,0.0,0.0
124,opponent-infantry-2,opponent-rmuc-2026-region,infantry,21092.979,6938.583,defense:blue-outpost,,,防守前哨站,0,0.0,none,0,0,True,False,False,movement permission or chassis power lock,0.0,1.783,0.0
124,opponent-sentry,opponent-rmuc-2026-region,sentry,21412.451,6708.081,defense:blue-outpost,,,防守前哨站,0,0.0,none,0,0,True,True,False,legal wait: no active movement route,0.0,0.0,0.0
124,opponent-drone,opponent-rmuc-2026-region,drone,6953.322,13053.357,robot:tarsgo-engineer,4139.718,12798.323,空中压制敌方工程,1,2825.139,active,0,0,True,True,False,moving,0.0,0.0,1898.048
125,tarsgo-hero,tarsgo-rmuc-2026-region,hero,4582.359,13496.349,structure:blue-outpost,21400.0,7500.0,进攻前哨站,3,21033.767,active,0,0,True,True,False,moving,0.0,0.017,1615.0
125,tarsgo-engineer,tarsgo-rmuc-2026-region,engineer,3080.0,12850.0,zone:resource:red,,,获取能量单元,0,0.0,none,0,0,True,True,False,legal wait: no active movement route,0.0,0.083,554.31
125,tarsgo-infantry-1,tarsgo-rmuc-2026-region,infantry,16929.888,14500.0,zone:supply:red,2276.0,12368.0,前往补给区,2,14939.166,active,0,0,True,False,False,movement permission or chassis power lock,0.0,0.217,0.0
125,tarsgo-infantry-2,tarsgo-rmuc-2026-region,infantry,10061.345,3272.568,robot:opponent-hero,25994.0,1950.0,集火残血目标,3,20025.881,active,0,0,True,True,False,moving,0.0,0.217,1900.0
125,tarsgo-sentry,tarsgo-rmuc-2026-region,sentry,19965.655,8062.307,zone:supply:red,2600.0,13732.0,回撤补给,3,22100.197,active,0,0,True,True,False,moving,0.0,0.017,760.0
125,tarsgo-drone,tarsgo-rmuc-2026-region,drone,24406.738,1811.643,robot:opponent-hero,,,空中压制残血目标,0,0.0,none,0,0,True,True,False,legal wait: no active movement route,0.0,0.0,1646.45
125,opponent-hero,opponent-rmuc-2026-region,hero,25994.0,1950.0,zone:supply:blue,,,回撤补给,0,0.0,none,0,0,True,True,False,legal wait: no active movement route,0.0,0.0,0.0
125,opponent-engineer,opponent-rmuc-2026-region,engineer,24920.0,2150.0,zone:resource:blue,24920.0,2150.0,获取能量单元,0,0.0,none,0,0,True,True,False,legal wait: no active movement route,0.0,0.0,1282.644
125,opponent-infantry-1,opponent-rmuc-2026-region,infantry,21616.0,8160.0,,,,等待复活,0,0.0,none,0,0,False,False,False,dead/respawning,0.0,0.0,0.0
125,opponent-infantry-2,opponent-rmuc-2026-region,infantry,21092.979,6938.583,zone:supply:blue,25076.0,1268.0,前往补给区,1,6929.644,active,0,0,True,False,False,movement permission or chassis power lock,0.0,1.783,0.0
125,opponent-sentry,opponent-rmuc-2026-region,sentry,21412.451,6708.081,defense:blue-outpost,,,防守前哨站,0,0.0,none,0,0,True,True,False,legal wait: no active movement route,0.0,0.0,0.0
125,opponent-drone,opponent-rmuc-2026-region,drone,6536.261,13198.775,robot:tarsgo-sentry,20197.855,7338.647,空中压制残血目标,3,19103.304,active,0,0,True,True,False,moving,0.0,0.0,441.686
126,tarsgo-hero,tarsgo-rmuc-2026-region,hero,6455.608,13814.058,structure:blue-outpost,21400.0,7500.0,进攻前哨站,3,19133.767,active,0,0,True,True,False,moving,0.0,0.017,1900.0
126,tarsgo-engineer,tarsgo-rmuc-2026-region,engineer,3933.985,12808.356,zone:assembly:red,9232.0,12550.0,装配科技核心,1,5304.31,active,0,0,True,True,False,moving,0.0,0.083,855.0
126,tarsgo-infantry-1,tarsgo-rmuc-2026-region,infantry,16929.888,14500.0,zone:supply:red,2276.0,12368.0,前往补给区,2,14939.166,active,0,0,True,False,False,movement permission or chassis power lock,0.0,0.217,0.0
126,tarsgo-infantry-2,tarsgo-rmuc-2026-region,infantry,10087.832,1372.753,robot:opponent-infantry-2,21092.979,6938.583,追击敌方步兵,3,18311.424,active,0,0,True,True,False,moving,0.0,0.217,1900.0
126,tarsgo-sentry,tarsgo-rmuc-2026-region,sentry,19385.156,9871.456,zone:supply:red,2600.0,13732.0,回撤补给,3,20200.197,active,0,0,True,True,False,moving,0.0,0.017,1900.0
126,tarsgo-drone,tarsgo-rmuc-2026-region,drone,24406.738,1811.643,robot:opponent-engineer,,,空中压制敌方工程,0,0.0,none,0,0,True,True,False,legal wait: no active movement route,0.0,0.0,0.0
126,opponent-hero,opponent-rmuc-2026-region,hero,25994.0,1950.0,defense:blue-outpost,,,防守前哨站,0,0.0,none,0,0,True,True,False,legal wait: no active movement route,0.0,0.0,0.0
126,opponent-engineer,opponent-rmuc-2026-region,engineer,24793.484,2156.17,zone:assembly:blue,18768.0,2450.0,装配科技核心,1,6032.644,active,0,0,True,True,False,moving,0.0,0.0,126.667
126,opponent-infantry-1,opponent-rmuc-2026-region,infantry,21616.0,8160.0,,,,等待复活,0,0.0,none,0,0,False,False,False,dead/respawning,0.0,0.0,0.0
126,opponent-infantry-2,opponent-rmuc-2026-region,infantry,21092.979,6938.583,zone:supply:blue,25076.0,1268.0,前往补给区,1,6929.644,active,0,0,True,False,False,movement permission or chassis power lock,0.0,1.783,0.0
126,opponent-sentry,opponent-rmuc-2026-region,sentry,21412.451,6708.081,defense:blue-outpost,,,防守前哨站,0,0.0,none,0,0,True,True,False,legal wait: no active movement route,0.0,0.0,0.0
126,opponent-drone,opponent-rmuc-2026-region,drone,8331.971,13819.6,robot:tarsgo-sentry,19830.205,8484.442,空中压制残血目标,3,15999.97,searching,1,1,True,True,False,moving,0.0,0.0,1900.0
127,tarsgo-hero,tarsgo-rmuc-2026-region,hero,8328.857,14131.767,structure:blue-outpost,21400.0,7500.0,进攻前哨站,3,17233.767,active,0,0,True,True,False,moving,0.0,0.017,1900.0
127,tarsgo-engineer,tarsgo-rmuc-2026-region,engineer,5831.73,12715.813,zone:assembly:red,9232.0,12550.0,装配科技核心,1,3404.31,active,0,0,True,True,False,moving,0.0,0.083,1900.0
127,tarsgo-infantry-1,tarsgo-rmuc-2026-region,infantry,15029.888,14500.0,zone:supply:red,2276.0,12368.0,前往补给区,2,13039.166,active,0,0,True,True,False,moving,0.0,0.217,1900.0
127,tarsgo-infantry-2,tarsgo-rmuc-2026-region,infantry,9471.473,2511.274,support:tarsgo-engineer,6278.697,12728.152,保护工程,1,10704.13,active,0,0,True,True,False,moving,0.0,0.217,1294.654
127,tarsgo-sentry,tarsgo-rmuc-2026-region,sentry,18804.656,11680.605,zone:supply:red,2600.0,13732.0,回撤补给,3,18300.197,active,0,0,True,True,False,moving,0.0,0.017,1900.0
127,tarsgo-drone,tarsgo-rmuc-2026-region,drone,24406.738,1811.643,robot:opponent-engineer,,,空中压制敌方工程,0,0.0,none,0,0,True,True,False,legal wait: no active movement route,0.0,0.0,0.0
127,opponent-hero,opponent-rmuc-2026-region,hero,25994.0,1950.0,defense:blue-outpost,,,防守前哨站,0,0.0,none,0,0,True,True,False,legal wait: no active movement route,0.0,0.0,0.0
127,opponent-engineer,opponent-rmuc-2026-region,engineer,22895.739,2248.712,zone:assembly:blue,18768.0,2450.0,装配科技核心,1,4132.644,active,0,0,True,True,False,moving,0.0,0.0,1900.0
127,opponent-infantry-1,opponent-rmuc-2026-region,infantry,21616.0,8160.0,,,,等待复活,0,0.0,none,0,0,False,False,False,dead/respawning,0.0,0.0,0.0
127,opponent-infantry-2,opponent-rmuc-2026-region,infantry,21092.979,6938.583,zone:supply:blue,25076.0,1268.0,前往补给区,1,6929.644,active,0,0,True,False,False,movement permission or chassis power lock,0.0,1.783,0.0
127,opponent-sentry,opponent-rmuc-2026-region,sentry,21412.451,6708.081,defense:blue-outpost,,,防守前哨站,0,0.0,none,0,0,True,True,False,legal wait: no active movement route,0.0,0.0,0.0
127,opponent-drone,opponent-rmuc-2026-region,drone,10127.682,14440.425,robot:tarsgo-sentry,18959.456,11198.165,空中压制残血目标,3,11249.97,active,0,0,True,True,False,moving,0.0,0.0,1900.0
128,tarsgo-hero,tarsgo-rmuc-2026-region,hero,10202.105,14449.476,structure:blue-outpost,21400.0,7500.0,进攻前哨站,3,15333.767,active,0,0,True,True,False,moving,0.0,0.017,1900.0
128,tarsgo-engineer,tarsgo-rmuc-2026-region,engineer,7729.475,12623.27,zone:assembly:red,9232.0,12550.0,装配科技核心,1,1504.31,active,0,0,True,True,False,moving,0.0,0.083,1900.0
128,tarsgo-infantry-1,tarsgo-rmuc-2026-region,infantry,13129.888,14500.0,zone:supply:red,2276.0,12368.0,前往补给区,2,11139.166,active,0,0,True,True,False,moving,0.0,0.217,1900.0
128,tarsgo-infantry-2,tarsgo-rmuc-2026-region,infantry,9008.842,4349.097,support:tarsgo-engineer,7702.006,12658.745,保护工程,1,8411.782,active,0,0,True,True,False,moving,0.0,0.217,1895.157
128,tarsgo-sentry,tarsgo-rmuc-2026-region,sentry,18224.156,13489.754,zone:supply:red,2600.0,13732.0,回撤补给,3,16400.197,active,0,0,True,True,False,moving,0.0,0.017,1900.0
128,tarsgo-drone,tarsgo-rmuc-2026-region,drone,24304.789,2043.557,robot:opponent-infantry-1,21616.0,8160.0,空中压制残血目标,1,6681.352,active,0,0,True,True,False,moving,0.0,0.0,253.333
128,opponent-hero,opponent-rmuc-2026-region,hero,25994.0,1950.0,defense:blue-outpost,,,防守前哨站,0,0.0,none,0,0,True,True,False,legal wait: no active movement route,0.0,0.0,0.0
128,opponent-engineer,opponent-rmuc-2026-region,engineer,20997.994,2341.255,zone:assembly:blue,18768.0,2450.0,装配科技核心,1,2232.644,active,0,0,True,True,False,moving,0.0,0.0,1900.0
128,opponent-infantry-1,opponent-rmuc-2026-region,infantry,21616.0,8160.0,,,,等待复活,0,0.0,none,0,0,True,True,False,legal wait: no active movement route,0.0,0.0,0.0
128,opponent-infantry-2,opponent-rmuc-2026-region,infantry,20576.446,6974.815,zone:supply:blue,25076.0,1268.0,前往补给区,2,7810.792,active,0,0,True,True,False,moving,0.0,1.783,517.802
128,opponent-sentry,opponent-rmuc-2026-region,sentry,21412.451,6708.081,defense:blue-outpost,,,防守前哨站,0,0.0,none,0,0,True,True,False,legal wait: no active movement route,0.0,0.0,0.0
128,opponent-drone,opponent-rmuc-2026-region,drone,12017.674,14500.0,robot:tarsgo-sentry,18524.081,12555.027,空中压制残血目标,2,7924.97,active,0,0,True,True,False,moving,0.0,0.0,1890.931
129,tarsgo-hero,tarsgo-rmuc-2026-region,hero,10944.482,14138.512,structure:blue-outpost,21400.0,7500.0,进攻前哨站,3,15007.479,active,0,0,True,True,False,moving,0.0,0.017,804.874
129,tarsgo-engineer,tarsgo-rmuc-2026-region,engineer,9232.0,12550.0,zone:assembly:red,9232.0,12550.0,装配科技核心,0,0.0,none,0,0,True,True,False,legal wait: no active movement route,0.0,0.083,1504.31
129,tarsgo-infantry-1,tarsgo-rmuc-2026-region,infantry,11229.888,14500.0,zone:supply:red,2276.0,12368.0,前往补给区,2,9239.166,active,0,0,True,True,False,moving,0.0,0.217,1900.0
129,tarsgo-infantry-2,tarsgo-rmuc-2026-region,infantry,9126.16,4244.292,robot:opponent-infantry-1,21974.872,7677.078,集火残血目标,3,22846.329,active,0,0,True,True,False,moving,0.0,0.217,157.314
129,tarsgo-sentry,tarsgo-rmuc-2026-region,sentry,17060.978,14500.0,zone:supply:red,2600.0,13732.0,回撤补给,2,14500.197,active,0,0,True,True,False,moving,0.0,0.017,1540.643
129,tarsgo-drone,tarsgo-rmuc-2026-region,drone,23576.436,3797.705,robot:opponent-infantry-1,22258.192,7295.824,空中压制残血目标,1,3738.262,active,0,0,True,True,False,moving,0.0,0.0,1899.35
129,opponent-hero,opponent-rmuc-2026-region,hero,25994.0,1950.0,structure:red-outpost,,,进攻前哨站,0,0.0,searching,2,2,True,True,False,waiting for path search,0.0,0.0,0.0
129,opponent-engineer,opponent-rmuc-2026-region,engineer,19100.249,2433.798,zone:assembly:blue,18768.0,2450.0,装配科技核心,1,332.644,active,0,0,True,True,False,moving,0.0,0.0,1900.0
129,opponent-infantry-1,opponent-rmuc-2026-region,infantry,22692.616,6711.234,zone:supply:blue,25724.0,2632.0,回撤补给,1,5082.267,active,0,0,True,True,False,moving,0.0,0.0,1805.0
129,opponent-infantry-2,opponent-rmuc-2026-region,infantry,21279.004,5797.932,zone:supply:blue,25076.0,1268.0,前往补给区,1,5910.792,active,0,0,True,True,False,moving,0.0,1.783,1370.636
129,opponent-sentry,opponent-rmuc-2026-region,sentry,21412.451,6708.081,defense:blue-outpost,,,防守前哨站,0,0.0,none,0,0,True,True,False,legal wait: no active movement route,0.0,0.0,0.0
129,opponent-drone,opponent-rmuc-2026-region,drone,13917.674,14500.0,robot:tarsgo-sentry,17092.645,14500.0,空中压制残血目标,1,3174.97,active,0,0,True,True,False,moving,0.0,0.0,1900.0
130,tarsgo-hero,tarsgo-rmuc-2026-region,hero,12436.894,14126.475,structure:blue-outpost,21400.0,7500.0,进攻前哨站,2,13107.479,active,0,0,True,True,False,moving,0.0,0.017,1492.46
130,tarsgo-engineer,tarsgo-rmuc-2026-region,engineer,9232.0,12550.0,zone:assembly:red,,,装配科技核心,0,0.0,none,0,0,True,True,False,legal wait: no active movement route,0.0,0.083,0.0
130,tarsgo-infantry-1,tarsgo-rmuc-2026-region,infantry,9356.98,14297.531,zone:supply:red,2276.0,12368.0,前往补给区,1,7339.166,active,0,0,True,True,False,moving,0.0,0.217,1883.82
130,tarsgo-infantry-2,tarsgo-rmuc-2026-region,infantry,9604.413,2405.468,robot:opponent-infantry-1,23674.791,5389.552,集火残血目标,3,20458.478,active,0,0,True,True,False,moving,0.0,0.217,1900.0
130,tarsgo-sentry,tarsgo-rmuc-2026-region,sentry,15160.978,14500.0,zone:supply:red,2600.0,13732.0,回撤补给,2,12600.197,active,0,0,True,True,False,moving,0.0,0.017,1900.0
130,tarsgo-drone,tarsgo-rmuc-2026-region,drone,23330.767,4449.618,robot:opponent-infantry-1,,,空中压制残血目标,0,0.0,none,0,0,True,True,False,legal wait: no active movement route,0.0,0.0,696.667
130,opponent-hero,opponent-rmuc-2026-region,hero,25244.837,1822.111,structure:red-outpost,6600.0,7500.0,进攻前哨站,3,26256.989,active,0,0,True,True,False,moving,0.0,0.0,760.0
130,opponent-engineer,opponent-rmuc-2026-region,engineer,18768.0,2450.0,zone:assembly:blue,,,装配科技核心,0,0.0,none,0,0,True,True,False,legal wait: no active movement route,0.0,0.0,332.644
130,opponent-infantry-1,opponent-rmuc-2026-region,infantry,23825.895,5186.217,zone:supply:blue,25724.0,2632.0,回撤补给,1,3182.267,active,0,0,True,True,False,moving,0.0,0.0,1900.0
130,opponent-infantry-2,opponent-rmuc-2026-region,infantry,22499.533,4341.804,zone:supply:blue,25076.0,1268.0,前往补给区,1,4010.792,active,0,0,True,True,False,moving,0.0,1.783,1900.0
130,opponent-sentry,opponent-rmuc-2026-region,sentry,21412.451,6708.081,defense:blue-outpost,,,防守前哨站,0,0.0,none,0,0,True,True,False,legal wait: no active movement route,0.0,0.0,0.0
130,opponent-drone,opponent-rmuc-2026-region,drone,15311.008,14500.0,robot:tarsgo-sentry,,,空中压制残血目标,0,0.0,none,0,0,True,True,False,legal wait: no active movement route,0.0,0.0,1393.333
131,tarsgo-hero,tarsgo-rmuc-2026-region,hero,14332.468,14256.08,structure:blue-outpost,21400.0,7500.0,进攻前哨站,2,11207.479,active,0,0,True,True,False,moving,0.0,0.017,1900.0
131,tarsgo-engineer,tarsgo-rmuc-2026-region,engineer,9232.0,12550.0,zone:assembly:red,,,装配科技核心,0,0.0,none,0,0,True,True,False,legal wait: no active movement route,0.0,0.083,0.0
131,tarsgo-infantry-1,tarsgo-rmuc-2026-region,infantry,7523.82,13798.004,zone:supply:red,2276.0,12368.0,前往补给区,1,5439.166,active,0,0,True,True,False,moving,0.0,0.217,1900.0
131,tarsgo-infantry-2,tarsgo-rmuc-2026-region,infantry,10082.667,566.644,robot:opponent-infantry-1,24524.751,4245.789,集火残血目标,3,18214.732,active,0,0,True,True,False,moving,0.0,0.217,1900.0
131,tarsgo-sentry,tarsgo-rmuc-2026-region,sentry,14588.908,14552.424,zone:supply:red,2600.0,13732.0,回撤补给,3,12408.022,active,0,0,True,True,False,moving,0.0,0.017,574.467
131,tarsgo-drone,tarsgo-rmuc-2026-region,drone,23330.767,4449.618,robot:opponent-infantry-1,,,空中压制残血目标,0,0.0,none,0,0,True,True,False,legal wait: no active movement route,0.0,0.0,0.0
131,opponent-hero,opponent-rmuc-2026-region,hero,23371.931,1502.39,structure:red-outpost,6600.0,7500.0,进攻前哨站,3,24356.989,active,0,0,True,True,False,moving,0.0,0.0,1900.0
131,opponent-engineer,opponent-rmuc-2026-region,engineer,18768.0,2450.0,zone:assembly:blue,,,装配科技核心,0,0.0,none,0,0,True,True,False,legal wait: no active movement route,0.0,0.0,0.0
131,opponent-infantry-1,opponent-rmuc-2026-region,infantry,24959.175,3661.2,zone:supply:blue,25724.0,2632.0,回撤补给,1,1282.267,active,0,0,True,True,False,moving,0.0,0.0,1900.0
131,opponent-infantry-2,opponent-rmuc-2026-region,infantry,23720.062,2885.675,zone:supply:blue,25076.0,1268.0,前往补给区,1,2110.792,active,0,0,True,True,False,moving,0.0,1.783,1900.0
131,opponent-sentry,opponent-rmuc-2026-region,sentry,21412.451,6708.081,defense:blue-outpost,,,防守前哨站,0,0.0,none,0,0,True,True,False,legal wait: no active movement route,0.0,0.0,0.0
131,opponent-drone,opponent-rmuc-2026-region,drone,15311.008,14500.0,robot:tarsgo-sentry,,,空中压制残血目标,0,0.0,none,0,0,True,True,False,legal wait: no active movement route,0.0,0.0,0.0
132,tarsgo-hero,tarsgo-rmuc-2026-region,hero,13301.683,13594.659,structure:blue-outpost,21400.0,7500.0,进攻前哨站,3,12485.042,active,0,0,True,True,False,moving,0.0,0.017,1224.743
132,tarsgo-engineer,tarsgo-rmuc-2026-region,engineer,9232.0,12550.0,zone:assembly:red,,,装配科技核心,0,0.0,none,0,0,True,True,False,legal wait: no active movement route,0.0,0.083,0.0
132,tarsgo-infantry-1,tarsgo-rmuc-2026-region,infantry,5690.661,13298.478,zone:supply:red,2276.0,12368.0,前往补给区,1,3539.166,active,0,0,True,True,False,moving,0.0,0.217,1900.0
132,tarsgo-infantry-2,tarsgo-rmuc-2026-region,infantry,11931.139,500.0,robot:opponent-infantry-1,25374.711,3102.027,集火残血目标,2,15971.96,active,0,0,True,True,False,moving,0.0,0.217,1849.673
132,tarsgo-sentry,tarsgo-rmuc-2026-region,sentry,13068.495,14542.768,zone:supply:red,2600.0,13732.0,回撤补给,2,10508.022,active,0,0,True,True,False,moving,0.0,0.017,1520.445
132,tarsgo-drone,tarsgo-rmuc-2026-region,drone,23915.43,4015.292,robot:opponent-infantry-1,25658.031,2720.772,空中压制残血目标,1,2170.816,active,0,0,True,True,False,moving,0.0,0.0,728.333
132,opponent-hero,opponent-rmuc-2026-region,hero,21499.025,1182.668,structure:red-outpost,6600.0,7500.0,进攻前哨站,3,22456.989,active,0,0,True,True,False,moving,0.0,0.0,1900.0
132,opponent-engineer,opponent-rmuc-2026-region,engineer,18768.0,2450.0,zone:assembly:blue,,,装配科技核心,0,0.0,none,0,0,True,True,False,legal wait: no active movement route,0.0,0.0,0.0
132,opponent-infantry-1,opponent-rmuc-2026-region,infantry,25724.0,2632.0,zone:supply:blue,,,回撤补给,0,0.0,none,0,0,True,True,False,legal wait: no active movement route,0.0,0.0,1282.267
132,opponent-infantry-2,opponent-rmuc-2026-region,infantry,24615.117,1817.848,zone:supply:blue,,,补充弹量,0,0.0,none,0,0,True,True,False,legal wait: no active movement route,0.0,1.783,1393.333
132,opponent-sentry,opponent-rmuc-2026-region,sentry,21412.451,6708.081,defense:blue-outpost,,,防守前哨站,0,0.0,none,0,0,True,True,False,legal wait: no active movement route,0.0,0.0,0.0
132,opponent-drone,opponent-rmuc-2026-region,drone,15311.008,14500.0,robot:tarsgo-sentry,,,空中压制残血目标,0,0.0,none,0,0,True,True,False,legal wait: no active movement route,0.0,0.0,0.0
133,tarsgo-hero,tarsgo-rmuc-2026-region,hero,15009.969,13891.366,structure:blue-outpost,21400.0,7500.0,进攻前哨站,2,10585.042,active,0,0,True,True,False,moving,0.0,0.017,1733.862
133,tarsgo-engineer,tarsgo-rmuc-2026-region,engineer,9232.0,12550.0,zone:assembly:red,,,装配科技核心,0,0.0,none,0,0,True,True,False,legal wait: no active movement route,0.0,0.083,0.0
133,tarsgo-infantry-1,tarsgo-rmuc-2026-region,infantry,3857.502,12798.951,zone:supply:red,2276.0,12368.0,前往补给区,1,1639.166,active,0,0,True,True,False,moving,0.0,0.217,1900.0
133,tarsgo-infantry-2,tarsgo-rmuc-2026-region,infantry,12089.473,500.0,robot:opponent-infantry-1,25724.0,2632.0,集火残血目标,2,15742.662,active,0,0,True,False,False,movement permission or chassis power lock,0.0,0.217,158.333
133,tarsgo-sentry,tarsgo-rmuc-2026-region,sentry,11168.692,14515.397,zone:supply:red,2600.0,13732.0,回撤补给,2,8608.022,active,0,0,True,True,False,moving,0.0,0.017,1900.0
133,tarsgo-drone,tarsgo-rmuc-2026-region,drone,24474.672,3599.85,robot:opponent-infantry-1,,,空中压制残血目标,0,0.0,none,0,0,True,True,False,legal wait: no active movement route,0.0,0.0,696.667
133,opponent-hero,opponent-rmuc-2026-region,hero,19626.118,862.947,structure:red-outpost,6600.0,7500.0,进攻前哨站,3,20556.989,active,0,0,True,True,False,moving,0.0,0.0,1900.0
133,opponent-engineer,opponent-rmuc-2026-region,engineer,18768.0,2450.0,zone:assembly:blue,,,装配科技核心,0,0.0,none,0,0,True,True,False,legal wait: no active movement route,0.0,0.0,0.0
133,opponent-infantry-1,opponent-rmuc-2026-region,infantry,25724.0,2632.0,zone:supply:blue,,,回撤补给,0,0.0,none,0,0,True,True,False,legal wait: no active movement route,0.0,0.0,0.0
133,opponent-infantry-2,opponent-rmuc-2026-region,infantry,24061.345,2628.408,defense:blue-outpost,21184.0,6840.0,防守前哨站,1,5100.65,active,0,0,True,True,False,moving,0.0,1.783,981.667
133,opponent-sentry,opponent-rmuc-2026-region,sentry,21412.451,6708.081,defense:blue-outpost,,,防守前哨站,0,0.0,none,0,0,True,True,False,legal wait: no active movement route,0.0,0.0,0.0
133,opponent-drone,opponent-rmuc-2026-region,drone,14804.351,14503.163,robot:tarsgo-sentry,11675.306,14522.696,空中压制残血目标,1,3129.106,active,0,0,True,True,False,moving,0.0,0.0,506.667
134,tarsgo-hero,tarsgo-rmuc-2026-region,hero,16869.187,14282.913,structure:blue-outpost,21400.0,7500.0,进攻前哨站,2,8685.042,active,0,0,True,True,False,moving,0.0,0.017,1900.0
134,tarsgo-engineer,tarsgo-rmuc-2026-region,engineer,9232.0,12550.0,zone:assembly:red,,,装配科技核心,0,0.0,none,0,0,True,True,False,legal wait: no active movement route,0.0,0.083,0.0
134,tarsgo-infantry-1,tarsgo-rmuc-2026-region,infantry,2604.843,12457.608,zone:supply:red,,,补充弹量,0,0.0,none,0,0,True,True,False,legal wait: no active movement route,0.0,0.217,1298.333
134,tarsgo-infantry-2,tarsgo-rmuc-2026-region,infantry,12089.473,500.0,support:tarsgo-engineer,9932.0,12550.0,保护工程,2,14239.515,active,0,0,True,False,False,movement permission or chassis power lock,0.0,0.217,0.0
134,tarsgo-sentry,tarsgo-rmuc-2026-region,sentry,9273.126,14415.328,zone:supply:red,2600.0,13732.0,回撤补给,1,6708.022,active,0,0,True,True,False,moving,0.0,0.017,1898.205
134,tarsgo-drone,tarsgo-rmuc-2026-region,drone,22829.405,3268.341,robot:opponent-engineer,18768.0,2450.0,空中压制敌方工程,1,4143.029,active,0,0,True,True,False,moving,0.0,0.0,1678.333
134,opponent-hero,opponent-rmuc-2026-region,hero,17753.212,543.226,structure:red-outpost,6600.0,7500.0,进攻前哨站,3,18656.989,active,0,0,True,True,False,moving,0.0,0.0,1900.0
134,opponent-engineer,opponent-rmuc-2026-region,engineer,18768.0,2450.0,zone:assembly:blue,,,装配科技核心,0,0.0,none,0,0,True,True,False,legal wait: no active movement route,0.0,0.0,0.0
134,opponent-infantry-1,opponent-rmuc-2026-region,infantry,25724.0,2632.0,zone:supply:blue,,,补充弹量,0,0.0,none,0,0,True,True,False,legal wait: no active movement route,0.0,0.0,0.0
134,opponent-infantry-2,opponent-rmuc-2026-region,infantry,22989.53,4197.232,defense:blue-outpost,21184.0,6840.0,防守前哨站,1,3200.65,active,0,0,True,True,False,moving,0.0,1.783,1900.0
134,opponent-sentry,opponent-rmuc-2026-region,sentry,21412.451,6708.081,defense:blue-outpost,,,防守前哨站,0,0.0,none,0,0,True,True,False,legal wait: no active movement route,0.0,0.0,0.0
134,opponent-drone,opponent-rmuc-2026-region,drone,12904.37,14507.079,robot:tarsgo-sentry,10250.454,14502.168,空中压制残血目标,1,2653.921,active,0,0,True,True,False,moving,0.0,0.0,1899.984
135,tarsgo-hero,tarsgo-rmuc-2026-region,hero,18237.228,13723.489,structure:blue-outpost,21400.0,7500.0,进攻前哨站,1,6785.042,active,0,0,True,True,False,moving,0.0,0.017,1478.002
135,tarsgo-engineer,tarsgo-rmuc-2026-region,engineer,9232.0,12550.0,zone:assembly:red,,,装配科技核心,0,0.0,none,0,0,True,True,False,legal wait: no active movement route,0.0,0.083,0.0
135,tarsgo-infantry-1,tarsgo-rmuc-2026-region,infantry,3109.39,11652.665,robot:opponent-hero,16933.542,500.0,追击敌方英雄,2,19996.01,active,0,0,True,True,False,moving,0.0,0.217,950.0
135,tarsgo-infantry-2,tarsgo-rmuc-2026-region,infantry,12089.473,500.0,support:tarsgo-engineer,9932.0,12550.0,保护工程,2,14239.515,active,0,0,True,False,False,movement permission or chassis power lock,0.0,0.217,0.0
135,tarsgo-sentry,tarsgo-rmuc-2026-region,sentry,7383.01,14221.78,zone:supply:red,2600.0,13732.0,回撤补给,1,4808.022,active,0,0,True,True,False,moving,0.0,0.017,1900.0
135,tarsgo-drone,tarsgo-rmuc-2026-region,drone,20966.838,2893.049,robot:opponent-engineer,18768.0,2450.0,空中压制敌方工程,1,2243.029,active,0,0,True,True,False,moving,0.0,0.0,1900.0
135,opponent-hero,opponent-rmuc-2026-region,hero,15856.875,500.0,structure:red-outpost,6600.0,7500.0,进攻前哨站,2,16756.989,active,0,0,True,True,False,moving,0.0,0.0,1896.83
135,opponent-engineer,opponent-rmuc-2026-region,engineer,18768.0,2450.0,zone:assembly:blue,,,装配科技核心,0,0.0,none,0,0,True,True,False,legal wait: no active movement route,0.0,0.0,0.0
135,opponent-infantry-1,opponent-rmuc-2026-region,infantry,25584.564,2843.507,robot:tarsgo-sentry,7761.034,14260.49,集火残血目标,3,24112.8,active,0,0,True,True,False,moving,0.0,0.0,253.333
135,opponent-infantry-2,opponent-rmuc-2026-region,infantry,21917.714,5766.057,defense:blue-outpost,21184.0,6840.0,防守前哨站,1,1300.65,active,0,0,True,True,False,moving,0.0,1.783,1900.0
135,opponent-sentry,opponent-rmuc-2026-region,sentry,21412.451,6708.081,defense:blue-outpost,,,防守前哨站,0,0.0,none,0,0,True,True,False,legal wait: no active movement route,0.0,0.0,0.0
135,opponent-drone,opponent-rmuc-2026-region,drone,11004.469,14500.062,robot:tarsgo-sentry,7414.512,14225.006,空中压制残血目标,1,3600.478,active,0,0,True,True,False,moving,0.0,0.0,1899.915
136,tarsgo-hero,tarsgo-rmuc-2026-region,hero,18994.079,11980.74,structure:blue-outpost,21400.0,7500.0,进攻前哨站,1,4885.042,active,0,0,True,True,False,moving,0.0,0.017,1900.0
136,tarsgo-engineer,tarsgo-rmuc-2026-region,engineer,9232.0,12550.0,zone:assembly:red,,,装配科技核心,0,0.0,none,0,0,True,True,False,legal wait: no active movement route,0.0,0.083,0.0
136,tarsgo-infantry-1,tarsgo-rmuc-2026-region,infantry,4118.483,10042.78,robot:opponent-hero,14083.542,500.0,追击敌方英雄,2,15246.01,active,0,0,True,True,False,moving,0.0,0.217,1900.0
136,tarsgo-infantry-2,tarsgo-rmuc-2026-region,infantry,12089.473,500.0,zone:supply:red,2924.0,13732.0,前往补给区,3,21473.566,active,0,0,True,False,False,movement permission or chassis power lock,0.0,0.217,0.0
136,tarsgo-sentry,tarsgo-rmuc-2026-region,sentry,5492.894,14028.232,zone:supply:red,2600.0,13732.0,回撤补给,1,2908.022,active,0,0,True,True,False,moving,0.0,0.017,1900.0
136,tarsgo-drone,tarsgo-rmuc-2026-region,drone,20283.896,2755.441,robot:opponent-engineer,,,空中压制敌方工程,0,0.0,none,0,0,True,True,False,legal wait: no active movement route,0.0,0.0,696.667
136,opponent-hero,opponent-rmuc-2026-region,hero,13956.875,500.0,structure:red-outpost,6600.0,7500.0,进攻前哨站,2,14856.989,active,0,0,True,True,False,moving,0.0,0.0,1900.0
136,opponent-engineer,opponent-rmuc-2026-region,engineer,18768.0,2450.0,zone:assembly:blue,,,装配科技核心,0,0.0,none,0,0,True,True,False,legal wait: no active movement route,0.0,0.0,0.0
136,opponent-infantry-1,opponent-rmuc-2026-region,infantry,24538.79,4429.81,robot:tarsgo-sentry,6343.446,14115.329,集火残血目标,3,23637.8,active,0,0,True,True,False,moving,0.0,0.0,1900.0
136,opponent-infantry-2,opponent-rmuc-2026-region,infantry,21307.118,5849.983,defense:blue-outpost,21184.0,6840.0,防守前哨站,1,997.643,active,0,0,True,True,False,moving,0.0,1.783,616.337
136,opponent-sentry,opponent-rmuc-2026-region,sentry,21412.451,6708.081,defense:blue-outpost,,,防守前哨站,0,0.0,none,0,0,True,True,False,legal wait: no active movement route,0.0,0.0,0.0
136,opponent-drone,opponent-rmuc-2026-region,drone,9110.435,14349.846,robot:tarsgo-sentry,5996.925,14079.845,空中压制残血目标,1,3125.195,active,0,0,True,True,False,moving,0.0,0.0,1899.981
137,tarsgo-hero,tarsgo-rmuc-2026-region,hero,19057.15,11835.51,structure:blue-outpost,21400.0,7500.0,进攻前哨站,1,4726.709,active,0,0,True,False,False,movement permission or chassis power lock,0.0,0.017,158.333
137,tarsgo-engineer,tarsgo-rmuc-2026-region,engineer,9232.0,12550.0,zone:assembly:red,,,装配科技核心,0,0.0,none,0,0,True,True,False,legal wait: no active movement route,0.0,0.083,0.0
137,tarsgo-infantry-1,tarsgo-rmuc-2026-region,infantry,5127.576,8432.895,robot:opponent-hero,13798.542,500.0,追击敌方英雄,2,13061.01,active,0,0,True,True,False,moving,0.0,0.217,1900.0
137,tarsgo-infantry-2,tarsgo-rmuc-2026-region,infantry,12089.473,500.0,zone:supply:red,2924.0,13732.0,前往补给区,3,21473.566,active,0,0,True,False,False,movement permission or chassis power lock,0.0,0.217,0.0
137,tarsgo-sentry,tarsgo-rmuc-2026-region,sentry,4390.326,13915.329,zone:supply:red,2600.0,13732.0,回撤补给,1,1799.688,active,0,0,True,False,False,movement permission or chassis power lock,0.0,0.017,1108.333
137,tarsgo-drone,tarsgo-rmuc-2026-region,drone,20283.896,2755.441,robot:opponent-engineer,,,空中压制敌方工程,0,0.0,none,0,0,True,True,False,legal wait: no active movement route,0.0,0.0,0.0
137,opponent-hero,opponent-rmuc-2026-region,hero,14400.208,500.0,zone:supply:blue,25994.0,1950.0,前往补给区,2,12952.835,active,0,0,True,True,False,moving,0.0,0.0,443.333
137,opponent-engineer,opponent-rmuc-2026-region,engineer,18768.0,2450.0,zone:assembly:blue,,,装配科技核心,0,0.0,none,0,0,True,True,False,legal wait: no active movement route,0.0,0.0,0.0
137,opponent-infantry-1,opponent-rmuc-2026-region,infantry,23493.017,6016.114,robot:tarsgo-sentry,4925.859,13970.168,集火残血目标,3,23162.8,active,0,0,True,True,False,moving,0.0,0.0,1900.0
137,opponent-infantry-2,opponent-rmuc-2026-region,infantry,20844.472,6270.683,defense:blue-outpost,21184.0,6840.0,防守前哨站,1,662.874,active,0,0,True,True,False,moving,0.0,1.783,625.324
137,opponent-sentry,opponent-rmuc-2026-region,sentry,21412.451,6708.081,defense:blue-outpost,,,防守前哨站,0,0.0,none,0,0,True,True,False,legal wait: no active movement route,0.0,0.0,0.0
137,opponent-drone,opponent-rmuc-2026-region,drone,7218.074,14179.734,robot:tarsgo-sentry,4579.338,13934.684,空中压制残血目标,1,2650.09,active,0,0,True,True,False,moving,0.0,0.0,1899.991
138,tarsgo-hero,tarsgo-rmuc-2026-region,hero,19057.15,11835.51,structure:blue-outpost,21400.0,7500.0,进攻前哨站,1,4726.709,active,0,0,True,False,False,movement permission or chassis power lock,0.0,0.017,0.0
138,tarsgo-engineer,tarsgo-rmuc-2026-region,engineer,9232.0,12550.0,zone:assembly:red,,,装配科技核心,0,0.0,none,0,0,True,True,False,legal wait: no active movement route,0.0,0.083,0.0
138,tarsgo-infantry-1,tarsgo-rmuc-2026-region,infantry,6136.67,6823.01,robot:opponent-hero,15223.542,500.0,追击敌方英雄,2,12586.01,active,0,0,True,True,False,moving,0.0,0.217,1900.0
138,tarsgo-infantry-2,tarsgo-rmuc-2026-region,infantry,10379.958,540.754,zone:supply:red,2924.0,13732.0,前往补给区,3,19763.566,active,0,0,True,True,False,moving,0.0,0.217,1710.0
138,tarsgo-sentry,tarsgo-rmuc-2026-region,sentry,4390.326,13915.329,zone:supply:red,2600.0,13732.0,回撤补给,1,1799.688,active,0,0,True,False,False,movement permission or chassis power lock,0.0,0.017,0.0
138,tarsgo-drone,tarsgo-rmuc-2026-region,drone,20283.896,2755.441,robot:opponent-engineer,,,空中压制敌方工程,0,0.0,none,0,0,True,True,False,legal wait: no active movement route,0.0,0.0,0.0
138,opponent-hero,opponent-rmuc-2026-region,hero,16300.208,500.0,zone:supply:blue,25994.0,1950.0,前往补给区,2,11052.835,active,0,0,True,True,False,moving,0.0,0.0,1900.0
138,opponent-engineer,opponent-rmuc-2026-region,engineer,18768.0,2450.0,zone:assembly:blue,,,装配科技核心,0,0.0,none,0,0,True,True,False,legal wait: no active movement route,0.0,0.0,0.0
138,opponent-infantry-1,opponent-rmuc-2026-region,infantry,22447.244,7602.417,robot:tarsgo-sentry,4390.326,13915.329,集火残血目标,3,21801.133,active,0,0,True,True,False,moving,0.0,0.0,1900.0
138,opponent-infantry-2,opponent-rmuc-2026-region,infantry,20829.514,6787.032,defense:blue-outpost,21184.0,6840.0,防守前哨站,1,358.422,active,0,0,True,True,False,moving,0.0,1.783,516.566
138,opponent-sentry,opponent-rmuc-2026-region,sentry,21412.451,6708.081,defense:blue-outpost,,,防守前哨站,0,0.0,none,0,0,True,True,False,legal wait: no active movement route,0.0,0.0,0.0
138,opponent-drone,opponent-rmuc-2026-region,drone,6776.64,14138.739,robot:tarsgo-sentry,,,空中压制残血目标,0,0.0,none,0,0,True,True,False,legal wait: no active movement route,0.0,0.0,443.333
139,tarsgo-hero,tarsgo-rmuc-2026-region,hero,19057.15,11835.51,structure:blue-outpost,21400.0,7500.0,进攻前哨站,1,4726.709,active,0,0,True,False,False,movement permission or chassis power lock,0.0,0.017,0.0
139,tarsgo-engineer,tarsgo-rmuc-2026-region,engineer,9232.0,12550.0,zone:assembly:red,,,装配科技核心,0,0.0,none,0,0,True,True,False,legal wait: no active movement route,0.0,0.083,0.0
139,tarsgo-infantry-1,tarsgo-rmuc-2026-region,infantry,7145.763,5213.124,robot:opponent-hero,18073.542,500.0,追击敌方英雄,2,13536.01,active,0,0,True,True,False,moving,0.0,0.217,1900.0
139,tarsgo-infantry-2,tarsgo-rmuc-2026-region,infantry,8480.498,586.036,zone:supply:red,2924.0,13732.0,前往补给区,3,17863.566,active,0,0,True,True,False,moving,0.0,0.217,1900.0
139,tarsgo-sentry,tarsgo-rmuc-2026-region,sentry,4390.326,13915.329,zone:supply:red,2600.0,13732.0,回撤补给,1,1799.688,active,0,0,True,False,False,movement permission or chassis power lock,0.0,0.017,0.0
139,tarsgo-drone,tarsgo-rmuc-2026-region,drone,20283.896,2755.441,robot:opponent-engineer,,,空中压制敌方工程,0,0.0,none,0,0,True,True,False,legal wait: no active movement route,0.0,0.0,0.0
139,opponent-hero,opponent-rmuc-2026-region,hero,18200.208,500.0,zone:supply:blue,25994.0,1950.0,前往补给区,2,9152.835,active,0,0,True,True,False,moving,0.0,0.0,1900.0
139,opponent-engineer,opponent-rmuc-2026-region,engineer,18768.0,2450.0,zone:assembly:blue,,,装配科技核心,0,0.0,none,0,0,True,True,False,legal wait: no active movement route,0.0,0.0,0.0
139,opponent-infantry-1,opponent-rmuc-2026-region,infantry,21401.47,9188.72,robot:tarsgo-sentry,4390.326,13915.329,集火残血目标,3,19901.133,active,0,0,True,True,False,moving,0.0,0.0,1900.0
139,opponent-infantry-2,opponent-rmuc-2026-region,infantry,21084.79,6913.0,defense:blue-outpost,21184.0,6840.0,防守前哨站,1,123.173,active,0,0,True,True,False,moving,0.0,1.783,284.665
139,opponent-sentry,opponent-rmuc-2026-region,sentry,21412.451,6708.081,defense:blue-outpost,,,防守前哨站,0,0.0,none,0,0,True,True,False,legal wait: no active movement route,0.0,0.0,0.0
139,opponent-drone,opponent-rmuc-2026-region,drone,6776.64,14138.739,robot:tarsgo-sentry,,,空中压制残血目标,0,0.0,none,0,0,True,True,False,legal wait: no active movement route,0.0,0.0,0.0
140,tarsgo-hero,tarsgo-rmuc-2026-region,hero,19057.15,11835.51,zone:supply:red,2006.0,13050.0,前往补给区,3,18927.764,active,0,0,True,False,False,movement permission or chassis power lock,0.0,0.017,0.0
140,tarsgo-engineer,tarsgo-rmuc-2026-region,engineer,9232.0,12550.0,zone:assembly:red,,,装配科技核心,0,0.0,none,0,0,True,True,False,legal wait: no active movement route,0.0,0.083,0.0
140,tarsgo-infantry-1,tarsgo-rmuc-2026-region,infantry,8154.856,3603.239,robot:opponent-hero,19498.542,500.0,追击敌方英雄,2,13061.01,active,0,0,True,True,False,moving,0.0,0.217,1900.0
140,tarsgo-infantry-2,tarsgo-rmuc-2026-region,infantry,6581.038,631.318,zone:supply:red,2924.0,13732.0,前往补给区,3,15963.566,active,0,0,True,True,False,moving,0.0,0.217,1900.0
140,tarsgo-sentry,tarsgo-rmuc-2026-region,sentry,4390.326,13915.329,zone:supply:red,2600.0,13732.0,回撤补给,1,1799.688,active,0,0,True,False,False,movement permission or chassis power lock,0.0,0.017,0.0
140,tarsgo-drone,tarsgo-rmuc-2026-region,drone,20283.896,2755.441,robot:opponent-engineer,,,空中压制敌方工程,0,0.0,none,0,0,True,True,False,legal wait: no active movement route,0.0,0.0,0.0
140,opponent-hero,opponent-rmuc-2026-region,hero,20100.208,500.0,zone:supply:blue,25994.0,1950.0,前往补给区,2,7252.835,active,0,0,True,True,False,moving,0.0,0.0,1900.0
140,opponent-engineer,opponent-rmuc-2026-region,engineer,18768.0,2450.0,zone:assembly:blue,,,装配科技核心,0,0.0,none,0,0,True,True,False,legal wait: no active movement route,0.0,0.0,0.0
140,opponent-infantry-1,opponent-rmuc-2026-region,infantry,20599.711,10404.886,,,,等待复活,0,0.0,none,0,0,False,False,False,dead/respawning,0.0,0.0,1456.667
140,opponent-infantry-2,opponent-rmuc-2026-region,infantry,20909.734,7021.564,defense:blue-outpost,21184.0,6840.0,防守前哨站,2,1584.124,active,0,0,True,True,False,moving,0.0,1.783,205.988
140,opponent-sentry,opponent-rmuc-2026-region,sentry,21412.451,6708.081,defense:blue-outpost,,,防守前哨站,0,0.0,none,0,0,True,True,False,legal wait: no active movement route,0.0,0.0,0.0
140,opponent-drone,opponent-rmuc-2026-region,drone,6776.64,14138.739,robot:tarsgo-sentry,,,空中压制残血目标,0,0.0,none,0,0,True,True,False,legal wait: no active movement route,0.0,0.0,0.0
141,tarsgo-hero,tarsgo-rmuc-2026-region,hero,19057.15,11835.51,zone:supply:red,2006.0,13050.0,前往补给区,3,18927.764,active,0,0,True,False,False,movement permission or chassis power lock,0.0,0.017,0.0
141,tarsgo-engineer,tarsgo-rmuc-2026-region,engineer,9232.0,12550.0,zone:assembly:red,,,装配科技核心,0,0.0,none,0,0,True,True,False,legal wait: no active movement route,0.0,0.083,0.0
141,tarsgo-infantry-1,tarsgo-rmuc-2026-region,infantry,9163.95,1993.354,robot:opponent-hero,20923.542,500.0,追击敌方英雄,2,12586.01,active,0,0,True,True,False,moving,0.0,0.217,1900.0
141,tarsgo-infantry-2,tarsgo-rmuc-2026-region,infantry,4681.577,676.6,zone:supply:red,2924.0,13732.0,前往补给区,3,14063.566,active,0,0,True,True,False,moving,0.0,0.217,1900.0
141,tarsgo-sentry,tarsgo-rmuc-2026-region,sentry,4390.326,13915.329,zone:supply:red,2600.0,13732.0,回撤补给,1,1799.688,active,0,0,True,False,False,movement permission or chassis power lock,0.0,0.017,0.0
141,tarsgo-drone,tarsgo-rmuc-2026-region,drone,20283.896,2755.441,robot:opponent-engineer,,,空中压制敌方工程,0,0.0,none,0,0,True,True,False,legal wait: no active movement route,0.0,0.0,0.0
141,opponent-hero,opponent-rmuc-2026-region,hero,22000.208,500.0,zone:supply:blue,25994.0,1950.0,前往补给区,2,5352.835,active,0,0,True,True,False,moving,0.0,0.0,1900.0
141,opponent-engineer,opponent-rmuc-2026-region,engineer,18768.0,2450.0,zone:assembly:blue,,,装配科技核心,0,0.0,none,0,0,True,True,False,legal wait: no active movement route,0.0,0.0,0.0
141,opponent-infantry-1,opponent-rmuc-2026-region,infantry,20599.711,10404.886,,,,等待复活,0,0.0,none,0,0,False,False,False,dead/respawning,0.0,0.0,0.0
141,opponent-infantry-2,opponent-rmuc-2026-region,infantry,20843.204,7269.845,defense:blue-outpost,21184.0,6840.0,防守前哨站,2,1369.379,active,0,0,True,True,False,moving,0.0,1.783,257.04
141,opponent-sentry,opponent-rmuc-2026-region,sentry,21412.451,6708.081,defense:blue-outpost,,,防守前哨站,0,0.0,none,0,0,True,True,False,legal wait: no active movement route,0.0,0.0,0.0
141,opponent-drone,opponent-rmuc-2026-region,drone,6776.64,14138.739,robot:tarsgo-sentry,,,空中压制残血目标,0,0.0,none,0,0,True,True,False,legal wait: no active movement route,0.0,0.0,0.0
142,tarsgo-hero,tarsgo-rmuc-2026-region,hero,18375.984,13403.985,zone:supply:red,2006.0,13050.0,前往补给区,3,17217.764,active,0,0,True,True,False,moving,0.0,0.017,1710.0
142,tarsgo-engineer,tarsgo-rmuc-2026-region,engineer,9232.0,12550.0,zone:assembly:red,,,装配科技核心,0,0.0,none,0,0,True,True,False,legal wait: no active movement route,0.0,0.083,0.0
142,tarsgo-infantry-1,tarsgo-rmuc-2026-region,infantry,10237.531,500.0,robot:opponent-hero,23108.542,500.0,追击敌方英雄,1,12871.01,active,0,0,True,True,False,moving,0.0,0.217,1839.207
142,tarsgo-infantry-2,tarsgo-rmuc-2026-region,infantry,3700.0,1618.144,zone:supply:red,2924.0,13732.0,前往补给区,2,12163.566,active,0,0,True,True,False,moving,0.0,0.217,1360.147
142,tarsgo-sentry,tarsgo-rmuc-2026-region,sentry,3634.28,13837.91,zone:supply:red,2600.0,13732.0,回撤补给,1,1039.688,active,0,0,True,True,False,moving,0.0,0.017,760.0
142,tarsgo-drone,tarsgo-rmuc-2026-region,drone,20283.896,2755.441,robot:opponent-engineer,,,空中压制敌方工程,0,0.0,none,0,0,True,True,False,legal wait: no active movement route,0.0,0.0,0.0
142,opponent-hero,opponent-rmuc-2026-region,hero,23108.542,500.0,zone:supply:blue,25994.0,1950.0,前往补给区,2,4244.502,active,0,0,True,False,False,movement permission or chassis power lock,0.0,0.0,1108.333
142,opponent-engineer,opponent-rmuc-2026-region,engineer,18768.0,2450.0,zone:assembly:blue,,,装配科技核心,0,0.0,none,0,0,True,True,False,legal wait: no active movement route,0.0,0.0,0.0
142,opponent-infantry-1,opponent-rmuc-2026-region,infantry,20599.711,10404.886,,,,等待复活,0,0.0,none,0,0,False,False,False,dead/respawning,0.0,0.0,0.0
142,opponent-infantry-2,opponent-rmuc-2026-region,infantry,20451.24,7059.212,defense:blue-outpost,21184.0,6840.0,防守前哨站,2,1143.636,active,0,0,True,True,False,moving,0.0,1.783,444.974
142,opponent-sentry,opponent-rmuc-2026-region,sentry,21412.451,6708.081,defense:blue-outpost,,,防守前哨站,0,0.0,none,0,0,True,True,False,legal wait: no active movement route,0.0,0.0,0.0
142,opponent-drone,opponent-rmuc-2026-region,drone,6272.219,14091.092,robot:tarsgo-sentry,4138.311,13889.523,空中压制残血目标,1,2143.407,active,0,0,True,True,False,moving,0.0,0.0,506.667
143,tarsgo-hero,tarsgo-rmuc-2026-region,hero,17194.91,14500.0,zone:supply:red,2006.0,13050.0,前往补给区,2,15317.764,active,0,0,True,True,False,moving,0.0,0.017,1611.268
143,tarsgo-engineer,tarsgo-rmuc-2026-region,engineer,9232.0,12550.0,zone:assembly:red,,,装配科技核心,0,0.0,none,0,0,True,True,False,legal wait: no active movement route,0.0,0.083,0.0
143,tarsgo-infantry-1,tarsgo-rmuc-2026-region,infantry,12137.531,500.0,robot:opponent-hero,23108.542,500.0,追击敌方英雄,1,10971.01,active,0,0,True,True,False,moving,0.0,0.217,1900.0
143,tarsgo-infantry-2,tarsgo-rmuc-2026-region,infantry,3700.0,3518.144,zone:supply:red,2924.0,13732.0,前往补给区,2,10263.566,active,0,0,True,True,False,moving,0.0,0.217,1900.0
143,tarsgo-sentry,tarsgo-rmuc-2026-region,sentry,2600.0,13732.0,zone:supply:red,,,回撤补给,0,0.0,none,0,0,True,True,False,legal wait: no active movement route,0.0,0.017,1039.688
143,tarsgo-drone,tarsgo-rmuc-2026-region,drone,20283.896,2755.441,robot:opponent-engineer,,,空中压制敌方工程,0,0.0,none,0,0,True,True,False,legal wait: no active movement route,0.0,0.0,0.0
143,opponent-hero,opponent-rmuc-2026-region,hero,23108.542,500.0,zone:supply:blue,25994.0,1950.0,前往补给区,2,4244.502,active,0,0,True,False,False,movement permission or chassis power lock,0.0,0.0,0.0
143,opponent-engineer,opponent-rmuc-2026-region,engineer,18768.0,2450.0,zone:assembly:blue,,,装配科技核心,0,0.0,none,0,0,True,True,False,legal wait: no active movement route,0.0,0.0,0.0
143,opponent-infantry-1,opponent-rmuc-2026-region,infantry,20599.711,10404.886,,,,等待复活,0,0.0,none,0,0,False,False,False,dead/respawning,0.0,0.0,0.0
143,opponent-infantry-2,opponent-rmuc-2026-region,infantry,20624.915,7584.094,defense:blue-outpost,21184.0,6840.0,防守前哨站,2,930.727,active,0,0,True,True,False,moving,0.0,1.783,552.869
143,opponent-sentry,opponent-rmuc-2026-region,sentry,21412.451,6708.081,defense:blue-outpost,,,防守前哨站,0,0.0,none,0,0,True,True,False,legal wait: no active movement route,0.0,0.0,0.0
143,opponent-drone,opponent-rmuc-2026-region,drone,4381.039,13908.282,robot:tarsgo-sentry,2720.724,13744.362,空中压制残血目标,1,1668.387,active,0,0,True,True,False,moving,0.0,0.0,1899.996
144,tarsgo-hero,tarsgo-rmuc-2026-region,hero,15294.91,14500.0,zone:supply:red,2006.0,13050.0,前往补给区,2,13417.764,active,0,0,True,True,False,moving,0.0,0.017,1900.0
144,tarsgo-engineer,tarsgo-rmuc-2026-region,engineer,9232.0,12550.0,zone:assembly:red,,,装配科技核心,0,0.0,none,0,0,True,True,False,legal wait: no active movement route,0.0,0.083,0.0
144,tarsgo-infantry-1,tarsgo-rmuc-2026-region,infantry,14037.531,500.0,robot:opponent-hero,23108.542,500.0,追击敌方英雄,1,9071.01,active,0,0,True,True,False,moving,0.0,0.217,1900.0
144,tarsgo-infantry-2,tarsgo-rmuc-2026-region,infantry,3700.0,5418.144,zone:supply:red,2924.0,13732.0,前往补给区,2,8363.566,active,0,0,True,True,False,moving,0.0,0.217,1900.0
144,tarsgo-sentry,tarsgo-rmuc-2026-region,sentry,2600.0,13732.0,zone:supply:red,,,回撤补给,0,0.0,none,0,0,True,True,False,legal wait: no active movement route,0.0,0.017,0.0
144,tarsgo-drone,tarsgo-rmuc-2026-region,drone,20283.896,2755.441,robot:opponent-engineer,,,空中压制敌方工程,0,0.0,none,0,0,True,True,False,legal wait: no active movement route,0.0,0.0,0.0
144,opponent-hero,opponent-rmuc-2026-region,hero,23108.542,500.0,zone:supply:blue,25994.0,1950.0,前往补给区,2,4244.502,active,0,0,True,False,False,movement permission or chassis power lock,0.0,0.0,0.0
144,opponent-engineer,opponent-rmuc-2026-region,engineer,18768.0,2450.0,zone:assembly:blue,,,装配科技核心,0,0.0,none,0,0,True,True,False,legal wait: no active movement route,0.0,0.0,0.0
144,opponent-infantry-1,opponent-rmuc-2026-region,infantry,20599.711,10404.886,,,,等待复活,0,0.0,none,0,0,False,False,False,dead/respawning,0.0,0.0,0.0
144,opponent-infantry-2,opponent-rmuc-2026-region,infantry,20488.463,6990.659,defense:blue-outpost,21184.0,6840.0,防守前哨站,1,711.667,active,0,0,True,True,False,moving,0.0,1.783,608.92
144,opponent-sentry,opponent-rmuc-2026-region,sentry,21412.451,6708.081,defense:blue-outpost,,,防守前哨站,0,0.0,none,0,0,True,True,False,legal wait: no active movement route,0.0,0.0,0.0
144,opponent-drone,opponent-rmuc-2026-region,drone,3970.583,13857.089,robot:tarsgo-engineer,9232.0,12550.0,空中压制敌方工程,1,5421.346,active,0,0,True,True,False,moving,0.0,0.0,413.636
145,tarsgo-hero,tarsgo-rmuc-2026-region,hero,13394.91,14500.0,zone:supply:red,2006.0,13050.0,前往补给区,2,11517.764,active,0,0,True,True,False,moving,0.0,0.017,1900.0
145,tarsgo-engineer,tarsgo-rmuc-2026-region,engineer,9232.0,12550.0,zone:assembly:red,,,装配科技核心,0,0.0,none,0,0,True,True,False,legal wait: no active movement route,0.0,0.083,0.0
145,tarsgo-infantry-1,tarsgo-rmuc-2026-region,infantry,15937.531,500.0,robot:opponent-hero,23108.542,500.0,追击敌方英雄,1,7171.01,active,0,0,True,True,False,moving,0.0,0.217,1900.0
145,tarsgo-infantry-2,tarsgo-rmuc-2026-region,infantry,3700.0,7318.144,zone:supply:red,2924.0,13732.0,前往补给区,2,6463.566,active,0,0,True,True,False,moving,0.0,0.217,1900.0
145,tarsgo-sentry,tarsgo-rmuc-2026-region,sentry,2600.0,13732.0,zone:supply:red,,,回撤补给,0,0.0,none,0,0,True,True,False,legal wait: no active movement route,0.0,0.017,0.0
145,tarsgo-drone,tarsgo-rmuc-2026-region,drone,20283.896,2755.441,robot:opponent-engineer,,,空中压制敌方工程,0,0.0,none,0,0,True,True,False,legal wait: no active movement route,0.0,0.0,0.0
145,opponent-hero,opponent-rmuc-2026-region,hero,23108.542,500.0,zone:supply:blue,25994.0,1950.0,前往补给区,2,4244.502,active,0,0,True,False,False,movement permission or chassis power lock,0.0,0.0,0.0
145,opponent-engineer,opponent-rmuc-2026-region,engineer,18768.0,2450.0,zone:assembly:blue,,,装配科技核心,0,0.0,none,0,0,True,True,False,legal wait: no active movement route,0.0,0.0,0.0
145,opponent-infantry-1,opponent-rmuc-2026-region,infantry,20599.711,10404.886,,,,等待复活,0,0.0,none,0,0,False,False,False,dead/respawning,0.0,0.0,0.0
145,opponent-infantry-2,opponent-rmuc-2026-region,infantry,21004.395,6967.433,defense:blue-outpost,21184.0,6840.0,防守前哨站,2,1666.686,active,0,0,True,False,False,movement permission or chassis power lock,0.0,1.783,516.454
145,opponent-sentry,opponent-rmuc-2026-region,sentry,21412.451,6708.081,defense:blue-outpost,,,防守前哨站,0,0.0,none,0,0,True,True,False,legal wait: no active movement route,0.0,0.0,0.0
145,opponent-drone,opponent-rmuc-2026-region,drone,4817.659,13560.273,robot:tarsgo-sentry,2600.0,13732.0,空中压制残血目标,1,2224.298,active,0,0,True,True,False,moving,0.0,0.0,897.573
146,tarsgo-hero,tarsgo-rmuc-2026-region,hero,11494.91,14500.0,zone:supply:red,2006.0,13050.0,前往补给区,2,9617.764,active,0,0,True,True,False,moving,0.0,0.017,1900.0
146,tarsgo-engineer,tarsgo-rmuc-2026-region,engineer,9232.0,12550.0,zone:assembly:red,,,装配科技核心,0,0.0,none,0,0,True,True,False,legal wait: no active movement route,0.0,0.083,0.0
146,tarsgo-infantry-1,tarsgo-rmuc-2026-region,infantry,17837.531,500.0,robot:opponent-hero,23108.542,500.0,追击敌方英雄,1,5271.01,active,0,0,True,True,False,moving,0.0,0.217,1900.0
146,tarsgo-infantry-2,tarsgo-rmuc-2026-region,infantry,3506.291,9205.735,zone:supply:red,2924.0,13732.0,前往补给区,1,4563.566,active,0,0,True,True,False,moving,0.0,0.217,1897.504
146,tarsgo-sentry,tarsgo-rmuc-2026-region,sentry,2600.0,13732.0,,,,等待复活,0,0.0,none,0,0,False,False,False,dead/respawning,0.0,0.017,0.0
146,tarsgo-drone,tarsgo-rmuc-2026-region,drone,20283.896,2755.441,robot:opponent-engineer,,,空中压制敌方工程,0,0.0,none,0,0,True,True,False,legal wait: no active movement route,0.0,0.0,0.0
146,opponent-hero,opponent-rmuc-2026-region,hero,23108.542,500.0,zone:supply:blue,25994.0,1950.0,前往补给区,2,4244.502,active,0,0,True,False,False,movement permission or chassis power lock,0.0,0.0,0.0
146,opponent-engineer,opponent-rmuc-2026-region,engineer,18768.0,2450.0,zone:assembly:blue,,,装配科技核心,0,0.0,none,0,0,True,True,False,legal wait: no active movement route,0.0,0.0,0.0
146,opponent-infantry-1,opponent-rmuc-2026-region,infantry,20599.711,10404.886,,,,等待复活,0,0.0,none,0,0,False,False,False,dead/respawning,0.0,0.0,0.0
146,opponent-infantry-2,opponent-rmuc-2026-region,infantry,21004.395,6967.433,defense:blue-outpost,21184.0,6840.0,防守前哨站,2,1666.686,active,0,0,True,False,False,movement permission or chassis power lock,0.0,1.783,0.0
146,opponent-sentry,opponent-rmuc-2026-region,sentry,21412.451,6708.081,defense:blue-outpost,,,防守前哨站,0,0.0,none,0,0,True,True,False,legal wait: no active movement route,0.0,0.0,0.0
146,opponent-drone,opponent-rmuc-2026-region,drone,4864.139,13436.017,robot:tarsgo-engineer,9232.0,12550.0,空中压制敌方工程,1,4456.819,active,0,0,True,True,False,moving,0.0,0.0,132.665
147,tarsgo-hero,tarsgo-rmuc-2026-region,hero,9602.825,14410.933,zone:supply:red,2006.0,13050.0,前往补给区,1,7717.764,active,0,0,True,True,False,moving,0.0,0.017,1894.18
147,tarsgo-engineer,tarsgo-rmuc-2026-region,engineer,9232.0,12550.0,zone:assembly:red,,,装配科技核心,0,0.0,none,0,0,True,True,False,legal wait: no active movement route,0.0,0.083,0.0
147,tarsgo-infantry-1,tarsgo-rmuc-2026-region,infantry,18755.865,500.0,robot:opponent-hero,23108.542,500.0,追击敌方英雄,1,4352.677,active,0,0,True,False,False,movement permission or chassis power lock,0.0,0.217,918.333
147,tarsgo-infantry-2,tarsgo-rmuc-2026-region,infantry,3263.86,11090.205,zone:supply:red,2924.0,13732.0,前往补给区,1,2663.566,active,0,0,True,True,False,moving,0.0,0.217,1900.0
147,tarsgo-sentry,tarsgo-rmuc-2026-region,sentry,2600.0,13732.0,,,,等待复活,0,0.0,none,0,0,False,False,False,dead/respawning,0.0,0.017,0.0
147,tarsgo-drone,tarsgo-rmuc-2026-region,drone,20283.896,2755.441,robot:opponent-engineer,,,空中压制敌方工程,0,0.0,none,0,0,True,True,False,legal wait: no active movement route,0.0,0.0,0.0
147,opponent-hero,opponent-rmuc-2026-region,hero,23868.542,500.0,zone:supply:blue,25994.0,1950.0,前往补给区,2,3484.502,active,0,0,True,True,False,moving,0.0,0.0,760.0
147,opponent-engineer,opponent-rmuc-2026-region,engineer,18768.0,2450.0,zone:assembly:blue,,,装配科技核心,0,0.0,none,0,0,True,True,False,legal wait: no active movement route,0.0,0.0,0.0
147,opponent-infantry-1,opponent-rmuc-2026-region,infantry,20599.711,10404.886,,,,等待复活,0,0.0,none,0,0,False,False,False,dead/respawning,0.0,0.0,0.0
147,opponent-infantry-2,opponent-rmuc-2026-region,infantry,21004.395,6967.433,defense:blue-outpost,21184.0,6840.0,防守前哨站,2,1666.686,active,0,0,True,False,False,movement permission or chassis power lock,0.0,1.783,0.0
147,opponent-sentry,opponent-rmuc-2026-region,sentry,21412.451,6708.081,defense:blue-outpost,,,防守前哨站,0,0.0,none,0,0,True,True,False,legal wait: no active movement route,0.0,0.0,0.0
147,opponent-drone,opponent-rmuc-2026-region,drone,6726.215,13058.297,robot:tarsgo-engineer,9232.0,12550.0,空中压制敌方工程,1,2556.819,active,0,0,True,True,False,moving,0.0,0.0,1900.0
148,tarsgo-hero,tarsgo-rmuc-2026-region,hero,7732.598,14075.892,zone:supply:red,2006.0,13050.0,前往补给区,1,5817.764,active,0,0,True,True,False,moving,0.0,0.017,1900.0
148,tarsgo-engineer,tarsgo-rmuc-2026-region,engineer,9232.0,12550.0,zone:assembly:red,,,装配科技核心,0,0.0,none,0,0,True,True,False,legal wait: no active movement route,0.0,0.083,0.0
148,tarsgo-infantry-1,tarsgo-rmuc-2026-region,infantry,18755.865,500.0,robot:opponent-hero,25040.208,500.0,追击敌方英雄,1,6284.344,active,0,0,True,False,False,movement permission or chassis power lock,0.0,0.217,0.0
148,tarsgo-infantry-2,tarsgo-rmuc-2026-region,infantry,3053.752,12723.412,zone:supply:red,,,补充弹量,0,0.0,none,0,0,True,True,False,legal wait: no active movement route,0.0,0.217,1646.667
148,tarsgo-sentry,tarsgo-rmuc-2026-region,sentry,2600.0,13732.0,,,,等待复活,0,0.0,none,0,0,False,False,False,dead/respawning,0.0,0.017,0.0
148,tarsgo-drone,tarsgo-rmuc-2026-region,drone,20283.896,2755.441,robot:opponent-engineer,,,空中压制敌方工程,0,0.0,none,0,0,True,True,False,legal wait: no active movement route,0.0,0.0,0.0
148,opponent-hero,opponent-rmuc-2026-region,hero,25040.208,500.0,zone:supply:blue,,,补充弹量,0,0.0,none,0,0,True,True,False,legal wait: no active movement route,0.0,0.0,1171.667
148,opponent-engineer,opponent-rmuc-2026-region,engineer,18768.0,2450.0,zone:assembly:blue,,,装配科技核心,0,0.0,none,0,0,True,True,False,legal wait: no active movement route,0.0,0.0,0.0
148,opponent-infantry-1,opponent-rmuc-2026-region,infantry,20599.711,10404.886,,,,等待复活,0,0.0,none,0,0,False,False,False,dead/respawning,0.0,0.0,0.0
148,opponent-infantry-2,opponent-rmuc-2026-region,infantry,21004.395,6967.433,defense:blue-outpost,21184.0,6840.0,防守前哨站,2,1666.686,active,0,0,True,False,False,movement permission or chassis power lock,0.0,1.783,0.0
148,opponent-sentry,opponent-rmuc-2026-region,sentry,21412.451,6708.081,defense:blue-outpost,,,防守前哨站,0,0.0,none,0,0,True,True,False,legal wait: no active movement route,0.0,0.0,0.0
148,opponent-drone,opponent-rmuc-2026-region,drone,8091.737,12781.301,robot:tarsgo-engineer,,,空中压制敌方工程,0,0.0,none,0,0,True,True,False,legal wait: no active movement route,0.0,0.0,1393.333
149,tarsgo-hero,tarsgo-rmuc-2026-region,hero,5862.372,13740.85,zone:supply:red,2006.0,13050.0,前往补给区,1,3917.764,active,0,0,True,True,False,moving,0.0,0.017,1900.0
149,tarsgo-engineer,tarsgo-rmuc-2026-region,engineer,9232.0,12550.0,zone:assembly:red,,,装配科技核心,0,0.0,none,0,0,True,True,False,legal wait: no active movement route,0.0,0.083,0.0
149,tarsgo-infantry-1,tarsgo-rmuc-2026-region,infantry,18755.865,500.0,robot:opponent-hero,25040.208,500.0,追击敌方英雄,1,6284.344,active,0,0,True,False,False,movement permission or chassis power lock,0.0,0.217,0.0
149,tarsgo-infantry-2,tarsgo-rmuc-2026-region,infantry,3781.854,12705.055,support:tarsgo-engineer,9932.0,12550.0,保护工程,1,6152.1,active,0,0,True,True,False,moving,0.0,0.217,728.333
149,tarsgo-sentry,tarsgo-rmuc-2026-region,sentry,2600.0,13732.0,,,,等待复活,0,0.0,none,0,0,False,False,False,dead/respawning,0.0,0.017,0.0
149,tarsgo-drone,tarsgo-rmuc-2026-region,drone,20283.896,2755.441,robot:opponent-engineer,,,空中压制敌方工程,0,0.0,none,0,0,True,True,False,legal wait: no active movement route,0.0,0.0,0.0
149,opponent-hero,opponent-rmuc-2026-region,hero,25040.208,500.0,structure:red-outpost,,,进攻前哨站,0,0.0,searching,2,2,True,True,False,waiting for path search,0.0,0.0,0.0
149,opponent-engineer,opponent-rmuc-2026-region,engineer,18768.0,2450.0,zone:assembly:blue,,,装配科技核心,0,0.0,none,0,0,True,True,False,legal wait: no active movement route,0.0,0.0,0.0
149,opponent-infantry-1,opponent-rmuc-2026-region,infantry,20599.711,10404.886,,,,等待复活,0,0.0,none,0,0,False,False,False,dead/respawning,0.0,0.0,0.0
149,opponent-infantry-2,opponent-rmuc-2026-region,infantry,21004.395,6967.433,defense:blue-outpost,21184.0,6840.0,防守前哨站,2,1666.686,active,0,0,True,False,False,movement permission or chassis power lock,0.0,1.783,0.0
149,opponent-sentry,opponent-rmuc-2026-region,sentry,21412.451,6708.081,defense:blue-outpost,,,防守前哨站,0,0.0,none,0,0,True,True,False,legal wait: no active movement route,0.0,0.0,0.0
149,opponent-drone,opponent-rmuc-2026-region,drone,8091.737,12781.301,robot:tarsgo-engineer,,,空中压制敌方工程,0,0.0,none,0,0,True,True,False,legal wait: no active movement route,0.0,0.0,0.0
150,tarsgo-hero,tarsgo-rmuc-2026-region,hero,3992.145,13405.808,zone:supply:red,2006.0,13050.0,前往补给区,1,2017.764,active,0,0,True,True,False,moving,0.0,0.017,1900.0
150,tarsgo-engineer,tarsgo-rmuc-2026-region,engineer,9232.0,12550.0,zone:assembly:red,,,装配科技核心,0,0.0,none,0,0,True,True,False,legal wait: no active movement route,0.0,0.083,0.0
150,tarsgo-infantry-1,tarsgo-rmuc-2026-region,infantry,18755.865,500.0,robot:opponent-hero,24628.542,500.0,追击敌方英雄,1,5872.677,active,0,0,True,False,False,movement permission or chassis power lock,0.0,0.217,0.0
150,tarsgo-infantry-2,tarsgo-rmuc-2026-region,infantry,5681.25,12657.168,support:tarsgo-engineer,9932.0,12550.0,保护工程,1,4252.1,active,0,0,True,True,False,moving,0.0,0.217,1900.0
150,tarsgo-sentry,tarsgo-rmuc-2026-region,sentry,2600.0,13732.0,,,,等待复活,0,0.0,none,0,0,False,False,False,dead/respawning,0.0,0.017,0.0
150,tarsgo-drone,tarsgo-rmuc-2026-region,drone,20283.896,2755.441,robot:opponent-engineer,,,空中压制敌方工程,0,0.0,none,0,0,True,True,False,legal wait: no active movement route,0.0,0.0,0.0
150,opponent-hero,opponent-rmuc-2026-region,hero,23551.875,500.0,structure:red-outpost,6600.0,7500.0,进攻前哨站,2,24451.989,active,0,0,True,True,False,moving,0.0,0.0,1488.333
150,opponent-engineer,opponent-rmuc-2026-region,engineer,18768.0,2450.0,zone:assembly:blue,,,装配科技核心,0,0.0,none,0,0,True,True,False,legal wait: no active movement route,0.0,0.0,0.0
150,opponent-infantry-1,opponent-rmuc-2026-region,infantry,20599.711,10404.886,,,,等待复活,0,0.0,none,0,0,False,False,False,dead/respawning,0.0,0.0,0.0
150,opponent-infantry-2,opponent-rmuc-2026-region,infantry,20850.5,7247.646,defense:blue-outpost,21184.0,6840.0,防守前哨站,1,526.686,active,0,0,True,True,False,moving,0.0,1.783,319.693
150,opponent-sentry,opponent-rmuc-2026-region,sentry,21412.451,6708.081,defense:blue-outpost,,,防守前哨站,0,0.0,none,0,0,True,True,False,legal wait: no active movement route,0.0,0.0,0.0
150,opponent-drone,opponent-rmuc-2026-region,drone,8091.737,12781.301,robot:tarsgo-engineer,,,空中压制敌方工程,0,0.0,none,0,0,True,True,False,legal wait: no active movement route,0.0,0.0,0.0
151,tarsgo-hero,tarsgo-rmuc-2026-region,hero,3555.759,13327.632,structure:blue-outpost,,,进攻前哨站,0,0.0,searching,2,2,True,True,False,waiting for path search,0.0,0.017,443.333
151,tarsgo-engineer,tarsgo-rmuc-2026-region,engineer,9232.0,12550.0,zone:assembly:red,,,装配科技核心,0,0.0,none,0,0,True,True,False,legal wait: no active movement route,0.0,0.083,0.0
151,tarsgo-infantry-1,tarsgo-rmuc-2026-region,infantry,18755.865,500.0,zone:supply:red,23203.542,500.0,前往补给区,1,4447.677,searching,1,1,True,False,False,movement permission or chassis power lock,0.0,0.217,0.0
151,tarsgo-infantry-2,tarsgo-rmuc-2026-region,infantry,7580.647,12609.282,support:tarsgo-engineer,9932.0,12550.0,保护工程,1,2352.1,active,0,0,True,True,False,moving,0.0,0.217,1900.0
151,tarsgo-sentry,tarsgo-rmuc-2026-region,sentry,2600.0,13732.0,,,,等待复活,0,0.0,none,0,0,False,False,False,dead/respawning,0.0,0.017,0.0
151,tarsgo-drone,tarsgo-rmuc-2026-region,drone,20283.896,2755.441,robot:opponent-engineer,,,空中压制敌方工程,0,0.0,none,0,0,True,True,False,legal wait: no active movement route,0.0,0.0,0.0
151,opponent-hero,opponent-rmuc-2026-region,hero,21651.875,500.0,structure:red-outpost,6600.0,7500.0,进攻前哨站,2,22551.989,active,0,0,True,True,False,moving,0.0,0.0,1900.0
151,opponent-engineer,opponent-rmuc-2026-region,engineer,18768.0,2450.0,zone:assembly:blue,,,装配科技核心,0,0.0,none,0,0,True,True,False,legal wait: no active movement route,0.0,0.0,0.0
151,opponent-infantry-1,opponent-rmuc-2026-region,infantry,20599.711,10404.886,,,,等待复活,0,0.0,none,0,0,False,False,False,dead/respawning,0.0,0.0,0.0
151,opponent-infantry-2,opponent-rmuc-2026-region,infantry,20882.549,6900.32,defense:blue-outpost,21184.0,6840.0,防守前哨站,1,307.426,active,0,0,True,True,False,moving,0.0,1.783,348.802
151,opponent-sentry,opponent-rmuc-2026-region,sentry,21412.451,6708.081,defense:blue-outpost,,,防守前哨站,0,0.0,none,0,0,True,True,False,legal wait: no active movement route,0.0,0.0,0.0
151,opponent-drone,opponent-rmuc-2026-region,drone,8091.737,12781.301,robot:tarsgo-engineer,,,空中压制敌方工程,0,0.0,none,0,0,True,True,False,legal wait: no active movement route,0.0,0.0,0.0
152,tarsgo-hero,tarsgo-rmuc-2026-region,hero,4055.356,13411.977,structure:blue-outpost,21400.0,7500.0,进攻前哨站,3,21567.461,active,0,0,True,True,False,moving,0.0,0.017,506.667
152,tarsgo-engineer,tarsgo-rmuc-2026-region,engineer,9232.0,12550.0,zone:assembly:red,,,装配科技核心,0,0.0,none,0,0,True,True,False,legal wait: no active movement route,0.0,0.083,0.0
152,tarsgo-infantry-1,tarsgo-rmuc-2026-region,infantry,17805.865,500.0,zone:supply:red,2276.0,12368.0,前往补给区,3,26186.234,active,0,0,True,True,False,moving,0.0,0.217,950.0
152,tarsgo-infantry-2,tarsgo-rmuc-2026-region,infantry,8347.87,12967.317,support:tarsgo-engineer,9932.0,12550.0,保护工程,2,2065.591,active,0,0,True,True,False,moving,0.0,0.217,846.652
152,tarsgo-sentry,tarsgo-rmuc-2026-region,sentry,2600.0,13732.0,,,,等待复活,0,0.0,none,0,0,True,True,False,legal wait: no active movement route,0.0,0.017,0.0
152,tarsgo-drone,tarsgo-rmuc-2026-region,drone,20283.896,2755.441,robot:opponent-engineer,,,空中压制敌方工程,0,0.0,none,0,0,True,True,False,legal wait: no active movement route,0.0,0.0,0.0
152,opponent-hero,opponent-rmuc-2026-region,hero,22050.051,822.148,zone:supply:blue,25994.0,1950.0,前往补给区,1,4102.046,active,0,0,True,True,False,moving,0.0,0.0,512.175
152,opponent-engineer,opponent-rmuc-2026-region,engineer,18768.0,2450.0,zone:assembly:blue,,,装配科技核心,0,0.0,none,0,0,True,True,False,legal wait: no active movement route,0.0,0.0,0.0
152,opponent-infantry-1,opponent-rmuc-2026-region,infantry,20599.711,10404.886,,,,等待复活,0,0.0,none,0,0,False,False,False,dead/respawning,0.0,0.0,0.0
152,opponent-infantry-2,opponent-rmuc-2026-region,infantry,21106.125,6931.99,defense:blue-outpost,,,防守前哨站,0,0.0,none,0,0,True,True,False,legal wait: no active movement route,0.0,1.783,225.808
152,opponent-sentry,opponent-rmuc-2026-region,sentry,21412.451,6708.081,defense:blue-outpost,,,防守前哨站,0,0.0,none,0,0,True,True,False,legal wait: no active movement route,0.0,0.0,0.0
152,opponent-drone,opponent-rmuc-2026-region,drone,8091.737,12781.301,robot:tarsgo-engineer,,,空中压制敌方工程,0,0.0,none,0,0,True,True,False,legal wait: no active movement route,0.0,0.0,0.0
153,tarsgo-hero,tarsgo-rmuc-2026-region,hero,5928.844,13728.27,structure:blue-outpost,21400.0,7500.0,进攻前哨站,3,19667.461,active,0,0,True,True,False,moving,0.0,0.017,1900.0
153,tarsgo-engineer,tarsgo-rmuc-2026-region,engineer,9232.0,12550.0,zone:assembly:red,,,装配科技核心,0,0.0,none,0,0,True,True,False,legal wait: no active movement route,0.0,0.083,0.0
153,tarsgo-infantry-1,tarsgo-rmuc-2026-region,infantry,15905.865,500.0,zone:supply:red,2276.0,12368.0,前往补给区,3,24286.234,active,0,0,True,True,False,moving,0.0,0.217,1900.0
153,tarsgo-infantry-2,tarsgo-rmuc-2026-region,infantry,8755.241,13636.544,support:tarsgo-engineer,9932.0,12550.0,保护工程,2,1660.613,active,0,0,True,True,False,moving,0.0,0.217,783.465
153,tarsgo-sentry,tarsgo-rmuc-2026-region,sentry,2600.0,13732.0,zone:supply:red,,,回撤补给,0,0.0,none,0,0,True,True,False,legal wait: no active movement route,0.0,0.017,0.0
153,tarsgo-drone,tarsgo-rmuc-2026-region,drone,20283.896,2755.441,robot:opponent-engineer,,,空中压制敌方工程,0,0.0,none,0,0,True,True,False,legal wait: no active movement route,0.0,0.0,0.0
153,opponent-hero,opponent-rmuc-2026-region,hero,23876.823,1344.55,zone:supply:blue,25994.0,1950.0,前往补给区,1,2202.046,active,0,0,True,True,False,moving,0.0,0.0,1900.0
153,opponent-engineer,opponent-rmuc-2026-region,engineer,18768.0,2450.0,zone:assembly:blue,,,装配科技核心,0,0.0,none,0,0,True,True,False,legal wait: no active movement route,0.0,0.0,0.0
153,opponent-infantry-1,opponent-rmuc-2026-region,infantry,20599.711,10404.886,,,,等待复活,0,0.0,none,0,0,False,False,False,dead/respawning,0.0,0.0,0.0
153,opponent-infantry-2,opponent-rmuc-2026-region,infantry,21106.125,6931.99,defense:blue-outpost,,,防守前哨站,0,0.0,none,0,0,True,True,False,legal wait: no active movement route,0.0,1.783,0.0
153,opponent-sentry,opponent-rmuc-2026-region,sentry,21412.451,6708.081,defense:blue-outpost,,,防守前哨站,0,0.0,none,0,0,True,True,False,legal wait: no active movement route,0.0,0.0,0.0
153,opponent-drone,opponent-rmuc-2026-region,drone,6656.419,13029.776,robot:tarsgo-sentry,2600.0,13732.0,空中压制残血目标,1,4116.753,active,0,0,True,True,False,moving,0.0,0.0,1456.667
154,tarsgo-hero,tarsgo-rmuc-2026-region,hero,7802.332,14044.564,structure:blue-outpost,21400.0,7500.0,进攻前哨站,3,17767.461,active,0,0,True,True,False,moving,0.0,0.017,1900.0
154,tarsgo-engineer,tarsgo-rmuc-2026-region,engineer,9232.0,12550.0,zone:assembly:red,,,装配科技核心,0,0.0,none,0,0,True,True,False,legal wait: no active movement route,0.0,0.083,0.0
154,tarsgo-infantry-1,tarsgo-rmuc-2026-region,infantry,14005.865,500.0,zone:supply:red,2276.0,12368.0,前往补给区,3,22386.234,active,0,0,True,True,False,moving,0.0,0.217,1900.0
154,tarsgo-infantry-2,tarsgo-rmuc-2026-region,infantry,9921.848,12559.563,support:tarsgo-engineer,,,保护工程,0,0.0,none,0,0,True,True,False,legal wait: no active movement route,0.0,0.217,1587.722
154,tarsgo-sentry,tarsgo-rmuc-2026-region,sentry,2600.0,13732.0,zone:supply:red,,,回撤补给,0,0.0,none,0,0,True,True,False,legal wait: no active movement route,0.0,0.017,0.0
154,tarsgo-drone,tarsgo-rmuc-2026-region,drone,20283.896,2755.441,robot:opponent-engineer,,,空中压制敌方工程,0,0.0,none,0,0,True,True,False,legal wait: no active movement route,0.0,0.0,0.0
154,opponent-hero,opponent-rmuc-2026-region,hero,25003.332,1666.699,zone:supply:blue,,,补充弹量,0,0.0,none,0,0,True,True,False,legal wait: no active movement route,0.0,0.0,1171.667
154,opponent-engineer,opponent-rmuc-2026-region,engineer,18768.0,2450.0,zone:assembly:blue,,,装配科技核心,0,0.0,none,0,0,True,True,False,legal wait: no active movement route,0.0,0.0,0.0
154,opponent-infantry-1,opponent-rmuc-2026-region,infantry,20599.711,10404.886,,,,等待复活,0,0.0,none,0,0,False,False,False,dead/respawning,0.0,0.0,0.0
154,opponent-infantry-2,opponent-rmuc-2026-region,infantry,21106.125,6931.99,defense:blue-outpost,,,防守前哨站,0,0.0,none,0,0,True,True,False,legal wait: no active movement route,0.0,1.783,0.0
154,opponent-sentry,opponent-rmuc-2026-region,sentry,21412.451,6708.081,defense:blue-outpost,,,防守前哨站,0,0.0,none,0,0,True,True,False,legal wait: no active movement route,0.0,0.0,0.0
154,opponent-drone,opponent-rmuc-2026-region,drone,5782.01,13176.868,robot:tarsgo-engineer,9232.0,12550.0,空中压制敌方工程,1,3506.479,active,0,0,True,True,False,moving,0.0,0.0,886.694
155,tarsgo-hero,tarsgo-rmuc-2026-region,hero,9675.821,14360.857,structure:blue-outpost,21400.0,7500.0,进攻前哨站,3,15867.461,active,0,0,True,True,False,moving,0.0,0.017,1900.0
155,tarsgo-engineer,tarsgo-rmuc-2026-region,engineer,9232.0,12550.0,zone:assembly:red,,,装配科技核心,0,0.0,none,0,0,True,True,False,legal wait: no active movement route,0.0,0.083,0.0
155,tarsgo-infantry-1,tarsgo-rmuc-2026-region,infantry,12105.865,500.0,zone:supply:red,2276.0,12368.0,前往补给区,3,20486.234,active,0,0,True,True,False,moving,0.0,0.217,1900.0
155,tarsgo-infantry-2,tarsgo-rmuc-2026-region,infantry,9921.848,12559.563,support:tarsgo-engineer,,,保护工程,0,0.0,none,0,0,True,True,False,legal wait: no active movement route,0.0,0.217,0.0
155,tarsgo-sentry,tarsgo-rmuc-2026-region,sentry,2600.0,13732.0,zone:supply:red,,,回撤补给,0,0.0,none,0,0,True,True,False,legal wait: no active movement route,0.0,0.017,0.0
155,tarsgo-drone,tarsgo-rmuc-2026-region,drone,20283.896,2755.441,robot:opponent-engineer,,,空中压制敌方工程,0,0.0,none,0,0,True,True,False,legal wait: no active movement route,0.0,0.0,0.0
155,opponent-hero,opponent-rmuc-2026-region,hero,25003.332,1666.699,structure:red-outpost,,,进攻前哨站,0,0.0,searching,2,2,True,True,False,waiting for path search,0.0,0.0,0.0
155,opponent-engineer,opponent-rmuc-2026-region,engineer,18768.0,2450.0,zone:assembly:blue,,,装配科技核心,0,0.0,none,0,0,True,True,False,legal wait: no active movement route,0.0,0.0,0.0
155,opponent-infantry-1,opponent-rmuc-2026-region,infantry,20599.711,10404.886,,,,等待复活,0,0.0,none,0,0,False,False,False,dead/respawning,0.0,0.0,0.0
155,opponent-infantry-2,opponent-rmuc-2026-region,infantry,21106.125,6931.99,defense:blue-outpost,,,防守前哨站,0,0.0,none,0,0,True,True,False,legal wait: no active movement route,0.0,1.783,0.0
155,opponent-sentry,opponent-rmuc-2026-region,sentry,21412.451,6708.081,defense:blue-outpost,,,防守前哨站,0,0.0,none,0,0,True,True,False,legal wait: no active movement route,0.0,0.0,0.0
155,opponent-drone,opponent-rmuc-2026-region,drone,7651.402,12837.197,robot:tarsgo-engineer,9232.0,12550.0,空中压制敌方工程,1,1606.479,active,0,0,True,True,False,moving,0.0,0.0,1900.0
156,tarsgo-hero,tarsgo-rmuc-2026-region,hero,11564.158,14500.0,structure:blue-outpost,21400.0,7500.0,进攻前哨站,2,13967.461,active,0,0,True,True,False,moving,0.0,0.017,1893.457
156,tarsgo-engineer,tarsgo-rmuc-2026-region,engineer,9232.0,12550.0,zone:assembly:red,,,装配科技核心,0,0.0,none,0,0,True,True,False,legal wait: no active movement route,0.0,0.083,0.0
156,tarsgo-infantry-1,tarsgo-rmuc-2026-region,infantry,10205.865,500.0,zone:supply:red,2276.0,12368.0,前往补给区,3,18586.234,active,0,0,True,True,False,moving,0.0,0.217,1900.0
156,tarsgo-infantry-2,tarsgo-rmuc-2026-region,infantry,9921.848,12559.563,support:tarsgo-engineer,,,保护工程,0,0.0,none,0,0,True,True,False,legal wait: no active movement route,0.0,0.217,0.0
156,tarsgo-sentry,tarsgo-rmuc-2026-region,sentry,3375.613,12651.572,defense:red-outpost,6600.0,8160.0,防守前哨站,1,5529.095,active,0,0,True,True,False,moving,0.0,0.017,1330.0
156,tarsgo-drone,tarsgo-rmuc-2026-region,drone,20283.896,2755.441,robot:opponent-engineer,,,空中压制敌方工程,0,0.0,none,0,0,True,True,False,legal wait: no active movement route,0.0,0.0,0.0
156,opponent-hero,opponent-rmuc-2026-region,hero,23595.253,1447.755,structure:red-outpost,6600.0,7500.0,进攻前哨站,3,24568.61,active,0,0,True,True,False,moving,0.0,0.0,1425.0
156,opponent-engineer,opponent-rmuc-2026-region,engineer,18768.0,2450.0,zone:assembly:blue,,,装配科技核心,0,0.0,none,0,0,True,True,False,legal wait: no active movement route,0.0,0.0,0.0
156,opponent-infantry-1,opponent-rmuc-2026-region,infantry,20599.711,10404.886,,,,等待复活,0,0.0,none,0,0,False,False,False,dead/respawning,0.0,0.0,0.0
156,opponent-infantry-2,opponent-rmuc-2026-region,infantry,21106.125,6931.99,defense:blue-outpost,,,防守前哨站,0,0.0,none,0,0,True,True,False,legal wait: no active movement route,0.0,1.783,0.0
156,opponent-sentry,opponent-rmuc-2026-region,sentry,21412.451,6708.081,defense:blue-outpost,,,防守前哨站,0,0.0,none,0,0,True,True,False,legal wait: no active movement route,0.0,0.0,0.0
156,opponent-drone,opponent-rmuc-2026-region,drone,8087.593,12757.94,robot:tarsgo-engineer,,,空中压制敌方工程,0,0.0,none,0,0,True,True,False,legal wait: no active movement route,0.0,0.0,443.333
157,tarsgo-hero,tarsgo-rmuc-2026-region,hero,13464.158,14500.0,structure:blue-outpost,21400.0,7500.0,进攻前哨站,2,12067.461,active,0,0,True,True,False,moving,0.0,0.017,1900.0
157,tarsgo-engineer,tarsgo-rmuc-2026-region,engineer,9232.0,12550.0,zone:assembly:red,,,装配科技核心,0,0.0,none,0,0,True,True,False,legal wait: no active movement route,0.0,0.083,0.0
157,tarsgo-infantry-1,tarsgo-rmuc-2026-region,infantry,8305.865,500.0,zone:supply:red,2276.0,12368.0,前往补给区,3,16686.234,active,0,0,True,True,False,moving,0.0,0.217,1900.0
157,tarsgo-infantry-2,tarsgo-rmuc-2026-region,infantry,9921.848,12559.563,support:tarsgo-engineer,,,保护工程,0,0.0,none,0,0,True,True,False,legal wait: no active movement route,0.0,0.217,0.0
157,tarsgo-sentry,tarsgo-rmuc-2026-region,sentry,4483.63,11108.103,defense:red-outpost,6600.0,8160.0,防守前哨站,1,3629.095,active,0,0,True,True,False,moving,0.0,0.017,1900.0
157,tarsgo-drone,tarsgo-rmuc-2026-region,drone,20283.896,2755.441,robot:opponent-engineer,,,空中压制敌方工程,0,0.0,none,0,0,True,True,False,legal wait: no active movement route,0.0,0.0,0.0
157,opponent-hero,opponent-rmuc-2026-region,hero,21717.813,1155.831,structure:red-outpost,6600.0,7500.0,进攻前哨站,3,22668.61,active,0,0,True,True,False,moving,0.0,0.0,1900.0
157,opponent-engineer,opponent-rmuc-2026-region,engineer,18768.0,2450.0,zone:assembly:blue,,,装配科技核心,0,0.0,none,0,0,True,True,False,legal wait: no active movement route,0.0,0.0,0.0
157,opponent-infantry-1,opponent-rmuc-2026-region,infantry,20599.711,10404.886,,,,等待复活,0,0.0,none,0,0,False,False,False,dead/respawning,0.0,0.0,0.0
157,opponent-infantry-2,opponent-rmuc-2026-region,infantry,21106.125,6931.99,defense:blue-outpost,,,防守前哨站,0,0.0,none,0,0,True,True,False,legal wait: no active movement route,0.0,1.783,0.0
157,opponent-sentry,opponent-rmuc-2026-region,sentry,21412.451,6708.081,defense:blue-outpost,,,防守前哨站,0,0.0,none,0,0,True,True,False,legal wait: no active movement route,0.0,0.0,0.0
157,opponent-drone,opponent-rmuc-2026-region,drone,8087.593,12757.94,robot:tarsgo-engineer,,,空中压制敌方工程,0,0.0,none,0,0,True,True,False,legal wait: no active movement route,0.0,0.0,0.0
158,tarsgo-hero,tarsgo-rmuc-2026-region,hero,15364.158,14500.0,structure:blue-outpost,21400.0,7500.0,进攻前哨站,2,10167.461,active,0,0,True,True,False,moving,0.0,0.017,1900.0
158,tarsgo-engineer,tarsgo-rmuc-2026-region,engineer,9232.0,12550.0,zone:assembly:red,,,装配科技核心,0,0.0,none,0,0,True,True,False,legal wait: no active movement route,0.0,0.083,0.0
158,tarsgo-infantry-1,tarsgo-rmuc-2026-region,infantry,6405.865,500.0,zone:supply:red,2276.0,12368.0,前往补给区,3,14786.234,active,0,0,True,True,False,moving,0.0,0.217,1900.0
158,tarsgo-infantry-2,tarsgo-rmuc-2026-region,infantry,9921.848,12559.563,support:tarsgo-engineer,,,保护工程,0,0.0,none,0,0,True,True,False,legal wait: no active movement route,0.0,0.217,0.0
158,tarsgo-sentry,tarsgo-rmuc-2026-region,sentry,5591.648,9564.634,defense:red-outpost,6600.0,8160.0,防守前哨站,1,1729.095,active,0,0,True,True,False,moving,0.0,0.017,1900.0
158,tarsgo-drone,tarsgo-rmuc-2026-region,drone,20283.896,2755.441,robot:opponent-engineer,,,空中压制敌方工程,0,0.0,none,0,0,True,True,False,legal wait: no active movement route,0.0,0.0,0.0
158,opponent-hero,opponent-rmuc-2026-region,hero,19840.373,863.906,structure:red-outpost,6600.0,7500.0,进攻前哨站,3,20768.61,active,0,0,True,True,False,moving,0.0,0.0,1900.0
158,opponent-engineer,opponent-rmuc-2026-region,engineer,18768.0,2450.0,zone:assembly:blue,,,装配科技核心,0,0.0,none,0,0,True,True,False,legal wait: no active movement route,0.0,0.0,0.0
158,opponent-infantry-1,opponent-rmuc-2026-region,infantry,20599.711,10404.886,,,,等待复活,0,0.0,none,0,0,False,False,False,dead/respawning,0.0,0.0,0.0
158,opponent-infantry-2,opponent-rmuc-2026-region,infantry,21106.125,6931.99,defense:blue-outpost,,,防守前哨站,0,0.0,none,0,0,True,True,False,legal wait: no active movement route,0.0,1.783,0.0
158,opponent-sentry,opponent-rmuc-2026-region,sentry,21412.451,6708.081,defense:blue-outpost,,,防守前哨站,0,0.0,none,0,0,True,True,False,legal wait: no active movement route,0.0,0.0,0.0
158,opponent-drone,opponent-rmuc-2026-region,drone,8087.593,12757.94,robot:tarsgo-engineer,,,空中压制敌方工程,0,0.0,none,0,0,True,True,False,legal wait: no active movement route,0.0,0.0,0.0
159,tarsgo-hero,tarsgo-rmuc-2026-region,hero,17264.158,14500.0,structure:blue-outpost,21400.0,7500.0,进攻前哨站,2,8267.461,active,0,0,True,True,False,moving,0.0,0.017,1900.0
159,tarsgo-engineer,tarsgo-rmuc-2026-region,engineer,9232.0,12550.0,zone:assembly:red,,,装配科技核心,0,0.0,none,0,0,True,True,False,legal wait: no active movement route,0.0,0.083,0.0
159,tarsgo-infantry-1,tarsgo-rmuc-2026-region,infantry,4505.865,500.0,zone:supply:red,2276.0,12368.0,前往补给区,3,12886.234,active,0,0,True,True,False,moving,0.0,0.217,1900.0
159,tarsgo-infantry-2,tarsgo-rmuc-2026-region,infantry,9921.848,12559.563,support:tarsgo-engineer,,,保护工程,0,0.0,none,0,0,True,True,False,legal wait: no active movement route,0.0,0.217,0.0
159,tarsgo-sentry,tarsgo-rmuc-2026-region,sentry,6600.0,8160.0,defense:red-outpost,6600.0,8160.0,防守前哨站,0,0.0,none,0,0,True,True,False,legal wait: no active movement route,0.0,0.017,1729.095
159,tarsgo-drone,tarsgo-rmuc-2026-region,drone,20283.896,2755.441,robot:opponent-engineer,,,空中压制敌方工程,0,0.0,none,0,0,True,True,False,legal wait: no active movement route,0.0,0.0,0.0
159,opponent-hero,opponent-rmuc-2026-region,hero,17962.933,571.982,structure:red-outpost,6600.0,7500.0,进攻前哨站,3,18868.61,active,0,0,True,True,False,moving,0.0,0.0,1900.0
159,opponent-engineer,opponent-rmuc-2026-region,engineer,18768.0,2450.0,zone:assembly:blue,,,装配科技核心,0,0.0,none,0,0,True,True,False,legal wait: no active movement route,0.0,0.0,0.0
159,opponent-infantry-1,opponent-rmuc-2026-region,infantry,20599.711,10404.886,,,,等待复活,0,0.0,none,0,0,False,False,False,dead/respawning,0.0,0.0,0.0
159,opponent-infantry-2,opponent-rmuc-2026-region,infantry,21106.125,6931.99,defense:blue-outpost,,,防守前哨站,0,0.0,none,0,0,True,True,False,legal wait: no active movement route,0.0,1.783,0.0
159,opponent-sentry,opponent-rmuc-2026-region,sentry,21412.451,6708.081,defense:blue-outpost,,,防守前哨站,0,0.0,none,0,0,True,True,False,legal wait: no active movement route,0.0,0.0,0.0
159,opponent-drone,opponent-rmuc-2026-region,drone,8087.593,12757.94,robot:tarsgo-engineer,,,空中压制敌方工程,0,0.0,none,0,0,True,True,False,legal wait: no active movement route,0.0,0.0,0.0
160,tarsgo-hero,tarsgo-rmuc-2026-region,hero,18403.568,13340.468,structure:blue-outpost,21400.0,7500.0,进攻前哨站,1,6367.461,active,0,0,True,True,False,moving,0.0,0.017,1625.66
160,tarsgo-engineer,tarsgo-rmuc-2026-region,engineer,9232.0,12550.0,zone:assembly:red,,,装配科技核心,0,0.0,none,0,0,True,True,False,legal wait: no active movement route,0.0,0.083,0.0
160,tarsgo-infantry-1,tarsgo-rmuc-2026-region,infantry,3700.0,1594.135,zone:supply:red,2276.0,12368.0,前往补给区,2,10986.234,active,0,0,True,True,False,moving,0.0,0.217,1358.878
160,tarsgo-infantry-2,tarsgo-rmuc-2026-region,infantry,9921.848,12559.563,support:tarsgo-engineer,,,保护工程,0,0.0,none,0,0,True,True,False,legal wait: no active movement route,0.0,0.217,0.0
160,tarsgo-sentry,tarsgo-rmuc-2026-region,sentry,7520.739,6690.226,robot:opponent-hero,16448.496,500.0,追击敌方英雄,2,13054.574,active,0,0,True,True,False,moving,0.0,0.017,1734.358
160,tarsgo-drone,tarsgo-rmuc-2026-region,drone,20283.896,2755.441,robot:opponent-engineer,,,空中压制敌方工程,0,0.0,none,0,0,True,True,False,legal wait: no active movement route,0.0,0.0,0.0
160,opponent-hero,opponent-rmuc-2026-region,hero,16068.496,500.0,structure:red-outpost,6600.0,7500.0,进攻前哨站,2,16968.61,active,0,0,True,True,False,moving,0.0,0.0,1895.804
160,opponent-engineer,opponent-rmuc-2026-region,engineer,18768.0,2450.0,zone:assembly:blue,,,装配科技核心,0,0.0,none,0,0,True,True,False,legal wait: no active movement route,0.0,0.0,0.0
160,opponent-infantry-1,opponent-rmuc-2026-region,infantry,20599.711,10404.886,,,,等待复活,0,0.0,none,0,0,False,False,False,dead/respawning,0.0,0.0,0.0
160,opponent-infantry-2,opponent-rmuc-2026-region,infantry,21106.125,6931.99,defense:blue-outpost,,,防守前哨站,0,0.0,none,0,0,True,True,False,legal wait: no active movement route,0.0,1.783,0.0
160,opponent-sentry,opponent-rmuc-2026-region,sentry,21412.451,6708.081,defense:blue-outpost,,,防守前哨站,0,0.0,none,0,0,True,True,False,legal wait: no active movement route,0.0,0.0,0.0
160,opponent-drone,opponent-rmuc-2026-region,drone,8087.593,12757.94,robot:tarsgo-engineer,,,空中压制敌方工程,0,0.0,none,0,0,True,True,False,legal wait: no active movement route,0.0,0.0,0.0
161,tarsgo-hero,tarsgo-rmuc-2026-region,hero,19160.419,11597.719,structure:blue-outpost,21400.0,7500.0,进攻前哨站,1,4467.461,active,0,0,True,True,False,moving,0.0,0.017,1900.0
161,tarsgo-engineer,tarsgo-rmuc-2026-region,engineer,9232.0,12550.0,zone:assembly:red,,,装配科技核心,0,0.0,none,0,0,True,True,False,legal wait: no active movement route,0.0,0.083,0.0
161,tarsgo-infantry-1,tarsgo-rmuc-2026-region,infantry,3700.0,3494.135,zone:supply:red,2276.0,12368.0,前往补给区,2,9086.234,active,0,0,True,True,False,moving,0.0,0.217,1900.0
161,tarsgo-infantry-2,tarsgo-rmuc-2026-region,infantry,9921.848,12559.563,support:tarsgo-engineer,,,保护工程,0,0.0,none,0,0,True,True,False,legal wait: no active movement route,0.0,0.217,0.0
161,tarsgo-sentry,tarsgo-rmuc-2026-region,sentry,8251.508,4936.38,robot:opponent-hero,15023.496,500.0,追击敌方英雄,2,9729.574,active,0,0,True,True,False,moving,0.0,0.017,1900.0
161,tarsgo-drone,tarsgo-rmuc-2026-region,drone,20283.896,2755.441,robot:opponent-engineer,,,空中压制敌方工程,0,0.0,none,0,0,True,True,False,legal wait: no active movement route,0.0,0.0,0.0
161,opponent-hero,opponent-rmuc-2026-region,hero,14168.496,500.0,structure:red-outpost,6600.0,7500.0,进攻前哨站,2,15068.61,active,0,0,True,True,False,moving,0.0,0.0,1900.0
161,opponent-engineer,opponent-rmuc-2026-region,engineer,18768.0,2450.0,zone:assembly:blue,,,装配科技核心,0,0.0,none,0,0,True,True,False,legal wait: no active movement route,0.0,0.0,0.0
161,opponent-infantry-1,opponent-rmuc-2026-region,infantry,20599.711,10404.886,,,,等待复活,0,0.0,none,0,0,False,False,False,dead/respawning,0.0,0.0,0.0
161,opponent-infantry-2,opponent-rmuc-2026-region,infantry,21106.125,6931.99,defense:blue-outpost,,,防守前哨站,0,0.0,none,0,0,True,True,False,legal wait: no active movement route,0.0,1.783,0.0
161,opponent-sentry,opponent-rmuc-2026-region,sentry,21412.451,6708.081,defense:blue-outpost,,,防守前哨站,0,0.0,none,0,0,True,True,False,legal wait: no active movement route,0.0,0.0,0.0
161,opponent-drone,opponent-rmuc-2026-region,drone,8087.593,12757.94,robot:tarsgo-engineer,,,空中压制敌方工程,0,0.0,none,0,0,True,True,False,legal wait: no active movement route,0.0,0.0,0.0
162,tarsgo-hero,tarsgo-rmuc-2026-region,hero,19917.271,9854.969,structure:blue-outpost,21400.0,7500.0,进攻前哨站,1,2567.461,active,0,0,True,True,False,moving,0.0,0.017,1900.0
162,tarsgo-engineer,tarsgo-rmuc-2026-region,engineer,9232.0,12550.0,zone:assembly:red,,,装配科技核心,0,0.0,none,0,0,True,True,False,legal wait: no active movement route,0.0,0.083,0.0
162,tarsgo-infantry-1,tarsgo-rmuc-2026-region,infantry,3700.0,5394.135,zone:supply:red,2276.0,12368.0,前往补给区,2,7186.234,active,0,0,True,True,False,moving,0.0,0.217,1900.0
162,tarsgo-infantry-2,tarsgo-rmuc-2026-region,infantry,9921.848,12559.563,support:tarsgo-engineer,,,保护工程,0,0.0,none,0,0,True,True,False,legal wait: no active movement route,0.0,0.217,0.0
162,tarsgo-sentry,tarsgo-rmuc-2026-region,sentry,8982.278,3182.534,robot:opponent-hero,13598.496,500.0,追击敌方英雄,2,6404.574,active,0,0,True,True,False,moving,0.0,0.017,1900.0
162,tarsgo-drone,tarsgo-rmuc-2026-region,drone,20283.896,2755.441,robot:opponent-engineer,,,空中压制敌方工程,0,0.0,none,0,0,True,True,False,legal wait: no active movement route,0.0,0.0,0.0
162,opponent-hero,opponent-rmuc-2026-region,hero,12268.496,500.0,structure:red-outpost,6600.0,7500.0,进攻前哨站,2,13168.61,active,0,0,True,True,False,moving,0.0,0.0,1900.0
162,opponent-engineer,opponent-rmuc-2026-region,engineer,18768.0,2450.0,zone:assembly:blue,,,装配科技核心,0,0.0,none,0,0,True,True,False,legal wait: no active movement route,0.0,0.0,0.0
162,opponent-infantry-1,opponent-rmuc-2026-region,infantry,20599.711,10404.886,,,,等待复活,0,0.0,none,0,0,False,False,False,dead/respawning,0.0,0.0,0.0
162,opponent-infantry-2,opponent-rmuc-2026-region,infantry,21106.125,6931.99,defense:blue-outpost,,,防守前哨站,0,0.0,none,0,0,True,True,False,legal wait: no active movement route,0.0,1.783,0.0
162,opponent-sentry,opponent-rmuc-2026-region,sentry,21412.451,6708.081,defense:blue-outpost,,,防守前哨站,0,0.0,none,0,0,True,True,False,legal wait: no active movement route,0.0,0.0,0.0
162,opponent-drone,opponent-rmuc-2026-region,drone,8087.593,12757.94,robot:tarsgo-engineer,,,空中压制敌方工程,0,0.0,none,0,0,True,True,False,legal wait: no active movement route,0.0,0.0,0.0
163,tarsgo-hero,tarsgo-rmuc-2026-region,hero,19564.073,10668.252,zone:supply:red,2006.0,13050.0,前往补给区,3,20200.346,active,0,0,True,True,False,moving,0.0,0.017,886.667
163,tarsgo-engineer,tarsgo-rmuc-2026-region,engineer,9232.0,12550.0,zone:assembly:red,,,装配科技核心,0,0.0,none,0,0,True,True,False,legal wait: no active movement route,0.0,0.083,0.0
163,tarsgo-infantry-1,tarsgo-rmuc-2026-region,infantry,3700.0,7294.135,zone:supply:red,2276.0,12368.0,前往补给区,2,5286.234,active,0,0,True,True,False,moving,0.0,0.217,1900.0
163,tarsgo-infantry-2,tarsgo-rmuc-2026-region,infantry,9921.848,12559.563,support:tarsgo-engineer,,,保护工程,0,0.0,none,0,0,True,True,False,legal wait: no active movement route,0.0,0.217,0.0
163,tarsgo-sentry,tarsgo-rmuc-2026-region,sentry,9713.047,1428.688,robot:opponent-hero,10748.496,500.0,追击敌方英雄,2,1654.574,active,0,0,True,True,False,moving,0.0,0.017,1900.0
163,tarsgo-drone,tarsgo-rmuc-2026-region,drone,20283.896,2755.441,robot:opponent-engineer,,,空中压制敌方工程,0,0.0,none,0,0,True,True,False,legal wait: no active movement route,0.0,0.0,0.0
163,opponent-hero,opponent-rmuc-2026-region,hero,10368.496,500.0,structure:red-outpost,6600.0,7500.0,进攻前哨站,2,11268.61,active,0,0,True,True,False,moving,0.0,0.0,1900.0
163,opponent-engineer,opponent-rmuc-2026-region,engineer,18768.0,2450.0,zone:assembly:blue,,,装配科技核心,0,0.0,none,0,0,True,True,False,legal wait: no active movement route,0.0,0.0,0.0
163,opponent-infantry-1,opponent-rmuc-2026-region,infantry,20599.711,10404.886,,,,等待复活,0,0.0,none,0,0,False,False,False,dead/respawning,0.0,0.0,0.0
163,opponent-infantry-2,opponent-rmuc-2026-region,infantry,21106.125,6931.99,defense:blue-outpost,,,防守前哨站,0,0.0,none,0,0,True,True,False,legal wait: no active movement route,0.0,1.783,0.0
163,opponent-sentry,opponent-rmuc-2026-region,sentry,21412.451,6708.081,defense:blue-outpost,,,防守前哨站,0,0.0,none,0,0,True,True,False,legal wait: no active movement route,0.0,0.0,0.0
163,opponent-drone,opponent-rmuc-2026-region,drone,8087.593,12757.94,robot:tarsgo-engineer,,,空中压制敌方工程,0,0.0,none,0,0,True,True,False,legal wait: no active movement route,0.0,0.0,0.0
164,tarsgo-hero,tarsgo-rmuc-2026-region,hero,19046.892,11859.131,zone:supply:red,2006.0,13050.0,前往补给区,3,18902.012,active,0,0,True,False,False,movement permission or chassis power lock,0.0,0.017,1298.333
164,tarsgo-engineer,tarsgo-rmuc-2026-region,engineer,9232.0,12550.0,zone:assembly:red,,,装配科技核心,0,0.0,none,0,0,True,True,False,legal wait: no active movement route,0.0,0.083,0.0
164,tarsgo-infantry-1,tarsgo-rmuc-2026-region,infantry,3550.471,8190.169,zone:supply:red,2276.0,12368.0,前往补给区,1,4367.9,active,0,0,True,False,False,movement permission or chassis power lock,0.0,0.217,908.424
164,tarsgo-infantry-2,tarsgo-rmuc-2026-region,infantry,9885.951,11832.115,robot:opponent-hero,9330.272,571.442,集火残血目标,1,11274.375,active,0,0,True,True,False,moving,0.0,0.217,728.333
164,tarsgo-sentry,tarsgo-rmuc-2026-region,sentry,10138.922,500.0,robot:opponent-hero,,,追击敌方英雄,0,0.0,none,0,0,True,True,False,legal wait: no active movement route,0.0,0.017,1021.68
164,tarsgo-drone,tarsgo-rmuc-2026-region,drone,20294.347,3008.559,robot:opponent-infantry-1,20599.711,10404.886,空中压制残血目标,1,7402.628,active,0,0,True,True,False,moving,0.0,0.0,253.333
164,opponent-hero,opponent-rmuc-2026-region,hero,9081.456,619.07,,,,等待复活,0,0.0,none,0,0,False,False,False,dead/respawning,0.0,0.0,1292.536
164,opponent-engineer,opponent-rmuc-2026-region,engineer,18768.0,2450.0,zone:assembly:blue,,,装配科技核心,0,0.0,none,0,0,True,True,False,legal wait: no active movement route,0.0,0.0,0.0
164,opponent-infantry-1,opponent-rmuc-2026-region,infantry,20599.711,10404.886,,,,等待复活,0,0.0,none,0,0,True,True,False,legal wait: no active movement route,0.0,0.0,0.0
164,opponent-infantry-2,opponent-rmuc-2026-region,infantry,21106.125,6931.99,defense:blue-outpost,,,防守前哨站,0,0.0,none,0,0,True,True,False,legal wait: no active movement route,0.0,1.783,0.0
164,opponent-sentry,opponent-rmuc-2026-region,sentry,21412.451,6708.081,defense:blue-outpost,,,防守前哨站,0,0.0,none,0,0,True,True,False,legal wait: no active movement route,0.0,0.0,0.0
164,opponent-drone,opponent-rmuc-2026-region,drone,8087.593,12757.94,robot:tarsgo-engineer,,,空中压制敌方工程,0,0.0,none,0,0,True,True,False,legal wait: no active movement route,0.0,0.0,0.0
165,tarsgo-hero,tarsgo-rmuc-2026-region,hero,19046.892,11859.131,zone:supply:red,2006.0,13050.0,前往补给区,3,18902.012,active,0,0,True,False,False,movement permission or chassis power lock,0.0,0.017,0.0
165,tarsgo-engineer,tarsgo-rmuc-2026-region,engineer,9232.0,12550.0,zone:assembly:red,,,装配科技核心,0,0.0,none,0,0,True,True,False,legal wait: no active movement route,0.0,0.083,0.0
165,tarsgo-infantry-1,tarsgo-rmuc-2026-region,infantry,3550.471,8190.169,zone:supply:red,2276.0,12368.0,前往补给区,1,4367.9,active,0,0,True,False,False,movement permission or chassis power lock,0.0,0.217,0.0
165,tarsgo-infantry-2,tarsgo-rmuc-2026-region,infantry,9923.711,12083.595,robot:opponent-infantry-1,20913.443,9928.995,集火残血目标,3,15697.763,active,0,0,True,True,False,moving,0.0,0.217,254.299
165,tarsgo-sentry,tarsgo-rmuc-2026-region,sentry,11278.922,500.0,robot:opponent-infantry-1,20843.725,10034.749,集火残血目标,2,19155.993,active,0,0,True,True,False,moving,0.0,0.017,1140.0
165,tarsgo-drone,tarsgo-rmuc-2026-region,drone,20454.562,4898.917,robot:opponent-infantry-1,21174.886,9532.419,空中压制残血目标,1,4689.159,active,0,0,True,True,False,moving,0.0,0.0,1897.135
165,opponent-hero,opponent-rmuc-2026-region,hero,9081.456,619.07,,,,等待复活,0,0.0,none,0,0,False,False,False,dead/respawning,0.0,0.0,0.0
165,opponent-engineer,opponent-rmuc-2026-region,engineer,18768.0,2450.0,zone:assembly:blue,,,装配科技核心,0,0.0,none,0,0,True,True,False,legal wait: no active movement route,0.0,0.0,0.0
165,opponent-infantry-1,opponent-rmuc-2026-region,infantry,21575.766,8924.337,zone:supply:blue,25724.0,2632.0,回撤补给,1,7536.667,active,0,0,True,True,False,moving,0.0,0.0,1773.333
165,opponent-infantry-2,opponent-rmuc-2026-region,infantry,21106.125,6931.99,defense:blue-outpost,,,防守前哨站,0,0.0,none,0,0,True,True,False,legal wait: no active movement route,0.0,1.783,0.0
165,opponent-sentry,opponent-rmuc-2026-region,sentry,21412.451,6708.081,defense:blue-outpost,,,防守前哨站,0,0.0,none,0,0,True,True,False,legal wait: no active movement route,0.0,0.0,0.0
165,opponent-drone,opponent-rmuc-2026-region,drone,8087.593,12757.94,robot:tarsgo-engineer,,,空中压制敌方工程,0,0.0,none,0,0,True,True,False,legal wait: no active movement route,0.0,0.0,0.0
166,tarsgo-hero,tarsgo-rmuc-2026-region,hero,19046.892,11859.131,zone:supply:red,2006.0,13050.0,前往补给区,3,18902.012,active,0,0,True,False,False,movement permission or chassis power lock,0.0,0.017,0.0
166,tarsgo-engineer,tarsgo-rmuc-2026-region,engineer,9232.0,12550.0,zone:assembly:red,,,装配科技核心,0,0.0,none,0,0,True,True,False,legal wait: no active movement route,0.0,0.083,0.0
166,tarsgo-infantry-1,tarsgo-rmuc-2026-region,infantry,3550.471,8190.169,zone:supply:red,2276.0,12368.0,前往补给区,1,4367.9,active,0,0,True,False,False,movement permission or chassis power lock,0.0,0.217,0.0
166,tarsgo-infantry-2,tarsgo-rmuc-2026-region,infantry,10061.958,13978.558,robot:opponent-infantry-1,22482.103,7549.54,集火残血目标,3,16647.763,active,0,0,True,True,False,moving,0.0,0.217,1900.0
166,tarsgo-sentry,tarsgo-rmuc-2026-region,sentry,13178.922,500.0,robot:opponent-infantry-1,22412.385,7655.294,集火残血目标,2,16476.908,active,0,0,True,True,False,moving,0.0,0.017,1900.0
166,tarsgo-drone,tarsgo-rmuc-2026-region,drone,21302.537,6535.467,robot:opponent-infantry-1,21959.216,8342.692,空中压制残血目标,2,2014.667,active,0,0,True,True,False,moving,0.0,0.0,1843.193
166,opponent-hero,opponent-rmuc-2026-region,hero,9081.456,619.07,,,,等待复活,0,0.0,none,0,0,False,False,False,dead/respawning,0.0,0.0,0.0
166,opponent-engineer,opponent-rmuc-2026-region,engineer,18768.0,2450.0,zone:assembly:blue,,,装配科技核心,0,0.0,none,0,0,True,True,False,legal wait: no active movement route,0.0,0.0,0.0
166,opponent-infantry-1,opponent-rmuc-2026-region,infantry,22621.539,7338.033,zone:supply:blue,25724.0,2632.0,回撤补给,1,5636.667,active,0,0,True,True,False,moving,0.0,0.0,1900.0
166,opponent-infantry-2,opponent-rmuc-2026-region,infantry,21106.125,6931.99,defense:blue-outpost,,,防守前哨站,0,0.0,none,0,0,True,True,False,legal wait: no active movement route,0.0,1.783,0.0
166,opponent-sentry,opponent-rmuc-2026-region,sentry,21412.451,6708.081,defense:blue-outpost,,,防守前哨站,0,0.0,none,0,0,True,True,False,legal wait: no active movement route,0.0,0.0,0.0
166,opponent-drone,opponent-rmuc-2026-region,drone,8087.593,12757.94,robot:tarsgo-engineer,,,空中压制敌方工程,0,0.0,none,0,0,True,True,False,legal wait: no active movement route,0.0,0.0,0.0
167,tarsgo-hero,tarsgo-rmuc-2026-region,hero,19046.892,11859.131,zone:supply:red,2006.0,13050.0,前往补给区,3,18902.012,active,0,0,True,False,False,movement permission or chassis power lock,0.0,0.017,0.0
167,tarsgo-engineer,tarsgo-rmuc-2026-region,engineer,9232.0,12550.0,zone:assembly:red,,,装配科技核心,0,0.0,none,0,0,True,True,False,legal wait: no active movement route,0.0,0.083,0.0
167,tarsgo-infantry-1,tarsgo-rmuc-2026-region,infantry,3550.471,8190.169,zone:supply:red,2276.0,12368.0,前往补给区,1,4367.9,active,0,0,True,False,False,movement permission or chassis power lock,0.0,0.217,0.0
167,tarsgo-infantry-2,tarsgo-rmuc-2026-region,infantry,11477.173,14500.0,robot:opponent-infantry-1,23266.433,6359.813,集火残血目标,2,16172.763,active,0,0,True,True,False,moving,0.0,0.217,1508.222
167,tarsgo-sentry,tarsgo-rmuc-2026-region,sentry,15078.922,500.0,robot:opponent-infantry-1,23196.715,6465.566,集火残血目标,2,13987.428,active,0,0,True,True,False,moving,0.0,0.017,1900.0
167,tarsgo-drone,tarsgo-rmuc-2026-region,drone,21439.029,6710.127,robot:opponent-infantry-1,,,空中压制残血目标,0,0.0,none,0,0,True,True,False,legal wait: no active movement route,0.0,0.0,221.667
167,opponent-hero,opponent-rmuc-2026-region,hero,9081.456,619.07,,,,等待复活,0,0.0,none,0,0,False,False,False,dead/respawning,0.0,0.0,0.0
167,opponent-engineer,opponent-rmuc-2026-region,engineer,18768.0,2450.0,zone:assembly:blue,,,装配科技核心,0,0.0,none,0,0,True,True,False,legal wait: no active movement route,0.0,0.0,0.0
167,opponent-infantry-1,opponent-rmuc-2026-region,infantry,23667.313,5751.73,zone:supply:blue,25724.0,2632.0,回撤补给,1,3736.667,active,0,0,True,True,False,moving,0.0,0.0,1900.0
167,opponent-infantry-2,opponent-rmuc-2026-region,infantry,21106.125,6931.99,defense:blue-outpost,,,防守前哨站,0,0.0,none,0,0,True,True,False,legal wait: no active movement route,0.0,1.783,0.0
167,opponent-sentry,opponent-rmuc-2026-region,sentry,21412.451,6708.081,defense:blue-outpost,,,防守前哨站,0,0.0,none,0,0,True,True,False,legal wait: no active movement route,0.0,0.0,0.0
167,opponent-drone,opponent-rmuc-2026-region,drone,8087.593,12757.94,robot:tarsgo-engineer,,,空中压制敌方工程,0,0.0,none,0,0,True,True,False,legal wait: no active movement route,0.0,0.0,0.0
168,tarsgo-hero,tarsgo-rmuc-2026-region,hero,19046.892,11859.131,zone:supply:red,2006.0,13050.0,前往补给区,3,18902.012,active,0,0,True,False,False,movement permission or chassis power lock,0.0,0.017,0.0
168,tarsgo-engineer,tarsgo-rmuc-2026-region,engineer,9232.0,12550.0,zone:assembly:red,,,装配科技核心,0,0.0,none,0,0,True,True,False,legal wait: no active movement route,0.0,0.083,0.0
168,tarsgo-infantry-1,tarsgo-rmuc-2026-region,infantry,3550.471,8190.169,zone:supply:red,2276.0,12368.0,前往补给区,1,4367.9,active,0,0,True,False,False,movement permission or chassis power lock,0.0,0.217,0.0
168,tarsgo-infantry-2,tarsgo-rmuc-2026-region,infantry,13377.173,14500.0,robot:opponent-infantry-1,24050.763,5170.085,集火残血目标,2,15697.763,active,0,0,True,True,False,moving,0.0,0.217,1900.0
168,tarsgo-sentry,tarsgo-rmuc-2026-region,sentry,16978.544,530.931,robot:opponent-infantry-1,23981.045,5275.839,集火残血目标,2,11500.077,active,0,0,True,True,False,moving,0.0,0.017,1899.874
168,tarsgo-drone,tarsgo-rmuc-2026-region,drone,22042.978,6303.045,robot:opponent-infantry-1,24312.206,4773.509,空中压制残血目标,1,2736.581,active,0,0,True,True,False,moving,0.0,0.0,728.333
168,opponent-hero,opponent-rmuc-2026-region,hero,9081.456,619.07,,,,等待复活,0,0.0,none,0,0,False,False,False,dead/respawning,0.0,0.0,0.0
168,opponent-engineer,opponent-rmuc-2026-region,engineer,18768.0,2450.0,zone:assembly:blue,,,装配科技核心,0,0.0,none,0,0,True,True,False,legal wait: no active movement route,0.0,0.0,0.0
168,opponent-infantry-1,opponent-rmuc-2026-region,infantry,24713.086,4165.427,zone:supply:blue,25724.0,2632.0,回撤补给,1,1836.667,active,0,0,True,True,False,moving,0.0,0.0,1900.0
168,opponent-infantry-2,opponent-rmuc-2026-region,infantry,21106.125,6931.99,defense:blue-outpost,,,防守前哨站,0,0.0,none,0,0,True,True,False,legal wait: no active movement route,0.0,1.783,0.0
168,opponent-sentry,opponent-rmuc-2026-region,sentry,21412.451,6708.081,defense:blue-outpost,,,防守前哨站,0,0.0,none,0,0,True,True,False,legal wait: no active movement route,0.0,0.0,0.0
168,opponent-drone,opponent-rmuc-2026-region,drone,8087.593,12757.94,robot:tarsgo-engineer,,,空中压制敌方工程,0,0.0,none,0,0,True,True,False,legal wait: no active movement route,0.0,0.0,0.0
169,tarsgo-hero,tarsgo-rmuc-2026-region,hero,18819.836,12381.956,zone:supply:red,2006.0,13050.0,前往补给区,3,18332.012,active,0,0,True,True,False,moving,0.0,0.017,570.0
169,tarsgo-engineer,tarsgo-rmuc-2026-region,engineer,9232.0,12550.0,zone:assembly:red,,,装配科技核心,0,0.0,none,0,0,True,True,False,legal wait: no active movement route,0.0,0.083,0.0
169,tarsgo-infantry-1,tarsgo-rmuc-2026-region,infantry,3273.279,9098.829,zone:supply:red,2276.0,12368.0,前往补给区,1,3417.9,active,0,0,True,True,False,moving,0.0,0.217,950.0
169,tarsgo-infantry-2,tarsgo-rmuc-2026-region,infantry,15277.173,14500.0,robot:opponent-infantry-1,25619.423,2790.63,集火残血目标,2,16647.763,active,0,0,True,True,False,moving,0.0,0.217,1900.0
169,tarsgo-sentry,tarsgo-rmuc-2026-region,sentry,17484.806,550.714,robot:opponent-infantry-1,25549.704,2896.384,集火残血目标,2,10019.804,active,0,0,True,True,False,moving,0.0,0.017,506.648
169,tarsgo-drone,tarsgo-rmuc-2026-region,drone,23496.997,5089.006,robot:opponent-infantry-1,25096.536,3583.782,空中压制残血目标,1,2196.412,active,0,0,True,True,False,moving,0.0,0.0,1894.218
169,opponent-hero,opponent-rmuc-2026-region,hero,9081.456,619.07,,,,等待复活,0,0.0,none,0,0,False,False,False,dead/respawning,0.0,0.0,0.0
169,opponent-engineer,opponent-rmuc-2026-region,engineer,18768.0,2450.0,zone:assembly:blue,,,装配科技核心,0,0.0,none,0,0,True,True,False,legal wait: no active movement route,0.0,0.0,0.0
169,opponent-infantry-1,opponent-rmuc-2026-region,infantry,25724.0,2632.0,zone:supply:blue,25724.0,2632.0,回撤补给,0,0.0,none,0,0,True,True,False,legal wait: no active movement route,0.0,0.0,1836.667
169,opponent-infantry-2,opponent-rmuc-2026-region,infantry,21106.125,6931.99,defense:blue-outpost,,,防守前哨站,0,0.0,none,0,0,True,True,False,legal wait: no active movement route,0.0,1.783,0.0
169,opponent-sentry,opponent-rmuc-2026-region,sentry,21412.451,6708.081,defense:blue-outpost,,,防守前哨站,0,0.0,none,0,0,True,True,False,legal wait: no active movement route,0.0,0.0,0.0
169,opponent-drone,opponent-rmuc-2026-region,drone,8087.593,12757.94,robot:tarsgo-engineer,,,空中压制敌方工程,0,0.0,none,0,0,True,True,False,legal wait: no active movement route,0.0,0.0,0.0
170,tarsgo-hero,tarsgo-rmuc-2026-region,hero,18062.985,14124.705,zone:supply:red,2006.0,13050.0,前往补给区,3,16432.012,active,0,0,True,True,False,moving,0.0,0.017,1900.0
170,tarsgo-engineer,tarsgo-rmuc-2026-region,engineer,9232.0,12550.0,zone:assembly:red,,,装配科技核心,0,0.0,none,0,0,True,True,False,legal wait: no active movement route,0.0,0.083,0.0
170,tarsgo-infantry-1,tarsgo-rmuc-2026-region,infantry,2718.895,10916.151,zone:supply:red,2276.0,12368.0,前往补给区,1,1517.9,active,0,0,True,True,False,moving,0.0,0.217,1900.0
170,tarsgo-infantry-2,tarsgo-rmuc-2026-region,infantry,17177.173,14500.0,robot:opponent-infantry-1,25724.0,2632.0,集火残血目标,2,14937.763,active,0,0,True,True,False,moving,0.0,0.217,1900.0
170,tarsgo-sentry,tarsgo-rmuc-2026-region,sentry,19351.519,828.984,robot:opponent-infantry-1,25724.0,2632.0,集火残血目标,1,6622.642,active,0,0,True,True,False,moving,0.0,0.017,1887.34
170,tarsgo-drone,tarsgo-rmuc-2026-region,drone,24609.406,3875.841,robot:opponent-infantry-1,,,空中压制残血目标,0,0.0,none,0,0,True,True,False,legal wait: no active movement route,0.0,0.0,1645.972
170,opponent-hero,opponent-rmuc-2026-region,hero,9081.456,619.07,,,,等待复活,0,0.0,none,0,0,False,False,False,dead/respawning,0.0,0.0,0.0
170,opponent-engineer,opponent-rmuc-2026-region,engineer,18768.0,2450.0,zone:assembly:blue,,,装配科技核心,0,0.0,none,0,0,True,True,False,legal wait: no active movement route,0.0,0.0,0.0
170,opponent-infantry-1,opponent-rmuc-2026-region,infantry,25724.0,2632.0,zone:supply:blue,,,回撤补给,0,0.0,none,0,0,True,True,False,legal wait: no active movement route,0.0,0.0,0.0
170,opponent-infantry-2,opponent-rmuc-2026-region,infantry,21106.125,6931.99,defense:blue-outpost,,,防守前哨站,0,0.0,none,0,0,True,True,False,legal wait: no active movement route,0.0,1.783,0.0
170,opponent-sentry,opponent-rmuc-2026-region,sentry,21412.451,6708.081,defense:blue-outpost,,,防守前哨站,0,0.0,none,0,0,True,True,False,legal wait: no active movement route,0.0,0.0,0.0
170,opponent-drone,opponent-rmuc-2026-region,drone,8087.593,12757.94,robot:tarsgo-engineer,,,空中压制敌方工程,0,0.0,none,0,0,True,True,False,legal wait: no active movement route,0.0,0.0,0.0
171,tarsgo-hero,tarsgo-rmuc-2026-region,hero,16409.158,14500.0,zone:supply:red,2006.0,13050.0,前往补给区,2,14532.012,active,0,0,True,True,False,moving,0.0,0.017,1695.875
171,tarsgo-engineer,tarsgo-rmuc-2026-region,engineer,9232.0,12550.0,zone:assembly:red,,,装配科技核心,0,0.0,none,0,0,True,True,False,legal wait: no active movement route,0.0,0.083,0.0
171,tarsgo-infantry-1,tarsgo-rmuc-2026-region,infantry,2478.662,11703.657,zone:supply:red,,,补充弹量,0,0.0,none,0,0,True,True,False,legal wait: no active movement route,0.0,0.217,823.333
171,tarsgo-infantry-2,tarsgo-rmuc-2026-region,infantry,16018.85,14358.174,support:tarsgo-engineer,9932.0,12550.0,保护工程,2,7877.773,active,0,0,True,True,False,moving,0.0,0.217,1166.973
171,tarsgo-sentry,tarsgo-rmuc-2026-region,sentry,19899.988,984.166,robot:opponent-engineer,,,追击敌方工程,0,0.0,none,0,0,True,True,False,legal wait: no active movement route,0.0,0.017,570.0
171,tarsgo-drone,tarsgo-rmuc-2026-region,drone,24064.239,4358.814,robot:opponent-sentry,21412.451,6708.081,空中压制敌方哨兵,1,3542.744,active,0,0,True,True,False,moving,0.0,0.0,728.333
171,opponent-hero,opponent-rmuc-2026-region,hero,9081.456,619.07,,,,等待复活,0,0.0,none,0,0,False,False,False,dead/respawning,0.0,0.0,0.0
171,opponent-engineer,opponent-rmuc-2026-region,engineer,18768.0,2450.0,zone:assembly:blue,,,装配科技核心,0,0.0,none,0,0,True,True,False,legal wait: no active movement route,0.0,0.0,0.0
171,opponent-infantry-1,opponent-rmuc-2026-region,infantry,25724.0,2632.0,zone:supply:blue,,,回撤补给,0,0.0,none,0,0,True,True,False,legal wait: no active movement route,0.0,0.0,0.0
171,opponent-infantry-2,opponent-rmuc-2026-region,infantry,21106.125,6931.99,defense:blue-outpost,,,防守前哨站,0,0.0,none,0,0,True,True,False,legal wait: no active movement route,0.0,1.783,0.0
171,opponent-sentry,opponent-rmuc-2026-region,sentry,21412.451,6708.081,defense:blue-outpost,,,防守前哨站,0,0.0,none,0,0,True,True,False,legal wait: no active movement route,0.0,0.0,0.0
171,opponent-drone,opponent-rmuc-2026-region,drone,8087.593,12757.94,robot:tarsgo-engineer,,,空中压制敌方工程,0,0.0,none,0,0,True,True,False,legal wait: no active movement route,0.0,0.0,0.0
172,tarsgo-hero,tarsgo-rmuc-2026-region,hero,14509.158,14500.0,zone:supply:red,2006.0,13050.0,前往补给区,2,12632.012,active,0,0,True,True,False,moving,0.0,0.017,1900.0
172,tarsgo-engineer,tarsgo-rmuc-2026-region,engineer,9232.0,12550.0,zone:assembly:red,,,装配科技核心,0,0.0,none,0,0,True,True,False,legal wait: no active movement route,0.0,0.083,0.0
172,tarsgo-infantry-1,tarsgo-rmuc-2026-region,infantry,3701.208,12140.751,robot:opponent-infantry-2,21106.125,6931.99,追击敌方步兵,3,22826.986,active,0,0,True,True,False,moving,0.0,0.217,1298.333
172,tarsgo-infantry-2,tarsgo-rmuc-2026-region,infantry,14119.396,14403.688,support:tarsgo-engineer,9932.0,12550.0,保护工程,2,5977.773,active,0,0,True,True,False,moving,0.0,0.217,1900.0
172,tarsgo-sentry,tarsgo-rmuc-2026-region,sentry,19899.988,984.166,robot:opponent-engineer,,,追击敌方工程,0,0.0,none,0,0,True,True,False,legal wait: no active movement route,0.0,0.017,0.0
172,tarsgo-drone,tarsgo-rmuc-2026-region,drone,22642.065,5618.743,robot:opponent-sentry,21412.451,6708.081,空中压制敌方哨兵,1,1642.744,active,0,0,True,True,False,moving,0.0,0.0,1900.0
172,opponent-hero,opponent-rmuc-2026-region,hero,9081.456,619.07,,,,等待复活,0,0.0,none,0,0,False,False,False,dead/respawning,0.0,0.0,0.0
172,opponent-engineer,opponent-rmuc-2026-region,engineer,18768.0,2450.0,zone:assembly:blue,,,装配科技核心,0,0.0,none,0,0,True,True,False,legal wait: no active movement route,0.0,0.0,0.0
172,opponent-infantry-1,opponent-rmuc-2026-region,infantry,25724.0,2632.0,zone:supply:blue,,,回撤补给,0,0.0,none,0,0,True,True,False,legal wait: no active movement route,0.0,0.0,0.0
172,opponent-infantry-2,opponent-rmuc-2026-region,infantry,21106.125,6931.99,defense:blue-outpost,,,防守前哨站,0,0.0,none,0,0,True,True,False,legal wait: no active movement route,0.0,1.783,0.0
172,opponent-sentry,opponent-rmuc-2026-region,sentry,21412.451,6708.081,defense:blue-outpost,,,防守前哨站,0,0.0,none,0,0,True,True,False,legal wait: no active movement route,0.0,0.0,0.0
172,opponent-drone,opponent-rmuc-2026-region,drone,8087.593,12757.94,robot:tarsgo-engineer,,,空中压制敌方工程,0,0.0,none,0,0,True,True,False,legal wait: no active movement route,0.0,0.0,0.0
173,tarsgo-hero,tarsgo-rmuc-2026-region,hero,12609.158,14500.0,zone:supply:red,2006.0,13050.0,前往补给区,2,10732.012,active,0,0,True,True,False,moving,0.0,0.017,1900.0
173,tarsgo-engineer,tarsgo-rmuc-2026-region,engineer,9232.0,12550.0,zone:assembly:red,,,装配科技核心,0,0.0,none,0,0,True,True,False,legal wait: no active movement route,0.0,0.083,0.0
173,tarsgo-infantry-1,tarsgo-rmuc-2026-region,infantry,5490.299,12780.4,robot:opponent-infantry-2,21106.125,6931.99,追击敌方步兵,3,20926.986,active,0,0,True,True,False,moving,0.0,0.217,1900.0
173,tarsgo-infantry-2,tarsgo-rmuc-2026-region,infantry,12219.941,14449.202,support:tarsgo-engineer,9932.0,12550.0,保护工程,2,4077.773,active,0,0,True,True,False,moving,0.0,0.217,1900.0
173,tarsgo-sentry,tarsgo-rmuc-2026-region,sentry,19899.988,984.166,robot:opponent-engineer,,,追击敌方工程,0,0.0,none,0,0,True,True,False,legal wait: no active movement route,0.0,0.017,0.0
173,tarsgo-drone,tarsgo-rmuc-2026-region,drone,22287.298,5596.872,robot:opponent-engineer,18768.0,2450.0,空中压制敌方工程,1,4721.045,active,0,0,True,True,False,moving,0.0,0.0,355.441
173,opponent-hero,opponent-rmuc-2026-region,hero,9081.456,619.07,,,,等待复活,0,0.0,none,0,0,False,False,False,dead/respawning,0.0,0.0,0.0
173,opponent-engineer,opponent-rmuc-2026-region,engineer,18768.0,2450.0,zone:assembly:blue,,,装配科技核心,0,0.0,none,0,0,True,True,False,legal wait: no active movement route,0.0,0.0,0.0
173,opponent-infantry-1,opponent-rmuc-2026-region,infantry,24930.704,3699.512,defense:blue-outpost,21616.0,8160.0,防守前哨站,1,5557.267,active,0,0,True,True,False,moving,0.0,0.0,1330.0
173,opponent-infantry-2,opponent-rmuc-2026-region,infantry,21106.125,6931.99,defense:blue-outpost,,,防守前哨站,0,0.0,none,0,0,True,True,False,legal wait: no active movement route,0.0,1.783,0.0
173,opponent-sentry,opponent-rmuc-2026-region,sentry,21412.451,6708.081,defense:blue-outpost,,,防守前哨站,0,0.0,none,0,0,True,True,False,legal wait: no active movement route,0.0,0.0,0.0
173,opponent-drone,opponent-rmuc-2026-region,drone,8087.593,12757.94,robot:tarsgo-engineer,,,空中压制敌方工程,0,0.0,none,0,0,True,True,False,legal wait: no active movement route,0.0,0.0,0.0
174,tarsgo-hero,tarsgo-rmuc-2026-region,hero,10709.158,14500.0,zone:supply:red,2006.0,13050.0,前往补给区,2,8832.012,active,0,0,True,True,False,moving,0.0,0.017,1900.0
174,tarsgo-engineer,tarsgo-rmuc-2026-region,engineer,9232.0,12550.0,zone:assembly:red,,,装配科技核心,0,0.0,none,0,0,True,True,False,legal wait: no active movement route,0.0,0.083,0.0
174,tarsgo-infantry-1,tarsgo-rmuc-2026-region,infantry,7279.391,13420.049,robot:opponent-infantry-2,21106.125,6931.99,追击敌方步兵,3,19026.986,active,0,0,True,True,False,moving,0.0,0.217,1900.0
174,tarsgo-infantry-2,tarsgo-rmuc-2026-region,infantry,10320.486,14494.717,support:tarsgo-engineer,9932.0,12550.0,保护工程,2,2177.773,active,0,0,True,True,False,moving,0.0,0.217,1900.0
174,tarsgo-sentry,tarsgo-rmuc-2026-region,sentry,21001.637,1729.331,robot:opponent-infantry-1,24590.72,4157.017,追击敌方步兵,1,4333.034,active,0,0,True,True,False,moving,0.0,0.017,1330.0
174,tarsgo-drone,tarsgo-rmuc-2026-region,drone,20870.945,4330.403,robot:opponent-engineer,18768.0,2450.0,空中压制敌方工程,1,2821.045,active,0,0,True,True,False,moving,0.0,0.0,1900.0
174,opponent-hero,opponent-rmuc-2026-region,hero,9081.456,619.07,,,,等待复活,0,0.0,none,0,0,False,False,False,dead/respawning,0.0,0.0,0.0
174,opponent-engineer,opponent-rmuc-2026-region,engineer,18768.0,2450.0,zone:assembly:blue,,,装配科技核心,0,0.0,none,0,0,True,True,False,legal wait: no active movement route,0.0,0.0,0.0
174,opponent-infantry-1,opponent-rmuc-2026-region,infantry,23797.425,5224.529,defense:blue-outpost,21616.0,8160.0,防守前哨站,1,3657.267,active,0,0,True,True,False,moving,0.0,0.0,1900.0
174,opponent-infantry-2,opponent-rmuc-2026-region,infantry,21106.125,6931.99,defense:blue-outpost,,,防守前哨站,0,0.0,none,0,0,True,True,False,legal wait: no active movement route,0.0,1.783,0.0
174,opponent-sentry,opponent-rmuc-2026-region,sentry,21412.451,6708.081,defense:blue-outpost,,,防守前哨站,0,0.0,none,0,0,True,True,False,legal wait: no active movement route,0.0,0.0,0.0
174,opponent-drone,opponent-rmuc-2026-region,drone,8087.593,12757.94,robot:tarsgo-engineer,,,空中压制敌方工程,0,0.0,none,0,0,True,True,False,legal wait: no active movement route,0.0,0.0,0.0
175,tarsgo-hero,tarsgo-rmuc-2026-region,hero,9295.076,14365.41,zone:supply:red,2006.0,13050.0,前往补给区,2,8672.983,active,0,0,True,True,False,moving,0.0,0.017,1420.473
175,tarsgo-engineer,tarsgo-rmuc-2026-region,engineer,9232.0,12550.0,zone:assembly:red,,,装配科技核心,0,0.0,none,0,0,True,True,False,legal wait: no active movement route,0.0,0.083,0.0
175,tarsgo-infantry-1,tarsgo-rmuc-2026-region,infantry,9068.482,14059.699,robot:opponent-infantry-2,21106.125,6931.99,追击敌方步兵,3,17126.986,active,0,0,True,True,False,moving,0.0,0.217,1900.0
175,tarsgo-infantry-2,tarsgo-rmuc-2026-region,infantry,9619.292,13350.222,support:tarsgo-engineer,9932.0,12550.0,保护工程,1,859.152,active,0,0,True,True,False,moving,0.0,0.217,1342.215
175,tarsgo-sentry,tarsgo-rmuc-2026-region,sentry,22038.789,3286.058,robot:opponent-infantry-1,22890.801,6444.543,追击敌方步兵,1,3271.383,active,0,0,True,True,False,moving,0.0,0.017,1870.584
175,tarsgo-drone,tarsgo-rmuc-2026-region,drone,20351.616,3866.031,robot:opponent-engineer,,,空中压制敌方工程,0,0.0,none,0,0,True,True,False,legal wait: no active movement route,0.0,0.0,696.667
175,opponent-hero,opponent-rmuc-2026-region,hero,9081.456,619.07,,,,等待复活,0,0.0,none,0,0,False,False,False,dead/respawning,0.0,0.0,0.0
175,opponent-engineer,opponent-rmuc-2026-region,engineer,18768.0,2450.0,zone:assembly:blue,,,装配科技核心,0,0.0,none,0,0,True,True,False,legal wait: no active movement route,0.0,0.0,0.0
175,opponent-infantry-1,opponent-rmuc-2026-region,infantry,22664.145,6749.546,defense:blue-outpost,21616.0,8160.0,防守前哨站,1,1757.267,active,0,0,True,True,False,moving,0.0,0.0,1900.0
175,opponent-infantry-2,opponent-rmuc-2026-region,infantry,21106.125,6931.99,defense:blue-outpost,,,防守前哨站,0,0.0,none,0,0,True,True,False,legal wait: no active movement route,0.0,1.783,0.0
175,opponent-sentry,opponent-rmuc-2026-region,sentry,21412.451,6708.081,defense:blue-outpost,,,防守前哨站,0,0.0,none,0,0,True,True,False,legal wait: no active movement route,0.0,0.0,0.0
175,opponent-drone,opponent-rmuc-2026-region,drone,8087.593,12757.94,robot:tarsgo-engineer,,,空中压制敌方工程,0,0.0,none,0,0,True,True,False,legal wait: no active movement route,0.0,0.0,0.0
176,tarsgo-hero,tarsgo-rmuc-2026-region,hero,8667.361,14274.571,zone:supply:red,2006.0,13050.0,前往补给区,1,6772.983,active,0,0,True,True,False,moving,0.0,0.017,634.254
176,tarsgo-engineer,tarsgo-rmuc-2026-region,engineer,9232.0,12550.0,zone:assembly:red,,,装配科技核心,0,0.0,none,0,0,True,True,False,legal wait: no active movement route,0.0,0.083,0.0
176,tarsgo-infantry-1,tarsgo-rmuc-2026-region,infantry,9641.109,13861.581,robot:opponent-infantry-2,21106.125,6931.99,追击敌方步兵,5,16844.225,active,0,0,True,True,False,moving,0.0,0.217,605.931
176,tarsgo-infantry-2,tarsgo-rmuc-2026-region,infantry,9932.0,12550.0,support:tarsgo-engineer,,,保护工程,0,0.0,none,0,0,True,True,False,legal wait: no active movement route,0.0,0.217,859.152
176,tarsgo-sentry,tarsgo-rmuc-2026-region,sentry,22241.062,5147.133,robot:opponent-infantry-1,22040.841,7588.306,追击敌方步兵,1,2449.37,active,0,0,True,True,False,moving,0.0,0.017,1872.034
176,tarsgo-drone,tarsgo-rmuc-2026-region,drone,20351.616,3866.031,robot:opponent-engineer,,,空中压制敌方工程,0,0.0,none,0,0,True,True,False,legal wait: no active movement route,0.0,0.0,0.0
176,opponent-hero,opponent-rmuc-2026-region,hero,9081.456,619.07,,,,等待复活,0,0.0,none,0,0,False,False,False,dead/respawning,0.0,0.0,0.0
176,opponent-engineer,opponent-rmuc-2026-region,engineer,18768.0,2450.0,zone:assembly:blue,,,装配科技核心,0,0.0,none,0,0,True,True,False,legal wait: no active movement route,0.0,0.0,0.0
176,opponent-infantry-1,opponent-rmuc-2026-region,infantry,21616.0,8160.0,defense:blue-outpost,21616.0,8160.0,防守前哨站,0,0.0,none,0,0,True,True,False,legal wait: no active movement route,0.0,0.0,1757.267
176,opponent-infantry-2,opponent-rmuc-2026-region,infantry,21106.125,6931.99,defense:blue-outpost,,,防守前哨站,0,0.0,none,0,0,True,True,False,legal wait: no active movement route,0.0,1.783,0.0
176,opponent-sentry,opponent-rmuc-2026-region,sentry,21412.451,6708.081,defense:blue-outpost,,,防守前哨站,0,0.0,none,0,0,True,True,False,legal wait: no active movement route,0.0,0.0,0.0
176,opponent-drone,opponent-rmuc-2026-region,drone,8087.593,12757.94,robot:tarsgo-engineer,,,空中压制敌方工程,0,0.0,none,0,0,True,True,False,legal wait: no active movement route,0.0,0.0,0.0
177,tarsgo-hero,tarsgo-rmuc-2026-region,hero,6798.674,13931.046,zone:supply:red,2006.0,13050.0,前往补给区,1,4872.983,active,0,0,True,True,False,moving,0.0,0.017,1900.0
177,tarsgo-engineer,tarsgo-rmuc-2026-region,engineer,9232.0,12550.0,zone:assembly:red,,,装配科技核心,0,0.0,none,0,0,True,True,False,legal wait: no active movement route,0.0,0.083,0.0
177,tarsgo-infantry-1,tarsgo-rmuc-2026-region,infantry,11174.899,14500.0,robot:opponent-infantry-1,21616.0,8160.0,追击敌方步兵,2,14073.86,active,0,0,True,True,False,moving,0.0,0.217,1661.352
177,tarsgo-infantry-2,tarsgo-rmuc-2026-region,infantry,9932.0,12550.0,support:tarsgo-engineer,,,保护工程,0,0.0,none,0,0,True,True,False,legal wait: no active movement route,0.0,0.217,0.0
177,tarsgo-sentry,tarsgo-rmuc-2026-region,sentry,22085.749,7040.774,zone:supply:red,22040.841,7588.306,回撤补给,1,549.37,searching,1,1,True,True,False,moving,0.0,0.017,1900.0
177,tarsgo-drone,tarsgo-rmuc-2026-region,drone,20351.616,3866.031,robot:opponent-engineer,,,空中压制敌方工程,0,0.0,none,0,0,True,True,False,legal wait: no active movement route,0.0,0.0,0.0
177,opponent-hero,opponent-rmuc-2026-region,hero,9081.456,619.07,,,,等待复活,0,0.0,none,0,0,False,False,False,dead/respawning,0.0,0.0,0.0
177,opponent-engineer,opponent-rmuc-2026-region,engineer,18768.0,2450.0,zone:assembly:blue,,,装配科技核心,0,0.0,none,0,0,True,True,False,legal wait: no active movement route,0.0,0.0,0.0
177,opponent-infantry-1,opponent-rmuc-2026-region,infantry,21842.656,7854.997,zone:supply:blue,25724.0,2632.0,前往补给区,1,6507.267,active,0,0,True,True,False,moving,0.0,0.0,380.0
177,opponent-infantry-2,opponent-rmuc-2026-region,infantry,21106.125,6931.99,defense:blue-outpost,,,防守前哨站,0,0.0,none,0,0,True,True,False,legal wait: no active movement route,0.0,1.783,0.0
177,opponent-sentry,opponent-rmuc-2026-region,sentry,21412.451,6708.081,defense:blue-outpost,,,防守前哨站,0,0.0,none,0,0,True,True,False,legal wait: no active movement route,0.0,0.0,0.0
177,opponent-drone,opponent-rmuc-2026-region,drone,8087.593,12757.94,robot:tarsgo-sentry,,,空中压制残血目标,0,0.0,searching,1,1,True,True,False,waiting for path search,0.0,0.0,0.0
178,tarsgo-hero,tarsgo-rmuc-2026-region,hero,4929.987,13587.522,zone:supply:red,2006.0,13050.0,前往补给区,1,2972.983,active,0,0,True,True,False,moving,0.0,0.017,1900.0
178,tarsgo-engineer,tarsgo-rmuc-2026-region,engineer,9232.0,12550.0,zone:assembly:red,,,装配科技核心,0,0.0,none,0,0,True,True,False,legal wait: no active movement route,0.0,0.083,0.0
178,tarsgo-infantry-1,tarsgo-rmuc-2026-region,infantry,13074.899,14500.0,robot:opponent-infantry-1,21902.458,7819.93,追击敌方步兵,2,12612.463,active,0,0,True,True,False,moving,0.0,0.217,1900.0
178,tarsgo-infantry-2,tarsgo-rmuc-2026-region,infantry,9932.0,12550.0,support:tarsgo-engineer,,,保护工程,0,0.0,none,0,0,True,True,False,legal wait: no active movement route,0.0,0.217,0.0
178,tarsgo-sentry,tarsgo-rmuc-2026-region,sentry,22083.16,7072.335,,,,等待复活,0,0.0,none,0,0,False,False,False,dead/respawning,0.0,0.017,31.667
178,tarsgo-drone,tarsgo-rmuc-2026-region,drone,20351.616,3866.031,robot:opponent-engineer,,,空中压制敌方工程,0,0.0,none,0,0,True,True,False,legal wait: no active movement route,0.0,0.0,0.0
178,opponent-hero,opponent-rmuc-2026-region,hero,9081.456,619.07,,,,等待复活,0,0.0,none,0,0,False,False,False,dead/respawning,0.0,0.0,0.0
178,opponent-engineer,opponent-rmuc-2026-region,engineer,18768.0,2450.0,zone:assembly:blue,,,装配科技核心,0,0.0,none,0,0,True,True,False,legal wait: no active movement route,0.0,0.0,0.0
178,opponent-infantry-1,opponent-rmuc-2026-region,infantry,21977.582,7717.946,zone:supply:blue,25724.0,2632.0,前往补给区,1,6316.842,active,0,0,True,True,False,moving,0.0,0.0,192.323
178,opponent-infantry-2,opponent-rmuc-2026-region,infantry,21106.125,6931.99,defense:blue-outpost,,,防守前哨站,0,0.0,none,0,0,True,True,False,legal wait: no active movement route,0.0,1.783,0.0
178,opponent-sentry,opponent-rmuc-2026-region,sentry,21412.451,6708.081,defense:blue-outpost,,,防守前哨站,0,0.0,none,0,0,True,True,False,legal wait: no active movement route,0.0,0.0,0.0
178,opponent-drone,opponent-rmuc-2026-region,drone,8883.741,13384.831,robot:tarsgo-engineer,,,空中压制敌方工程,0,0.0,none,0,0,True,True,False,legal wait: no active movement route,0.0,0.0,1013.333
179,tarsgo-hero,tarsgo-rmuc-2026-region,hero,3559.616,13335.604,zone:supply:red,,,补充弹量,0,0.0,none,0,0,True,True,False,legal wait: no active movement route,0.0,0.017,1393.333
179,tarsgo-engineer,tarsgo-rmuc-2026-region,engineer,9232.0,12550.0,zone:assembly:red,,,装配科技核心,0,0.0,none,0,0,True,True,False,legal wait: no active movement route,0.0,0.083,0.0
179,tarsgo-infantry-1,tarsgo-rmuc-2026-region,infantry,14974.899,14500.0,robot:opponent-infantry-2,21106.125,6931.99,追击敌方步兵,2,11144.225,active,0,0,True,True,False,moving,0.0,0.217,1900.0
179,tarsgo-infantry-2,tarsgo-rmuc-2026-region,infantry,9932.0,12550.0,support:tarsgo-engineer,,,保护工程,0,0.0,none,0,0,True,True,False,legal wait: no active movement route,0.0,0.217,0.0
179,tarsgo-sentry,tarsgo-rmuc-2026-region,sentry,22083.16,7072.335,,,,等待复活,0,0.0,none,0,0,False,False,False,dead/respawning,0.0,0.017,0.0
179,tarsgo-drone,tarsgo-rmuc-2026-region,drone,20351.616,3866.031,robot:opponent-engineer,,,空中压制敌方工程,0,0.0,none,0,0,True,True,False,legal wait: no active movement route,0.0,0.0,0.0
179,opponent-hero,opponent-rmuc-2026-region,hero,9081.456,619.07,,,,等待复活,0,0.0,none,0,0,False,False,False,dead/respawning,0.0,0.0,0.0
179,opponent-engineer,opponent-rmuc-2026-region,engineer,18768.0,2450.0,zone:assembly:blue,,,装配科技核心,0,0.0,none,0,0,True,True,False,legal wait: no active movement route,0.0,0.0,0.0
179,opponent-infantry-1,opponent-rmuc-2026-region,infantry,22245.465,7651.509,zone:supply:blue,25724.0,2632.0,前往补给区,1,6107.018,active,0,0,True,True,False,moving,0.0,0.0,275.999
179,opponent-infantry-2,opponent-rmuc-2026-region,infantry,21106.125,6931.99,defense:blue-outpost,,,防守前哨站,0,0.0,none,0,0,True,True,False,legal wait: no active movement route,0.0,1.783,0.0
179,opponent-sentry,opponent-rmuc-2026-region,sentry,21412.451,6708.081,defense:blue-outpost,,,防守前哨站,0,0.0,none,0,0,True,True,False,legal wait: no active movement route,0.0,0.0,0.0
179,opponent-drone,opponent-rmuc-2026-region,drone,8883.741,13384.831,robot:tarsgo-engineer,,,空中压制敌方工程,0,0.0,none,0,0,True,True,False,legal wait: no active movement route,0.0,0.0,0.0
180,tarsgo-hero,tarsgo-rmuc-2026-region,hero,3559.616,13335.604,structure:blue-outpost,,,进攻前哨站,0,0.0,searching,2,2,True,True,False,waiting for path search,0.0,0.017,0.0
180,tarsgo-engineer,tarsgo-rmuc-2026-region,engineer,9232.0,12550.0,zone:assembly:red,,,装配科技核心,0,0.0,none,0,0,True,True,False,legal wait: no active movement route,0.0,0.083,0.0
180,tarsgo-infantry-1,tarsgo-rmuc-2026-region,infantry,16874.899,14500.0,robot:opponent-infantry-2,21106.125,6931.99,追击敌方步兵,2,9244.225,active,0,0,True,True,False,moving,0.0,0.217,1900.0
180,tarsgo-infantry-2,tarsgo-rmuc-2026-region,infantry,9932.0,12550.0,support:tarsgo-engineer,,,保护工程,0,0.0,none,0,0,True,True,False,legal wait: no active movement route,0.0,0.217,0.0
180,tarsgo-sentry,tarsgo-rmuc-2026-region,sentry,22083.16,7072.335,,,,等待复活,0,0.0,none,0,0,False,False,False,dead/respawning,0.0,0.017,0.0
180,tarsgo-drone,tarsgo-rmuc-2026-region,drone,20351.616,3866.031,robot:opponent-engineer,,,空中压制敌方工程,0,0.0,none,0,0,True,True,False,legal wait: no active movement route,0.0,0.0,0.0
180,opponent-hero,opponent-rmuc-2026-region,hero,9081.456,619.07,,,,等待复活,0,0.0,none,0,0,False,False,False,dead/respawning,0.0,0.0,0.0
180,opponent-engineer,opponent-rmuc-2026-region,engineer,18768.0,2450.0,zone:assembly:blue,,,装配科技核心,0,0.0,none,0,0,True,True,False,legal wait: no active movement route,0.0,0.0,0.0
180,opponent-infantry-1,opponent-rmuc-2026-region,infantry,23327.698,6089.852,zone:supply:blue,25724.0,2632.0,前往补给区,1,4207.018,active,0,0,True,True,False,moving,0.0,0.0,1900.0
180,opponent-infantry-2,opponent-rmuc-2026-region,infantry,21106.125,6931.99,defense:blue-outpost,,,防守前哨站,0,0.0,none,0,0,True,True,False,legal wait: no active movement route,0.0,1.783,0.0
180,opponent-sentry,opponent-rmuc-2026-region,sentry,21412.451,6708.081,defense:blue-outpost,,,防守前哨站,0,0.0,none,0,0,True,True,False,legal wait: no active movement route,0.0,0.0,0.0
180,opponent-drone,opponent-rmuc-2026-region,drone,8883.741,13384.831,robot:tarsgo-engineer,,,空中压制敌方工程,0,0.0,none,0,0,True,True,False,legal wait: no active movement route,0.0,0.0,0.0
181,tarsgo-hero,tarsgo-rmuc-2026-region,hero,5214.817,13613.299,structure:blue-outpost,21400.0,7500.0,进攻前哨站,3,20390.667,active,0,0,True,True,False,moving,0.0,0.017,1678.333
181,tarsgo-engineer,tarsgo-rmuc-2026-region,engineer,9232.0,12550.0,zone:assembly:red,,,装配科技核心,0,0.0,none,0,0,True,True,False,legal wait: no active movement route,0.0,0.083,0.0
181,tarsgo-infantry-1,tarsgo-rmuc-2026-region,infantry,18241.282,13694.41,robot:opponent-infantry-2,21106.125,6931.99,追击敌方步兵,1,7344.225,active,0,0,True,True,False,moving,0.0,0.217,1586.183
181,tarsgo-infantry-2,tarsgo-rmuc-2026-region,infantry,9932.0,12550.0,support:tarsgo-engineer,,,保护工程,0,0.0,none,0,0,True,True,False,legal wait: no active movement route,0.0,0.217,0.0
181,tarsgo-sentry,tarsgo-rmuc-2026-region,sentry,22083.16,7072.335,,,,等待复活,0,0.0,none,0,0,False,False,False,dead/respawning,0.0,0.017,0.0
181,tarsgo-drone,tarsgo-rmuc-2026-region,drone,20351.616,3866.031,robot:opponent-engineer,,,空中压制敌方工程,0,0.0,none,0,0,True,True,False,legal wait: no active movement route,0.0,0.0,0.0
181,opponent-hero,opponent-rmuc-2026-region,hero,9081.456,619.07,,,,等待复活,0,0.0,none,0,0,False,False,False,dead/respawning,0.0,0.0,0.0
181,opponent-engineer,opponent-rmuc-2026-region,engineer,18768.0,2450.0,zone:assembly:blue,,,装配科技核心,0,0.0,none,0,0,True,True,False,legal wait: no active movement route,0.0,0.0,0.0
181,opponent-infantry-1,opponent-rmuc-2026-region,infantry,24409.931,4528.195,zone:supply:blue,25724.0,2632.0,前往补给区,1,2307.018,active,0,0,True,True,False,moving,0.0,0.0,1900.0
181,opponent-infantry-2,opponent-rmuc-2026-region,infantry,21106.125,6931.99,defense:blue-outpost,,,防守前哨站,0,0.0,none,0,0,True,True,False,legal wait: no active movement route,0.0,1.783,0.0
181,opponent-sentry,opponent-rmuc-2026-region,sentry,21412.451,6708.081,defense:blue-outpost,,,防守前哨站,0,0.0,none,0,0,True,True,False,legal wait: no active movement route,0.0,0.0,0.0
181,opponent-drone,opponent-rmuc-2026-region,drone,8883.741,13384.831,robot:tarsgo-engineer,,,空中压制敌方工程,0,0.0,none,0,0,True,True,False,legal wait: no active movement route,0.0,0.0,0.0
182,tarsgo-hero,tarsgo-rmuc-2026-region,hero,7088.629,13927.671,structure:blue-outpost,21400.0,7500.0,进攻前哨站,3,18490.667,active,0,0,True,True,False,moving,0.0,0.017,1900.0
182,tarsgo-engineer,tarsgo-rmuc-2026-region,engineer,9232.0,12550.0,zone:assembly:red,,,装配科技核心,0,0.0,none,0,0,True,True,False,legal wait: no active movement route,0.0,0.083,0.0
182,tarsgo-infantry-1,tarsgo-rmuc-2026-region,infantry,18982.436,11944.927,robot:opponent-infantry-2,21106.125,6931.99,追击敌方步兵,1,5444.225,active,0,0,True,True,False,moving,0.0,0.217,1900.0
182,tarsgo-infantry-2,tarsgo-rmuc-2026-region,infantry,9932.0,12550.0,support:tarsgo-engineer,,,保护工程,0,0.0,none,0,0,True,True,False,legal wait: no active movement route,0.0,0.217,0.0
182,tarsgo-sentry,tarsgo-rmuc-2026-region,sentry,22083.16,7072.335,,,,等待复活,0,0.0,none,0,0,False,False,False,dead/respawning,0.0,0.017,0.0
182,tarsgo-drone,tarsgo-rmuc-2026-region,drone,20351.616,3866.031,robot:opponent-engineer,,,空中压制敌方工程,0,0.0,none,0,0,True,True,False,legal wait: no active movement route,0.0,0.0,0.0
182,opponent-hero,opponent-rmuc-2026-region,hero,9081.456,619.07,,,,等待复活,0,0.0,none,0,0,False,False,False,dead/respawning,0.0,0.0,0.0
182,opponent-engineer,opponent-rmuc-2026-region,engineer,18768.0,2450.0,zone:assembly:blue,,,装配科技核心,0,0.0,none,0,0,True,True,False,legal wait: no active movement route,0.0,0.0,0.0
182,opponent-infantry-1,opponent-rmuc-2026-region,infantry,25492.164,2966.538,zone:supply:blue,25724.0,2632.0,前往补给区,1,407.018,active,0,0,True,True,False,moving,0.0,0.0,1900.0
182,opponent-infantry-2,opponent-rmuc-2026-region,infantry,21106.125,6931.99,defense:blue-outpost,,,防守前哨站,0,0.0,none,0,0,True,True,False,legal wait: no active movement route,0.0,1.783,0.0
182,opponent-sentry,opponent-rmuc-2026-region,sentry,21412.451,6708.081,defense:blue-outpost,,,防守前哨站,0,0.0,none,0,0,True,True,False,legal wait: no active movement route,0.0,0.0,0.0
182,opponent-drone,opponent-rmuc-2026-region,drone,8883.741,13384.831,robot:tarsgo-engineer,,,空中压制敌方工程,0,0.0,none,0,0,True,True,False,legal wait: no active movement route,0.0,0.0,0.0
183,tarsgo-hero,tarsgo-rmuc-2026-region,hero,8962.44,14242.042,structure:blue-outpost,21400.0,7500.0,进攻前哨站,3,16590.667,active,0,0,True,True,False,moving,0.0,0.017,1900.0
183,tarsgo-engineer,tarsgo-rmuc-2026-region,engineer,9232.0,12550.0,zone:assembly:red,,,装配科技核心,0,0.0,none,0,0,True,True,False,legal wait: no active movement route,0.0,0.083,0.0
183,tarsgo-infantry-1,tarsgo-rmuc-2026-region,infantry,19723.59,10195.444,robot:opponent-infantry-2,21106.125,6931.99,追击敌方步兵,1,3544.225,active,0,0,True,True,False,moving,0.0,0.217,1900.0
183,tarsgo-infantry-2,tarsgo-rmuc-2026-region,infantry,9932.0,12550.0,support:tarsgo-engineer,,,保护工程,0,0.0,none,0,0,True,True,False,legal wait: no active movement route,0.0,0.217,0.0
183,tarsgo-sentry,tarsgo-rmuc-2026-region,sentry,22083.16,7072.335,,,,等待复活,0,0.0,none,0,0,False,False,False,dead/respawning,0.0,0.017,0.0
183,tarsgo-drone,tarsgo-rmuc-2026-region,drone,20351.616,3866.031,robot:opponent-engineer,,,空中压制敌方工程,0,0.0,none,0,0,True,True,False,legal wait: no active movement route,0.0,0.0,0.0
183,opponent-hero,opponent-rmuc-2026-region,hero,9081.456,619.07,,,,等待复活,0,0.0,none,0,0,False,False,False,dead/respawning,0.0,0.0,0.0
183,opponent-engineer,opponent-rmuc-2026-region,engineer,18768.0,2450.0,zone:assembly:blue,,,装配科技核心,0,0.0,none,0,0,True,True,False,legal wait: no active movement route,0.0,0.0,0.0
183,opponent-infantry-1,opponent-rmuc-2026-region,infantry,25319.141,3193.103,defense:blue-outpost,21616.0,8160.0,防守前哨站,1,6195.428,active,0,0,True,True,False,moving,0.0,0.0,285.076
183,opponent-infantry-2,opponent-rmuc-2026-region,infantry,21106.125,6931.99,defense:blue-outpost,,,防守前哨站,0,0.0,none,0,0,True,True,False,legal wait: no active movement route,0.0,1.783,0.0
183,opponent-sentry,opponent-rmuc-2026-region,sentry,21412.451,6708.081,defense:blue-outpost,,,防守前哨站,0,0.0,none,0,0,True,True,False,legal wait: no active movement route,0.0,0.0,0.0
183,opponent-drone,opponent-rmuc-2026-region,drone,8883.741,13384.831,robot:tarsgo-engineer,,,空中压制敌方工程,0,0.0,none,0,0,True,True,False,legal wait: no active movement route,0.0,0.0,0.0
184,tarsgo-hero,tarsgo-rmuc-2026-region,hero,10840.952,14500.0,structure:blue-outpost,21400.0,7500.0,进攻前哨站,2,14690.667,active,0,0,True,True,False,moving,0.0,0.017,1896.14
184,tarsgo-engineer,tarsgo-rmuc-2026-region,engineer,9232.0,12550.0,zone:assembly:red,,,装配科技核心,0,0.0,none,0,0,True,True,False,legal wait: no active movement route,0.0,0.083,0.0
184,tarsgo-infantry-1,tarsgo-rmuc-2026-region,infantry,19933.583,9699.757,robot:opponent-infantry-2,21106.125,6931.99,追击敌方步兵,1,3005.892,active,0,0,True,False,False,movement permission or chassis power lock,0.0,0.217,538.333
184,tarsgo-infantry-2,tarsgo-rmuc-2026-region,infantry,9932.0,12550.0,support:tarsgo-engineer,,,保护工程,0,0.0,none,0,0,True,True,False,legal wait: no active movement route,0.0,0.217,0.0
184,tarsgo-sentry,tarsgo-rmuc-2026-region,sentry,22083.16,7072.335,,,,等待复活,0,0.0,none,0,0,False,False,False,dead/respawning,0.0,0.017,0.0
184,tarsgo-drone,tarsgo-rmuc-2026-region,drone,20351.616,3866.031,robot:opponent-engineer,,,空中压制敌方工程,0,0.0,none,0,0,True,True,False,legal wait: no active movement route,0.0,0.0,0.0
184,opponent-hero,opponent-rmuc-2026-region,hero,9081.456,619.07,,,,等待复活,0,0.0,none,0,0,False,False,False,dead/respawning,0.0,0.0,0.0
184,opponent-engineer,opponent-rmuc-2026-region,engineer,18768.0,2450.0,zone:assembly:blue,,,装配科技核心,0,0.0,none,0,0,True,True,False,legal wait: no active movement route,0.0,0.0,0.0
184,opponent-infantry-1,opponent-rmuc-2026-region,infantry,24183.47,4716.34,defense:blue-outpost,21616.0,8160.0,防守前哨站,1,4295.428,active,0,0,True,True,False,moving,0.0,0.0,1900.0
184,opponent-infantry-2,opponent-rmuc-2026-region,infantry,21106.125,6931.99,defense:blue-outpost,,,防守前哨站,0,0.0,none,0,0,True,True,False,legal wait: no active movement route,0.0,1.783,0.0
184,opponent-sentry,opponent-rmuc-2026-region,sentry,21412.451,6708.081,defense:blue-outpost,,,防守前哨站,0,0.0,none,0,0,True,True,False,legal wait: no active movement route,0.0,0.0,0.0
184,opponent-drone,opponent-rmuc-2026-region,drone,8883.741,13384.831,robot:tarsgo-engineer,,,空中压制敌方工程,0,0.0,none,0,0,True,True,False,legal wait: no active movement route,0.0,0.0,0.0
185,tarsgo-hero,tarsgo-rmuc-2026-region,hero,12740.952,14500.0,structure:blue-outpost,21400.0,7500.0,进攻前哨站,2,12790.667,active,0,0,True,True,False,moving,0.0,0.017,1900.0
185,tarsgo-engineer,tarsgo-rmuc-2026-region,engineer,9232.0,12550.0,zone:assembly:red,,,装配科技核心,0,0.0,none,0,0,True,True,False,legal wait: no active movement route,0.0,0.083,0.0
185,tarsgo-infantry-1,tarsgo-rmuc-2026-region,infantry,19933.583,9699.757,robot:opponent-infantry-2,21106.125,6931.99,追击敌方步兵,1,3005.892,active,0,0,True,False,False,movement permission or chassis power lock,0.0,0.217,0.0
185,tarsgo-infantry-2,tarsgo-rmuc-2026-region,infantry,9932.0,12550.0,support:tarsgo-engineer,,,保护工程,0,0.0,none,0,0,True,True,False,legal wait: no active movement route,0.0,0.217,0.0
185,tarsgo-sentry,tarsgo-rmuc-2026-region,sentry,22083.16,7072.335,,,,等待复活,0,0.0,none,0,0,False,False,False,dead/respawning,0.0,0.017,0.0
185,tarsgo-drone,tarsgo-rmuc-2026-region,drone,20351.616,3866.031,robot:opponent-engineer,,,空中压制敌方工程,0,0.0,none,0,0,True,True,False,legal wait: no active movement route,0.0,0.0,0.0
185,opponent-hero,opponent-rmuc-2026-region,hero,9081.456,619.07,,,,等待复活,0,0.0,none,0,0,False,False,False,dead/respawning,0.0,0.0,0.0
185,opponent-engineer,opponent-rmuc-2026-region,engineer,18768.0,2450.0,zone:assembly:blue,,,装配科技核心,0,0.0,none,0,0,True,True,False,legal wait: no active movement route,0.0,0.0,0.0
185,opponent-infantry-1,opponent-rmuc-2026-region,infantry,23047.799,6239.577,defense:blue-outpost,21616.0,8160.0,防守前哨站,1,2395.428,active,0,0,True,True,False,moving,0.0,0.0,1900.0
185,opponent-infantry-2,opponent-rmuc-2026-region,infantry,21106.125,6931.99,defense:blue-outpost,,,防守前哨站,0,0.0,none,0,0,True,True,False,legal wait: no active movement route,0.0,1.783,0.0
185,opponent-sentry,opponent-rmuc-2026-region,sentry,21412.451,6708.081,defense:blue-outpost,,,防守前哨站,0,0.0,none,0,0,True,True,False,legal wait: no active movement route,0.0,0.0,0.0
185,opponent-drone,opponent-rmuc-2026-region,drone,8883.741,13384.831,robot:tarsgo-engineer,,,空中压制敌方工程,0,0.0,none,0,0,True,True,False,legal wait: no active movement route,0.0,0.0,0.0
186,tarsgo-hero,tarsgo-rmuc-2026-region,hero,14640.952,14500.0,structure:blue-outpost,21400.0,7500.0,进攻前哨站,2,10890.667,active,0,0,True,True,False,moving,0.0,0.017,1900.0
186,tarsgo-engineer,tarsgo-rmuc-2026-region,engineer,8379.917,12620.56,zone:supply:red,3194.0,13050.0,后方待命,1,5203.667,active,0,0,True,True,False,moving,0.0,0.083,855.0
186,tarsgo-infantry-1,tarsgo-rmuc-2026-region,infantry,19933.583,9699.757,robot:opponent-infantry-2,21106.125,6931.99,追击敌方步兵,1,3005.892,active,0,0,True,False,False,movement permission or chassis power lock,0.0,0.217,0.0
186,tarsgo-infantry-2,tarsgo-rmuc-2026-region,infantry,10021.698,13591.143,robot:opponent-infantry-1,22631.386,6798.097,追击敌方步兵,3,17751.323,active,0,0,True,True,False,moving,0.0,0.217,1045.0
186,tarsgo-sentry,tarsgo-rmuc-2026-region,sentry,22083.16,7072.335,,,,等待复活,0,0.0,none,0,0,False,False,False,dead/respawning,0.0,0.017,0.0
186,tarsgo-drone,tarsgo-rmuc-2026-region,drone,20351.616,3866.031,robot:opponent-engineer,,,空中压制敌方工程,0,0.0,none,0,0,True,True,False,legal wait: no active movement route,0.0,0.0,0.0
186,opponent-hero,opponent-rmuc-2026-region,hero,9081.456,619.07,,,,等待复活,0,0.0,none,0,0,False,False,False,dead/respawning,0.0,0.0,0.0
186,opponent-engineer,opponent-rmuc-2026-region,engineer,18768.0,2450.0,zone:assembly:blue,,,装配科技核心,0,0.0,none,0,0,True,True,False,legal wait: no active movement route,0.0,0.0,0.0
186,opponent-infantry-1,opponent-rmuc-2026-region,infantry,23246.091,7218.269,defense:blue-outpost,21616.0,8160.0,防守前哨站,1,1882.566,active,0,0,True,True,False,moving,0.0,0.0,998.578
186,opponent-infantry-2,opponent-rmuc-2026-region,infantry,21106.125,6931.99,defense:blue-outpost,,,防守前哨站,0,0.0,none,0,0,True,True,False,legal wait: no active movement route,0.0,1.783,0.0
186,opponent-sentry,opponent-rmuc-2026-region,sentry,21412.451,6708.081,defense:blue-outpost,,,防守前哨站,0,0.0,none,0,0,True,True,False,legal wait: no active movement route,0.0,0.0,0.0
186,opponent-drone,opponent-rmuc-2026-region,drone,8883.741,13384.831,robot:tarsgo-engineer,,,空中压制敌方工程,0,0.0,none,0,0,True,True,False,legal wait: no active movement route,0.0,0.0,0.0
187,tarsgo-hero,tarsgo-rmuc-2026-region,hero,16540.952,14500.0,structure:blue-outpost,21400.0,7500.0,进攻前哨站,2,8990.667,active,0,0,True,True,False,moving,0.0,0.017,1900.0
187,tarsgo-engineer,tarsgo-rmuc-2026-region,engineer,6486.398,12777.36,zone:supply:red,3194.0,13050.0,后方待命,1,3303.667,active,0,0,True,True,False,moving,0.0,0.083,1900.0
187,tarsgo-infantry-1,tarsgo-rmuc-2026-region,infantry,19933.583,9699.757,robot:opponent-infantry-2,21106.125,6931.99,追击敌方步兵,1,3005.892,active,0,0,True,False,False,movement permission or chassis power lock,0.0,0.217,0.0
187,tarsgo-infantry-2,tarsgo-rmuc-2026-region,infantry,11087.776,14500.0,robot:opponent-infantry-1,21820.262,8041.994,追击敌方步兵,2,14366.976,active,0,0,True,True,False,moving,0.0,0.217,1400.908
187,tarsgo-sentry,tarsgo-rmuc-2026-region,sentry,22083.16,7072.335,,,,等待复活,0,0.0,none,0,0,False,False,False,dead/respawning,0.0,0.017,0.0
187,tarsgo-drone,tarsgo-rmuc-2026-region,drone,20351.616,3866.031,robot:opponent-engineer,,,空中压制敌方工程,0,0.0,none,0,0,True,True,False,legal wait: no active movement route,0.0,0.0,0.0
187,opponent-hero,opponent-rmuc-2026-region,hero,9081.456,619.07,,,,等待复活,0,0.0,none,0,0,False,False,False,dead/respawning,0.0,0.0,0.0
187,opponent-engineer,opponent-rmuc-2026-region,engineer,18768.0,2450.0,zone:assembly:blue,,,装配科技核心,0,0.0,none,0,0,True,True,False,legal wait: no active movement route,0.0,0.0,0.0
187,opponent-infantry-1,opponent-rmuc-2026-region,infantry,21616.0,8160.0,defense:blue-outpost,21616.0,8160.0,防守前哨站,0,0.0,none,0,0,True,True,False,legal wait: no active movement route,0.0,0.0,1882.566
187,opponent-infantry-2,opponent-rmuc-2026-region,infantry,21106.125,6931.99,defense:blue-outpost,,,防守前哨站,0,0.0,none,0,0,True,True,False,legal wait: no active movement route,0.0,1.783,0.0
187,opponent-sentry,opponent-rmuc-2026-region,sentry,21412.451,6708.081,defense:blue-outpost,,,防守前哨站,0,0.0,none,0,0,True,True,False,legal wait: no active movement route,0.0,0.0,0.0
187,opponent-drone,opponent-rmuc-2026-region,drone,8883.741,13384.831,robot:tarsgo-engineer,,,空中压制敌方工程,0,0.0,none,0,0,True,True,False,legal wait: no active movement route,0.0,0.0,0.0
188,tarsgo-hero,tarsgo-rmuc-2026-region,hero,18115.484,14003.819,structure:blue-outpost,21400.0,7500.0,进攻前哨站,1,7090.667,active,0,0,True,True,False,moving,0.0,0.017,1650.863
188,tarsgo-engineer,tarsgo-rmuc-2026-region,engineer,4592.879,12934.16,zone:supply:red,3194.0,13050.0,后方待命,1,1403.667,active,0,0,True,True,False,moving,0.0,0.083,1900.0
188,tarsgo-infantry-1,tarsgo-rmuc-2026-region,infantry,19933.583,9699.757,robot:opponent-infantry-2,21106.125,6931.99,追击敌方步兵,1,3005.892,active,0,0,True,False,False,movement permission or chassis power lock,0.0,0.217,0.0
188,tarsgo-infantry-2,tarsgo-rmuc-2026-region,infantry,12987.776,14500.0,robot:opponent-infantry-1,21616.0,8160.0,追击敌方步兵,2,12260.982,active,0,0,True,True,False,moving,0.0,0.217,1900.0
188,tarsgo-sentry,tarsgo-rmuc-2026-region,sentry,22083.16,7072.335,,,,等待复活,0,0.0,none,0,0,False,False,False,dead/respawning,0.0,0.017,0.0
188,tarsgo-drone,tarsgo-rmuc-2026-region,drone,20351.616,3866.031,robot:opponent-engineer,,,空中压制敌方工程,0,0.0,none,0,0,True,True,False,legal wait: no active movement route,0.0,0.0,0.0
188,opponent-hero,opponent-rmuc-2026-region,hero,9081.456,619.07,,,,等待复活,0,0.0,none,0,0,False,False,False,dead/respawning,0.0,0.0,0.0
188,opponent-engineer,opponent-rmuc-2026-region,engineer,18768.0,2450.0,zone:assembly:blue,,,装配科技核心,0,0.0,none,0,0,True,True,False,legal wait: no active movement route,0.0,0.0,0.0
188,opponent-infantry-1,opponent-rmuc-2026-region,infantry,21616.0,8160.0,defense:blue-outpost,,,防守前哨站,0,0.0,none,0,0,True,True,False,legal wait: no active movement route,0.0,0.0,0.0
188,opponent-infantry-2,opponent-rmuc-2026-region,infantry,21106.125,6931.99,defense:blue-outpost,,,防守前哨站,0,0.0,none,0,0,True,True,False,legal wait: no active movement route,0.0,1.783,0.0
188,opponent-sentry,opponent-rmuc-2026-region,sentry,21412.451,6708.081,defense:blue-outpost,,,防守前哨站,0,0.0,none,0,0,True,True,False,legal wait: no active movement route,0.0,0.0,0.0
188,opponent-drone,opponent-rmuc-2026-region,drone,7914.48,13229.259,robot:tarsgo-engineer,5571.197,12853.147,空中压制敌方工程,1,2373.276,active,0,0,True,True,False,moving,0.0,0.0,981.667
189,tarsgo-hero,tarsgo-rmuc-2026-region,hero,18872.335,12261.07,structure:blue-outpost,21400.0,7500.0,进攻前哨站,1,5190.667,active,0,0,True,True,False,moving,0.0,0.017,1900.0
189,tarsgo-engineer,tarsgo-rmuc-2026-region,engineer,3194.0,13050.0,zone:supply:red,3194.0,13050.0,后方待命,0,0.0,none,0,0,True,True,False,legal wait: no active movement route,0.0,0.083,1403.667
189,tarsgo-infantry-1,tarsgo-rmuc-2026-region,infantry,20452.391,8475.119,robot:opponent-infantry-2,21106.125,6931.99,追击敌方步兵,1,1675.892,active,0,0,True,True,False,moving,0.0,0.217,1330.0
189,tarsgo-infantry-2,tarsgo-rmuc-2026-region,infantry,14887.776,14500.0,robot:opponent-infantry-1,21616.0,8160.0,追击敌方步兵,2,10360.982,active,0,0,True,True,False,moving,0.0,0.217,1900.0
189,tarsgo-sentry,tarsgo-rmuc-2026-region,sentry,22083.16,7072.335,,,,等待复活,0,0.0,none,0,0,False,False,False,dead/respawning,0.0,0.017,0.0
189,tarsgo-drone,tarsgo-rmuc-2026-region,drone,20351.616,3866.031,robot:opponent-engineer,,,空中压制敌方工程,0,0.0,none,0,0,True,True,False,legal wait: no active movement route,0.0,0.0,0.0
189,opponent-hero,opponent-rmuc-2026-region,hero,9081.456,619.07,,,,等待复活,0,0.0,none,0,0,False,False,False,dead/respawning,0.0,0.0,0.0
189,opponent-engineer,opponent-rmuc-2026-region,engineer,18768.0,2450.0,zone:assembly:blue,,,装配科技核心,0,0.0,none,0,0,True,True,False,legal wait: no active movement route,0.0,0.0,0.0
189,opponent-infantry-1,opponent-rmuc-2026-region,infantry,21616.0,8160.0,defense:blue-outpost,,,防守前哨站,0,0.0,none,0,0,True,True,False,legal wait: no active movement route,0.0,0.0,0.0
189,opponent-infantry-2,opponent-rmuc-2026-region,infantry,20604.273,7001.677,zone:supply:blue,25076.0,1268.0,前往补给区,2,7873.479,active,0,0,True,True,False,moving,0.0,1.783,506.667
189,opponent-sentry,opponent-rmuc-2026-region,sentry,21412.451,6708.081,defense:blue-outpost,,,防守前哨站,0,0.0,none,0,0,True,True,False,legal wait: no active movement route,0.0,0.0,0.0
189,opponent-drone,opponent-rmuc-2026-region,drone,6022.362,13078.151,robot:tarsgo-engineer,3194.0,13050.0,空中压制敌方工程,1,2828.502,active,0,0,True,True,False,moving,0.0,0.0,1898.143
190,tarsgo-hero,tarsgo-rmuc-2026-region,hero,19629.187,10518.32,robot:opponent-hero,20940.0,7500.0,集火残血目标,1,3290.667,searching,1,1,True,True,False,moving,0.0,0.017,1900.0
190,tarsgo-engineer,tarsgo-rmuc-2026-region,engineer,3194.0,13050.0,zone:supply:red,,,后方待命,0,0.0,none,0,0,True,True,False,legal wait: no active movement route,0.0,0.083,0.0
190,tarsgo-infantry-1,tarsgo-rmuc-2026-region,infantry,20057.109,9408.177,zone:supply:red,2276.0,12368.0,回撤补给,3,21439.178,active,0,0,True,True,False,moving,0.0,0.217,1013.333
190,tarsgo-infantry-2,tarsgo-rmuc-2026-region,infantry,16597.776,14500.0,robot:opponent-hero,9081.456,619.07,集火残血目标,2,20416.025,active,0,0,True,True,False,moving,0.0,0.217,1710.0
190,tarsgo-sentry,tarsgo-rmuc-2026-region,sentry,22083.16,7072.335,,,,等待复活,0,0.0,none,0,0,False,False,False,dead/respawning,0.0,0.017,0.0
190,tarsgo-drone,tarsgo-rmuc-2026-region,drone,20351.616,3866.031,robot:opponent-engineer,,,空中压制敌方工程,0,0.0,none,0,0,True,True,False,legal wait: no active movement route,0.0,0.0,0.0
190,opponent-hero,opponent-rmuc-2026-region,hero,9081.456,619.07,,,,等待复活,0,0.0,none,0,0,True,True,False,legal wait: no active movement route,0.0,0.0,0.0
190,opponent-engineer,opponent-rmuc-2026-region,engineer,18768.0,2450.0,zone:assembly:blue,,,装配科技核心,0,0.0,none,0,0,True,True,False,legal wait: no active movement route,0.0,0.0,0.0
190,opponent-infantry-1,opponent-rmuc-2026-region,infantry,21616.0,8160.0,defense:blue-outpost,,,防守前哨站,0,0.0,none,0,0,True,True,False,legal wait: no active movement route,0.0,0.0,0.0
190,opponent-infantry-2,opponent-rmuc-2026-region,infantry,21252.453,5857.437,zone:supply:blue,25076.0,1268.0,前往补给区,1,5973.479,active,0,0,True,True,False,moving,0.0,1.783,1315.074
190,opponent-sentry,opponent-rmuc-2026-region,sentry,21412.451,6708.081,defense:blue-outpost,,,防守前哨站,0,0.0,none,0,0,True,True,False,legal wait: no active movement route,0.0,0.0,0.0
190,opponent-drone,opponent-rmuc-2026-region,drone,4808.977,13146.098,robot:tarsgo-infantry-1,20254.75,8941.648,空中压制残血目标,3,19292.04,active,0,0,True,True,False,moving,0.0,0.0,1215.286
191,tarsgo-hero,tarsgo-rmuc-2026-region,hero,19109.092,11402.721,structure:blue-outpost,9081.456,619.07,进攻前哨站,4,20443.638,searching,2,2,True,True,False,moving,0.0,0.017,1025.994
191,tarsgo-engineer,tarsgo-rmuc-2026-region,engineer,3194.0,13050.0,zone:supply:red,,,后方待命,0,0.0,none,0,0,True,True,False,legal wait: no active movement route,0.0,0.083,0.0
191,tarsgo-infantry-1,tarsgo-rmuc-2026-region,infantry,19340.66,11099.344,zone:supply:red,2276.0,12368.0,回撤补给,3,19602.511,active,0,0,True,True,False,moving,0.0,0.217,1836.667
191,tarsgo-infantry-2,tarsgo-rmuc-2026-region,infantry,14697.776,14500.0,robot:opponent-hero,9397.796,604.686,集火残血目标,2,18510.822,active,0,0,True,True,False,moving,0.0,0.217,1900.0
191,tarsgo-sentry,tarsgo-rmuc-2026-region,sentry,22083.16,7072.335,,,,等待复活,0,0.0,none,0,0,False,False,False,dead/respawning,0.0,0.017,0.0
191,tarsgo-drone,tarsgo-rmuc-2026-region,drone,19363.52,2509.392,robot:opponent-hero,9397.796,604.686,空中压制残血目标,3,11229.129,active,0,0,True,True,False,moving,0.0,0.0,1678.333
191,opponent-hero,opponent-rmuc-2026-region,hero,9397.796,604.686,zone:supply:blue,25994.0,1950.0,回撤补给,0,0.0,none,0,0,True,True,False,legal wait: no active movement route,0.0,0.0,316.667
191,opponent-engineer,opponent-rmuc-2026-region,engineer,19840.994,2361.147,zone:supply:blue,24806.0,1950.0,后方待命,1,4982.0,active,0,0,True,True,False,moving,0.0,0.0,1076.667
191,opponent-infantry-1,opponent-rmuc-2026-region,infantry,21616.0,8160.0,defense:blue-outpost,,,防守前哨站,0,0.0,none,0,0,True,True,False,legal wait: no active movement route,0.0,0.0,0.0
191,opponent-infantry-2,opponent-rmuc-2026-region,infantry,22468.618,4397.663,zone:supply:blue,25076.0,1268.0,前往补给区,1,4073.479,active,0,0,True,True,False,moving,0.0,1.783,1900.0
191,opponent-sentry,opponent-rmuc-2026-region,sentry,21412.451,6708.081,defense:blue-outpost,,,防守前哨站,0,0.0,none,0,0,True,True,False,legal wait: no active movement route,0.0,0.0,0.0
191,opponent-drone,opponent-rmuc-2026-region,drone,6131.857,13468.724,robot:tarsgo-infantry-1,19698.885,10253.76,空中压制残血目标,0,0.0,none,0,0,True,True,False,legal wait: no active movement route,0.0,0.0,1361.654
192,tarsgo-hero,tarsgo-rmuc-2026-region,hero,19438.311,10188.912,structure:blue-outpost,21400.0,7500.0,进攻前哨站,1,3079.824,active,0,0,True,True,False,moving,0.0,0.017,1257.663
192,tarsgo-engineer,tarsgo-rmuc-2026-region,engineer,3194.0,13050.0,zone:supply:red,,,后方待命,0,0.0,none,0,0,True,True,False,legal wait: no active movement route,0.0,0.083,0.0
192,tarsgo-infantry-1,tarsgo-rmuc-2026-region,infantry,19602.281,11623.893,zone:supply:red,2276.0,12368.0,回撤补给,3,19251.396,active,0,0,True,True,False,moving,0.0,0.217,586.172
192,tarsgo-infantry-2,tarsgo-rmuc-2026-region,infantry,13520.608,13577.561,robot:opponent-hero,9745.698,587.361,集火残血目标,2,14029.436,active,0,0,True,True,False,moving,0.0,0.217,1495.534
192,tarsgo-sentry,tarsgo-rmuc-2026-region,sentry,22083.16,7072.335,,,,等待复活,0,0.0,none,0,0,False,False,False,dead/respawning,0.0,0.017,0.0
192,tarsgo-drone,tarsgo-rmuc-2026-region,drone,18244.922,973.573,robot:opponent-hero,10220.111,563.736,空中压制残血目标,2,8266.023,active,0,0,True,True,False,moving,0.0,0.0,1900.0
192,opponent-hero,opponent-rmuc-2026-region,hero,10947.543,527.511,zone:supply:blue,25994.0,1950.0,回撤补给,3,16406.186,active,0,0,True,True,False,moving,0.0,0.0,1551.667
192,opponent-engineer,opponent-rmuc-2026-region,engineer,21734.513,2204.346,zone:supply:blue,24806.0,1950.0,后方待命,1,3082.0,active,0,0,True,True,False,moving,0.0,0.0,1900.0
192,opponent-infantry-1,opponent-rmuc-2026-region,infantry,21616.0,8160.0,defense:blue-outpost,,,防守前哨站,0,0.0,none,0,0,True,True,False,legal wait: no active movement route,0.0,0.0,0.0
192,opponent-infantry-2,opponent-rmuc-2026-region,infantry,23684.784,2937.888,zone:supply:blue,25076.0,1268.0,前往补给区,1,2173.479,active,0,0,True,True,False,moving,0.0,1.783,1900.0
192,opponent-sentry,opponent-rmuc-2026-region,sentry,21412.451,6708.081,defense:blue-outpost,,,防守前哨站,0,0.0,none,0,0,True,True,False,legal wait: no active movement route,0.0,0.0,0.0
192,opponent-drone,opponent-rmuc-2026-region,drone,7330.708,13765.342,robot:tarsgo-infantry-1,19370.208,11289.192,空中压制残血目标,3,14190.228,searching,1,1,True,True,False,moving,0.0,0.0,1235.0
193,tarsgo-hero,tarsgo-rmuc-2026-region,hero,19515.513,10050.675,zone:supply:red,20940.0,7500.0,前往补给区,1,2921.491,searching,1,1,True,False,False,movement permission or chassis power lock,0.0,0.017,158.333
193,tarsgo-engineer,tarsgo-rmuc-2026-region,engineer,3194.0,13050.0,zone:supply:red,,,后方待命,0,0.0,none,0,0,True,True,False,legal wait: no active movement route,0.0,0.083,0.0
193,tarsgo-infantry-1,tarsgo-rmuc-2026-region,infantry,18634.531,13258.965,zone:supply:red,2276.0,12368.0,回撤补给,3,17351.396,active,0,0,True,True,False,moving,0.0,0.217,1900.0
193,tarsgo-infantry-2,tarsgo-rmuc-2026-region,infantry,13201.102,11707.029,robot:opponent-hero,12593.525,500.0,集火残血目标,1,11223.487,active,0,0,True,True,False,moving,0.0,0.217,1897.623
193,tarsgo-sentry,tarsgo-rmuc-2026-region,sentry,22083.16,7072.335,,,,等待复活,0,0.0,none,0,0,False,False,False,dead/respawning,0.0,0.017,0.0
193,tarsgo-drone,tarsgo-rmuc-2026-region,drone,16585.873,500.739,robot:opponent-hero,11643.525,500.0,空中压制残血目标,1,4942.349,active,0,0,True,True,False,moving,0.0,0.0,1725.113
193,opponent-hero,opponent-rmuc-2026-region,hero,12846.858,500.0,zone:supply:blue,25994.0,1950.0,回撤补给,2,14506.186,active,0,0,True,True,False,moving,0.0,0.0,1899.515
193,opponent-engineer,opponent-rmuc-2026-region,engineer,23628.032,2047.546,zone:supply:blue,24806.0,1950.0,后方待命,1,1182.0,active,0,0,True,True,False,moving,0.0,0.0,1900.0
193,opponent-infantry-1,opponent-rmuc-2026-region,infantry,21185.09,8898.473,robot:tarsgo-infantry-1,19070.018,12523.183,集火残血目标,1,4196.672,active,0,0,True,True,False,moving,0.0,0.0,855.0
193,opponent-infantry-2,opponent-rmuc-2026-region,infantry,24272.598,2232.331,zone:supply:blue,,,补充弹量,0,0.0,none,0,0,True,True,False,legal wait: no active movement route,0.0,1.783,918.333
193,opponent-sentry,opponent-rmuc-2026-region,sentry,21412.451,6708.081,defense:blue-outpost,,,防守前哨站,0,0.0,none,0,0,True,True,False,legal wait: no active movement route,0.0,0.0,0.0
193,opponent-drone,opponent-rmuc-2026-region,drone,9181.583,14194.586,robot:tarsgo-infantry-1,18892.597,12822.946,空中压制残血目标,3,10702.114,active,0,0,True,True,False,moving,0.0,0.0,1899.997
194,tarsgo-hero,tarsgo-rmuc-2026-region,hero,19515.513,10050.675,zone:supply:red,2006.0,13050.0,前往补给区,3,20756.391,active,0,0,True,False,False,movement permission or chassis power lock,0.0,0.017,0.0
194,tarsgo-engineer,tarsgo-rmuc-2026-region,engineer,3194.0,13050.0,zone:supply:red,,,后方待命,0,0.0,none,0,0,True,True,False,legal wait: no active movement route,0.0,0.083,0.0
194,tarsgo-infantry-1,tarsgo-rmuc-2026-region,infantry,17442.117,14500.0,zone:supply:red,2276.0,12368.0,回撤补给,2,15451.396,active,0,0,True,True,False,moving,0.0,0.217,1721.051
194,tarsgo-infantry-2,tarsgo-rmuc-2026-region,infantry,13587.564,10802.243,robot:opponent-infantry-1,21212.932,8954.146,集火残血目标,2,12140.746,active,0,0,True,True,False,moving,0.0,0.217,983.865
194,tarsgo-sentry,tarsgo-rmuc-2026-region,sentry,22083.16,7072.335,,,,等待复活,0,0.0,none,0,0,False,False,False,dead/respawning,0.0,0.017,0.0
194,tarsgo-drone,tarsgo-rmuc-2026-region,drone,14939.207,500.401,robot:opponent-hero,,,空中压制残血目标,0,0.0,none,0,0,True,True,False,legal wait: no active movement route,0.0,0.0,1646.667
194,opponent-hero,opponent-rmuc-2026-region,hero,14746.858,500.0,zone:supply:blue,25994.0,1950.0,回撤补给,2,12606.186,active,0,0,True,True,False,moving,0.0,0.0,1900.0
194,opponent-engineer,opponent-rmuc-2026-region,engineer,23821.203,2062.503,zone:supply:blue,24806.0,1950.0,后方待命,1,991.203,active,0,0,True,True,False,moving,0.0,0.0,193.749
194,opponent-infantry-1,opponent-rmuc-2026-region,infantry,21635.972,8361.266,zone:supply:blue,25724.0,2632.0,前往补给区,1,7038.214,active,0,0,True,True,False,moving,0.0,0.0,701.346
194,opponent-infantry-2,opponent-rmuc-2026-region,infantry,23461.529,3442.309,defense:blue-outpost,21184.0,6840.0,防守前哨站,1,4090.409,active,0,0,True,True,False,moving,0.0,1.783,1456.667
194,opponent-sentry,opponent-rmuc-2026-region,sentry,21412.451,6708.081,defense:blue-outpost,,,防守前哨站,0,0.0,none,0,0,True,True,False,legal wait: no active movement route,0.0,0.0,0.0
194,opponent-drone,opponent-rmuc-2026-region,drone,10849.149,14500.0,robot:tarsgo-infantry-1,18166.785,14049.25,空中压制残血目标,2,7574.635,active,0,0,True,True,False,moving,0.0,0.0,1695.304
195,tarsgo-hero,tarsgo-rmuc-2026-region,hero,19515.513,10050.675,zone:supply:red,2006.0,13050.0,前往补给区,3,20756.391,active,0,0,True,False,False,movement permission or chassis power lock,0.0,0.017,0.0
195,tarsgo-engineer,tarsgo-rmuc-2026-region,engineer,3194.0,13050.0,zone:supply:red,,,后方待命,0,0.0,none,0,0,True,True,False,legal wait: no active movement route,0.0,0.083,0.0
195,tarsgo-infantry-1,tarsgo-rmuc-2026-region,infantry,15542.117,14500.0,zone:supply:red,2276.0,12368.0,回撤补给,2,13551.396,active,0,0,True,True,False,moving,0.0,0.217,1900.0
195,tarsgo-infantry-2,tarsgo-rmuc-2026-region,infantry,15029.923,12039.014,robot:opponent-infantry-1,22040.62,7794.163,集火残血目标,2,11661.892,active,0,0,True,True,False,moving,0.0,0.217,1900.0
195,tarsgo-sentry,tarsgo-rmuc-2026-region,sentry,22083.16,7072.335,,,,等待复活,0,0.0,none,0,0,False,False,False,dead/respawning,0.0,0.017,0.0
195,tarsgo-drone,tarsgo-rmuc-2026-region,drone,14939.207,500.401,robot:opponent-hero,,,空中压制残血目标,0,0.0,none,0,0,True,True,False,legal wait: no active movement route,0.0,0.0,0.0
195,opponent-hero,opponent-rmuc-2026-region,hero,16646.858,500.0,zone:supply:blue,25994.0,1950.0,回撤补给,2,10706.186,active,0,0,True,True,False,moving,0.0,0.0,1900.0
195,opponent-engineer,opponent-rmuc-2026-region,engineer,24806.0,1950.0,zone:supply:blue,,,后方待命,0,0.0,none,0,0,True,True,False,legal wait: no active movement route,0.0,0.0,991.203
195,opponent-infantry-1,opponent-rmuc-2026-region,infantry,22739.555,6814.623,zone:supply:blue,25724.0,2632.0,前往补给区,1,5138.214,active,0,0,True,True,False,moving,0.0,0.0,1900.0
195,opponent-infantry-2,opponent-rmuc-2026-region,infantry,22403.614,5020.54,defense:blue-outpost,21184.0,6840.0,防守前哨站,1,2190.409,active,0,0,True,True,False,moving,0.0,1.783,1900.0
195,opponent-sentry,opponent-rmuc-2026-region,sentry,21412.451,6708.081,defense:blue-outpost,,,防守前哨站,0,0.0,none,0,0,True,True,False,legal wait: no active movement route,0.0,0.0,0.0
195,opponent-drone,opponent-rmuc-2026-region,drone,12749.149,14500.0,robot:tarsgo-infantry-1,15573.784,14500.0,空中压制残血目标,1,2824.635,active,0,0,True,True,False,moving,0.0,0.0,1900.0
196,tarsgo-hero,tarsgo-rmuc-2026-region,hero,19515.513,10050.675,zone:supply:red,2006.0,13050.0,前往补给区,3,20756.391,active,0,0,True,False,False,movement permission or chassis power lock,0.0,0.017,0.0
196,tarsgo-engineer,tarsgo-rmuc-2026-region,engineer,3194.0,13050.0,zone:supply:red,,,后方待命,0,0.0,none,0,0,True,True,False,legal wait: no active movement route,0.0,0.083,0.0
196,tarsgo-infantry-1,tarsgo-rmuc-2026-region,infantry,14750.451,14500.0,,,,等待复活,0,0.0,none,0,0,False,False,False,dead/respawning,0.0,0.217,791.667
196,tarsgo-infantry-2,tarsgo-rmuc-2026-region,infantry,16472.282,13275.784,robot:opponent-infantry-1,23695.994,5474.199,集火残血目标,2,12607.252,active,0,0,True,True,False,moving,0.0,0.217,1900.0
196,tarsgo-sentry,tarsgo-rmuc-2026-region,sentry,22083.16,7072.335,,,,等待复活,0,0.0,none,0,0,False,False,False,dead/respawning,0.0,0.017,0.0
196,tarsgo-drone,tarsgo-rmuc-2026-region,drone,16142.54,500.2,robot:opponent-hero,17343.525,500.0,空中压制残血目标,1,1200.985,active,0,0,True,True,False,moving,0.0,0.0,1203.333
196,opponent-hero,opponent-rmuc-2026-region,hero,18546.858,500.0,zone:supply:blue,25994.0,1950.0,回撤补给,2,8806.186,active,0,0,True,True,False,moving,0.0,0.0,1900.0
196,opponent-engineer,opponent-rmuc-2026-region,engineer,24806.0,1950.0,zone:supply:blue,,,后方待命,0,0.0,none,0,0,True,True,False,legal wait: no active movement route,0.0,0.0,0.0
196,opponent-infantry-1,opponent-rmuc-2026-region,infantry,23843.138,5267.98,zone:supply:blue,25724.0,2632.0,前往补给区,1,3238.214,active,0,0,True,True,False,moving,0.0,0.0,1900.0
196,opponent-infantry-2,opponent-rmuc-2026-region,infantry,21454.218,6026.41,defense:blue-outpost,21184.0,6840.0,防守前哨站,2,1886.706,active,0,0,True,True,False,moving,0.0,1.783,1383.158
196,opponent-sentry,opponent-rmuc-2026-region,sentry,21412.451,6708.081,defense:blue-outpost,,,防守前哨站,0,0.0,none,0,0,True,True,False,legal wait: no active movement route,0.0,0.0,0.0
196,opponent-drone,opponent-rmuc-2026-region,drone,13635.816,14500.0,robot:tarsgo-engineer,3194.0,13050.0,空中压制敌方工程,2,10592.397,active,0,0,True,True,False,moving,0.0,0.0,886.667
197,tarsgo-hero,tarsgo-rmuc-2026-region,hero,19515.513,10050.675,zone:supply:red,2006.0,13050.0,前往补给区,3,20756.391,active,0,0,True,False,False,movement permission or chassis power lock,0.0,0.017,0.0
197,tarsgo-engineer,tarsgo-rmuc-2026-region,engineer,3194.0,13050.0,zone:supply:red,,,后方待命,0,0.0,none,0,0,True,True,False,legal wait: no active movement route,0.0,0.083,0.0
197,tarsgo-infantry-1,tarsgo-rmuc-2026-region,infantry,14750.451,14500.0,,,,等待复活,0,0.0,none,0,0,False,False,False,dead/respawning,0.0,0.217,0.0
197,tarsgo-infantry-2,tarsgo-rmuc-2026-region,infantry,17379.929,13310.353,robot:opponent-hero,19718.525,500.0,集火残血目标,2,14832.875,active,0,0,True,True,False,moving,0.0,0.217,908.305
197,tarsgo-sentry,tarsgo-rmuc-2026-region,sentry,22083.16,7072.335,,,,等待复活,0,0.0,none,0,0,False,False,False,dead/respawning,0.0,0.017,0.0
197,tarsgo-drone,tarsgo-rmuc-2026-region,drone,18042.54,500.06,robot:opponent-hero,20193.525,500.0,空中压制残血目标,1,2150.985,active,0,0,True,True,False,moving,0.0,0.0,1900.0
197,opponent-hero,opponent-rmuc-2026-region,hero,20446.858,500.0,zone:supply:blue,25994.0,1950.0,回撤补给,2,6906.186,active,0,0,True,True,False,moving,0.0,0.0,1900.0
197,opponent-engineer,opponent-rmuc-2026-region,engineer,24806.0,1950.0,zone:supply:blue,,,后方待命,0,0.0,none,0,0,True,True,False,legal wait: no active movement route,0.0,0.0,0.0
197,opponent-infantry-1,opponent-rmuc-2026-region,infantry,24946.721,3721.336,zone:supply:blue,25724.0,2632.0,前往补给区,1,1338.214,active,0,0,True,True,False,moving,0.0,0.0,1900.0
197,opponent-infantry-2,opponent-rmuc-2026-region,infantry,20870.826,6078.867,defense:blue-outpost,21184.0,6840.0,防守前哨站,2,1552.043,active,0,0,True,True,False,moving,0.0,1.783,585.746
197,opponent-sentry,opponent-rmuc-2026-region,sentry,21412.451,6708.081,defense:blue-outpost,,,防守前哨站,0,0.0,none,0,0,True,True,False,legal wait: no active movement route,0.0,0.0,0.0
197,opponent-drone,opponent-rmuc-2026-region,drone,11735.816,14500.0,robot:tarsgo-engineer,3194.0,13050.0,空中压制敌方工程,2,8692.397,active,0,0,True,True,False,moving,0.0,0.0,1900.0
198,tarsgo-hero,tarsgo-rmuc-2026-region,hero,18931.905,11658.003,zone:supply:red,2006.0,13050.0,前往补给区,3,19046.391,active,0,0,True,True,False,moving,0.0,0.017,1710.0
198,tarsgo-engineer,tarsgo-rmuc-2026-region,engineer,3194.0,13050.0,zone:supply:red,,,后方待命,0,0.0,none,0,0,True,True,False,legal wait: no active movement route,0.0,0.083,0.0
198,tarsgo-infantry-1,tarsgo-rmuc-2026-region,infantry,14750.451,14500.0,,,,等待复活,0,0.0,none,0,0,False,False,False,dead/respawning,0.0,0.217,0.0
198,tarsgo-infantry-2,tarsgo-rmuc-2026-region,infantry,17398.121,12582.247,robot:opponent-hero,21143.525,500.0,集火残血目标,2,15529.542,active,0,0,True,False,False,movement permission or chassis power lock,0.0,0.217,728.333
198,tarsgo-sentry,tarsgo-rmuc-2026-region,sentry,22083.16,7072.335,,,,等待复活,0,0.0,none,0,0,False,False,False,dead/respawning,0.0,0.017,0.0
198,tarsgo-drone,tarsgo-rmuc-2026-region,drone,19942.54,500.019,robot:opponent-hero,21618.525,500.0,空中压制残血目标,1,1675.985,active,0,0,True,True,False,moving,0.0,0.0,1900.0
198,opponent-hero,opponent-rmuc-2026-region,hero,22346.858,500.0,zone:supply:blue,25994.0,1950.0,回撤补给,2,5006.186,active,0,0,True,True,False,moving,0.0,0.0,1900.0
198,opponent-engineer,opponent-rmuc-2026-region,engineer,24806.0,1950.0,zone:supply:blue,,,后方待命,0,0.0,none,0,0,True,True,False,legal wait: no active movement route,0.0,0.0,0.0
198,opponent-infantry-1,opponent-rmuc-2026-region,infantry,25724.0,2632.0,zone:supply:blue,,,补充弹量,0,0.0,none,0,0,True,True,False,legal wait: no active movement route,0.0,0.0,1338.214
198,opponent-infantry-2,opponent-rmuc-2026-region,infantry,20453.143,6672.166,defense:blue-outpost,21184.0,6840.0,防守前哨站,2,1247.609,active,0,0,True,True,False,moving,0.0,1.783,725.577
198,opponent-sentry,opponent-rmuc-2026-region,sentry,21412.451,6708.081,defense:blue-outpost,,,防守前哨站,0,0.0,none,0,0,True,True,False,legal wait: no active movement route,0.0,0.0,0.0
198,opponent-drone,opponent-rmuc-2026-region,drone,9841.453,14445.715,robot:tarsgo-engineer,3194.0,13050.0,空中压制敌方工程,1,6792.397,active,0,0,True,True,False,moving,0.0,0.0,1895.14
199,tarsgo-hero,tarsgo-rmuc-2026-region,hero,18283.453,13443.923,zone:supply:red,2006.0,13050.0,前往补给区,3,17146.391,active,0,0,True,True,False,moving,0.0,0.017,1900.0
199,tarsgo-engineer,tarsgo-rmuc-2026-region,engineer,3194.0,13050.0,zone:supply:red,,,后方待命,0,0.0,none,0,0,True,True,False,legal wait: no active movement route,0.0,0.083,0.0
199,tarsgo-infantry-1,tarsgo-rmuc-2026-region,infantry,14750.451,14500.0,,,,等待复活,0,0.0,none,0,0,False,False,False,dead/respawning,0.0,0.217,0.0
199,tarsgo-infantry-2,tarsgo-rmuc-2026-region,infantry,17398.121,12582.247,robot:opponent-hero,23993.525,500.0,集火残血目标,2,18379.542,active,0,0,True,False,False,movement permission or chassis power lock,0.0,0.217,0.0
199,tarsgo-sentry,tarsgo-rmuc-2026-region,sentry,22083.16,7072.335,,,,等待复活,0,0.0,none,0,0,False,False,False,dead/respawning,0.0,0.017,0.0
199,tarsgo-drone,tarsgo-rmuc-2026-region,drone,21842.54,500.006,robot:opponent-hero,23043.525,500.0,空中压制残血目标,1,1200.985,active,0,0,True,True,False,moving,0.0,0.0,1900.0
199,opponent-hero,opponent-rmuc-2026-region,hero,24246.858,500.0,zone:supply:blue,25994.0,1950.0,回撤补给,2,3106.186,active,0,0,True,True,False,moving,0.0,0.0,1900.0
199,opponent-engineer,opponent-rmuc-2026-region,engineer,24806.0,1950.0,zone:supply:blue,,,后方待命,0,0.0,none,0,0,True,True,False,legal wait: no active movement route,0.0,0.0,0.0
199,opponent-infantry-1,opponent-rmuc-2026-region,infantry,25282.259,3250.438,robot:tarsgo-hero,18575.256,12640.259,追击敌方英雄,1,11539.178,active,0,0,True,True,False,moving,0.0,0.0,760.0
199,opponent-infantry-2,opponent-rmuc-2026-region,infantry,20464.601,7356.44,defense:blue-outpost,21184.0,6840.0,防守前哨站,2,1011.797,active,0,0,True,True,False,moving,0.0,1.783,684.37
199,opponent-sentry,opponent-rmuc-2026-region,sentry,21412.451,6708.081,defense:blue-outpost,,,防守前哨站,0,0.0,none,0,0,True,True,False,legal wait: no active movement route,0.0,0.0,0.0
199,opponent-drone,opponent-rmuc-2026-region,drone,7981.997,14055.299,robot:tarsgo-engineer,3194.0,13050.0,空中压制敌方工程,1,4892.397,active,0,0,True,True,False,moving,0.0,0.0,1900.0
200,tarsgo-hero,tarsgo-rmuc-2026-region,hero,17123.537,14500.0,zone:supply:red,2006.0,13050.0,前往补给区,2,15246.391,active,0,0,True,True,False,moving,0.0,0.017,1568.663
200,tarsgo-engineer,tarsgo-rmuc-2026-region,engineer,3194.0,13050.0,zone:supply:red,,,后方待命,0,0.0,none,0,0,True,True,False,legal wait: no active movement route,0.0,0.083,0.0
200,tarsgo-infantry-1,tarsgo-rmuc-2026-region,infantry,14750.451,14500.0,,,,等待复活,0,0.0,none,0,0,False,False,False,dead/respawning,0.0,0.217,0.0
200,tarsgo-infantry-2,tarsgo-rmuc-2026-region,infantry,17398.121,12582.247,robot:opponent-hero,25418.525,500.0,集火残血目标,2,19804.542,active,0,0,True,False,False,movement permission or chassis power lock,0.0,0.217,0.0
200,tarsgo-sentry,tarsgo-rmuc-2026-region,sentry,22083.16,7072.335,,,,等待复活,0,0.0,none,0,0,False,False,False,dead/respawning,0.0,0.017,0.0
200,tarsgo-drone,tarsgo-rmuc-2026-region,drone,23742.54,500.002,robot:opponent-hero,25893.525,500.0,空中压制残血目标,1,2150.985,active,0,0,True,True,False,moving,0.0,0.0,1900.0
200,opponent-hero,opponent-rmuc-2026-region,hero,25915.97,746.341,zone:supply:blue,25994.0,1950.0,回撤补给,1,1206.186,active,0,0,True,True,False,moving,0.0,0.0,1687.192
200,opponent-engineer,opponent-rmuc-2026-region,engineer,24806.0,1950.0,zone:supply:blue,,,后方待命,0,0.0,none,0,0,True,True,False,legal wait: no active movement route,0.0,0.0,0.0
200,opponent-infantry-1,opponent-rmuc-2026-region,infantry,24209.654,4818.467,robot:tarsgo-hero,18088.917,13979.699,追击敌方英雄,1,11017.785,active,0,0,True,True,False,moving,0.0,0.0,1899.789
200,opponent-infantry-2,opponent-rmuc-2026-region,infantry,20833.216,7564.661,defense:blue-outpost,21184.0,6840.0,防守前哨站,1,805.098,active,0,0,True,True,False,moving,0.0,1.783,423.359
200,opponent-sentry,opponent-rmuc-2026-region,sentry,21412.451,6708.081,defense:blue-outpost,,,防守前哨站,0,0.0,none,0,0,True,True,False,legal wait: no active movement route,0.0,0.0,0.0
200,opponent-drone,opponent-rmuc-2026-region,drone,6122.542,13664.883,robot:tarsgo-engineer,3194.0,13050.0,空中压制敌方工程,1,2992.397,active,0,0,True,True,False,moving,0.0,0.0,1900.0
201,tarsgo-hero,tarsgo-rmuc-2026-region,hero,15223.537,14500.0,zone:supply:red,2006.0,13050.0,前往补给区,2,13346.391,active,0,0,True,True,False,moving,0.0,0.017,1900.0
201,tarsgo-engineer,tarsgo-rmuc-2026-region,engineer,3194.0,13050.0,zone:supply:red,,,后方待命,0,0.0,none,0,0,True,True,False,legal wait: no active movement route,0.0,0.083,0.0
201,tarsgo-infantry-1,tarsgo-rmuc-2026-region,infantry,14750.451,14500.0,,,,等待复活,0,0.0,none,0,0,False,False,False,dead/respawning,0.0,0.217,0.0
201,tarsgo-infantry-2,tarsgo-rmuc-2026-region,infantry,17398.121,12582.247,robot:opponent-hero,25961.038,1441.548,集火残血目标,2,20400.539,active,0,0,True,False,False,movement permission or chassis power lock,0.0,0.217,0.0
201,tarsgo-sentry,tarsgo-rmuc-2026-region,sentry,22083.16,7072.335,,,,等待复活,0,0.0,none,0,0,False,False,False,dead/respawning,0.0,0.017,0.0
201,tarsgo-drone,tarsgo-rmuc-2026-region,drone,24914.207,500.001,robot:opponent-hero,,,空中压制残血目标,0,0.0,none,0,0,True,True,False,legal wait: no active movement route,0.0,0.0,1171.667
201,opponent-hero,opponent-rmuc-2026-region,hero,25994.0,1950.0,zone:supply:blue,,,补充弹量,0,0.0,none,0,0,True,True,False,legal wait: no active movement route,0.0,0.0,1206.186
201,opponent-engineer,opponent-rmuc-2026-region,engineer,24806.0,1950.0,zone:supply:blue,,,后方待命,0,0.0,none,0,0,True,True,False,legal wait: no active movement route,0.0,0.0,0.0
201,opponent-infantry-1,opponent-rmuc-2026-region,infantry,23170.714,6409.241,robot:tarsgo-hero,15603.537,14500.0,追击敌方英雄,2,11952.591,active,0,0,True,True,False,moving,0.0,0.0,1899.988
201,opponent-infantry-2,opponent-rmuc-2026-region,infantry,20650.577,7047.001,defense:blue-outpost,21184.0,6840.0,防守前哨站,1,572.179,active,0,0,True,True,False,moving,0.0,1.783,548.933
201,opponent-sentry,opponent-rmuc-2026-region,sentry,21412.451,6708.081,defense:blue-outpost,,,防守前哨站,0,0.0,none,0,0,True,True,False,legal wait: no active movement route,0.0,0.0,0.0
201,opponent-drone,opponent-rmuc-2026-region,drone,4294.077,13280.975,robot:tarsgo-engineer,,,空中压制敌方工程,0,0.0,none,0,0,True,True,False,legal wait: no active movement route,0.0,0.0,1868.333
202,tarsgo-hero,tarsgo-rmuc-2026-region,hero,14884.011,14092.6,zone:supply:red,2006.0,13050.0,前往补给区,2,13024.181,active,0,0,True,True,False,moving,0.0,0.017,530.332
202,tarsgo-engineer,tarsgo-rmuc-2026-region,engineer,3194.0,13050.0,zone:supply:red,,,后方待命,0,0.0,none,0,0,True,True,False,legal wait: no active movement route,0.0,0.083,0.0
202,tarsgo-infantry-1,tarsgo-rmuc-2026-region,infantry,14750.451,14500.0,,,,等待复活,0,0.0,none,0,0,False,False,False,dead/respawning,0.0,0.217,0.0
202,tarsgo-infantry-2,tarsgo-rmuc-2026-region,infantry,17398.121,12582.247,robot:opponent-infantry-2,20844.365,7353.648,追击敌方步兵,3,9870.51,active,0,0,True,False,False,movement permission or chassis power lock,0.0,0.217,0.0
202,tarsgo-sentry,tarsgo-rmuc-2026-region,sentry,22083.16,7072.335,,,,等待复活,0,0.0,none,0,0,False,False,False,dead/respawning,0.0,0.017,0.0
202,tarsgo-drone,tarsgo-rmuc-2026-region,drone,24914.207,500.001,robot:opponent-engineer,,,空中压制敌方工程,0,0.0,none,0,0,True,True,False,legal wait: no active movement route,0.0,0.0,0.0
202,opponent-hero,opponent-rmuc-2026-region,hero,25994.0,1950.0,zone:supply:blue,,,回撤补给,0,0.0,none,0,0,True,True,False,legal wait: no active movement route,0.0,0.0,0.0
202,opponent-engineer,opponent-rmuc-2026-region,engineer,24806.0,1950.0,zone:supply:blue,,,后方待命,0,0.0,none,0,0,True,True,False,legal wait: no active movement route,0.0,0.0,0.0
202,opponent-infantry-1,opponent-rmuc-2026-region,infantry,22133.616,8001.229,robot:tarsgo-hero,15735.928,14020.052,追击敌方英雄,2,9972.783,active,0,0,True,True,False,moving,0.0,0.0,1900.0
202,opponent-infantry-2,opponent-rmuc-2026-region,infantry,20984.092,7142.332,defense:blue-outpost,21184.0,6840.0,防守前哨站,1,362.447,active,0,0,True,True,False,moving,0.0,1.783,346.871
202,opponent-sentry,opponent-rmuc-2026-region,sentry,21412.451,6708.081,defense:blue-outpost,,,防守前哨站,0,0.0,none,0,0,True,True,False,legal wait: no active movement route,0.0,0.0,0.0
202,opponent-drone,opponent-rmuc-2026-region,drone,4294.077,13280.975,robot:tarsgo-engineer,,,空中压制敌方工程,0,0.0,none,0,0,True,True,False,legal wait: no active movement route,0.0,0.0,0.0
203,tarsgo-hero,tarsgo-rmuc-2026-region,hero,12990.864,14253.818,zone:supply:red,2006.0,13050.0,前往补给区,2,11124.181,active,0,0,True,True,False,moving,0.0,0.017,1900.0
203,tarsgo-engineer,tarsgo-rmuc-2026-region,engineer,3194.0,13050.0,zone:supply:red,,,后方待命,0,0.0,none,0,0,True,True,False,legal wait: no active movement route,0.0,0.083,0.0
203,tarsgo-infantry-1,tarsgo-rmuc-2026-region,infantry,14750.451,14500.0,,,,等待复活,0,0.0,none,0,0,False,False,False,dead/respawning,0.0,0.217,0.0
203,tarsgo-infantry-2,tarsgo-rmuc-2026-region,infantry,17575.389,13708.38,robot:opponent-infantry-2,20341.743,7055.486,追击敌方步兵,3,8836.092,active,0,0,True,True,False,moving,0.0,0.217,1140.0
203,tarsgo-sentry,tarsgo-rmuc-2026-region,sentry,22083.16,7072.335,,,,等待复活,0,0.0,none,0,0,False,False,False,dead/respawning,0.0,0.017,0.0
203,tarsgo-drone,tarsgo-rmuc-2026-region,drone,24914.207,500.001,robot:opponent-engineer,,,空中压制敌方工程,0,0.0,none,0,0,True,True,False,legal wait: no active movement route,0.0,0.0,0.0
203,opponent-hero,opponent-rmuc-2026-region,hero,25994.0,1950.0,structure:red-outpost,,,进攻前哨站,0,0.0,searching,2,2,True,True,False,waiting for path search,0.0,0.0,0.0
203,opponent-engineer,opponent-rmuc-2026-region,engineer,24806.0,1950.0,zone:supply:blue,,,后方待命,0,0.0,none,0,0,True,True,False,legal wait: no active movement route,0.0,0.0,0.0
203,opponent-infantry-1,opponent-rmuc-2026-region,infantry,21616.0,8160.0,defense:blue-outpost,21616.0,8160.0,防守前哨站,0,0.0,none,0,0,True,True,False,legal wait: no active movement route,0.0,0.0,541.419
203,opponent-infantry-2,opponent-rmuc-2026-region,infantry,21016.671,6882.81,defense:blue-outpost,,,防守前哨站,0,0.0,none,0,0,True,True,False,legal wait: no active movement route,0.0,1.783,261.559
203,opponent-sentry,opponent-rmuc-2026-region,sentry,21412.451,6708.081,defense:blue-outpost,,,防守前哨站,0,0.0,none,0,0,True,True,False,legal wait: no active movement route,0.0,0.0,0.0
203,opponent-drone,opponent-rmuc-2026-region,drone,4294.077,13280.975,robot:tarsgo-engineer,,,空中压制敌方工程,0,0.0,none,0,0,True,True,False,legal wait: no active movement route,0.0,0.0,0.0
204,tarsgo-hero,tarsgo-rmuc-2026-region,hero,11097.716,14415.036,zone:supply:red,2006.0,13050.0,前往补给区,2,9224.181,active,0,0,True,True,False,moving,0.0,0.017,1900.0
204,tarsgo-engineer,tarsgo-rmuc-2026-region,engineer,3194.0,13050.0,zone:supply:red,,,后方待命,0,0.0,none,0,0,True,True,False,legal wait: no active movement route,0.0,0.083,0.0
204,tarsgo-infantry-1,tarsgo-rmuc-2026-region,infantry,14750.451,14500.0,,,,等待复活,0,0.0,none,0,0,False,False,False,dead/respawning,0.0,0.217,0.0
204,tarsgo-infantry-2,tarsgo-rmuc-2026-region,infantry,18379.539,13681.842,robot:opponent-infantry-1,21616.0,8160.0,追击敌方步兵,1,6400.423,active,0,0,True,True,False,moving,0.0,0.217,804.588
204,tarsgo-sentry,tarsgo-rmuc-2026-region,sentry,22083.16,7072.335,,,,等待复活,0,0.0,none,0,0,False,False,False,dead/respawning,0.0,0.017,0.0
204,tarsgo-drone,tarsgo-rmuc-2026-region,drone,24914.207,500.001,robot:opponent-engineer,,,空中压制敌方工程,0,0.0,none,0,0,True,True,False,legal wait: no active movement route,0.0,0.0,0.0
204,opponent-hero,opponent-rmuc-2026-region,hero,25620.913,1182.43,structure:red-outpost,6600.0,7500.0,进攻前哨站,3,26549.651,active,0,0,True,True,False,moving,0.0,0.0,853.438
204,opponent-engineer,opponent-rmuc-2026-region,engineer,24806.0,1950.0,zone:supply:blue,,,后方待命,0,0.0,none,0,0,True,True,False,legal wait: no active movement route,0.0,0.0,0.0
204,opponent-infantry-1,opponent-rmuc-2026-region,infantry,21616.0,8160.0,defense:blue-outpost,,,防守前哨站,0,0.0,none,0,0,True,True,False,legal wait: no active movement route,0.0,0.0,0.0
204,opponent-infantry-2,opponent-rmuc-2026-region,infantry,21016.671,6882.81,defense:blue-outpost,,,防守前哨站,0,0.0,none,0,0,True,True,False,legal wait: no active movement route,0.0,1.783,0.0
204,opponent-sentry,opponent-rmuc-2026-region,sentry,21412.451,6708.081,defense:blue-outpost,,,防守前哨站,0,0.0,none,0,0,True,True,False,legal wait: no active movement route,0.0,0.0,0.0
204,opponent-drone,opponent-rmuc-2026-region,drone,4294.077,13280.975,robot:tarsgo-engineer,,,空中压制敌方工程,0,0.0,none,0,0,True,True,False,legal wait: no active movement route,0.0,0.0,0.0
205,tarsgo-hero,tarsgo-rmuc-2026-region,hero,9215.409,14341.53,zone:supply:red,2006.0,13050.0,前往补给区,1,7324.181,active,0,0,True,True,False,moving,0.0,0.017,1883.741
205,tarsgo-engineer,tarsgo-rmuc-2026-region,engineer,3194.0,13050.0,zone:supply:red,,,后方待命,0,0.0,none,0,0,True,True,False,legal wait: no active movement route,0.0,0.083,0.0
205,tarsgo-infantry-1,tarsgo-rmuc-2026-region,infantry,14750.451,14500.0,,,,等待复活,0,0.0,none,0,0,False,False,False,dead/respawning,0.0,0.217,0.0
205,tarsgo-infantry-2,tarsgo-rmuc-2026-region,infantry,19340.3,12042.653,robot:opponent-infantry-1,21616.0,8160.0,追击敌方步兵,1,4500.423,active,0,0,True,True,False,moving,0.0,0.217,1900.0
205,tarsgo-sentry,tarsgo-rmuc-2026-region,sentry,22083.16,7072.335,,,,等待复活,0,0.0,none,0,0,False,False,False,dead/respawning,0.0,0.017,0.0
205,tarsgo-drone,tarsgo-rmuc-2026-region,drone,24914.207,500.001,robot:opponent-engineer,,,空中压制敌方工程,0,0.0,none,0,0,True,True,False,legal wait: no active movement route,0.0,0.0,0.0
205,opponent-hero,opponent-rmuc-2026-region,hero,23727.587,1023.327,structure:red-outpost,6600.0,7500.0,进攻前哨站,3,24649.651,active,0,0,True,True,False,moving,0.0,0.0,1900.0
205,opponent-engineer,opponent-rmuc-2026-region,engineer,24806.0,1950.0,zone:supply:blue,,,后方待命,0,0.0,none,0,0,True,True,False,legal wait: no active movement route,0.0,0.0,0.0
205,opponent-infantry-1,opponent-rmuc-2026-region,infantry,21616.0,8160.0,defense:blue-outpost,,,防守前哨站,0,0.0,none,0,0,True,True,False,legal wait: no active movement route,0.0,0.0,0.0
205,opponent-infantry-2,opponent-rmuc-2026-region,infantry,21016.671,6882.81,defense:blue-outpost,,,防守前哨站,0,0.0,none,0,0,True,True,False,legal wait: no active movement route,0.0,1.783,0.0
205,opponent-sentry,opponent-rmuc-2026-region,sentry,21412.451,6708.081,defense:blue-outpost,,,防守前哨站,0,0.0,none,0,0,True,True,False,legal wait: no active movement route,0.0,0.0,0.0
205,opponent-drone,opponent-rmuc-2026-region,drone,4294.077,13280.975,robot:tarsgo-engineer,,,空中压制敌方工程,0,0.0,none,0,0,True,True,False,legal wait: no active movement route,0.0,0.0,0.0
206,tarsgo-hero,tarsgo-rmuc-2026-region,hero,7345.183,14006.488,zone:supply:red,2006.0,13050.0,前往补给区,1,5424.181,active,0,0,True,True,False,moving,0.0,0.017,1900.0
206,tarsgo-engineer,tarsgo-rmuc-2026-region,engineer,3194.0,13050.0,zone:supply:red,,,后方待命,0,0.0,none,0,0,True,True,False,legal wait: no active movement route,0.0,0.083,0.0
206,tarsgo-infantry-1,tarsgo-rmuc-2026-region,infantry,14750.451,14500.0,,,,等待复活,0,0.0,none,0,0,False,False,False,dead/respawning,0.0,0.217,0.0
206,tarsgo-infantry-2,tarsgo-rmuc-2026-region,infantry,20301.061,10403.465,robot:opponent-infantry-1,21616.0,8160.0,追击敌方步兵,1,2600.423,active,0,0,True,True,False,moving,0.0,0.217,1900.0
206,tarsgo-sentry,tarsgo-rmuc-2026-region,sentry,21850.84,7695.434,zone:supply:red,2600.0,13732.0,回撤补给,4,23214.108,active,0,0,True,True,False,moving,0.0,0.017,665.0
206,tarsgo-drone,tarsgo-rmuc-2026-region,drone,24914.207,500.001,robot:opponent-engineer,,,空中压制敌方工程,0,0.0,none,0,0,True,True,False,legal wait: no active movement route,0.0,0.0,0.0
206,opponent-hero,opponent-rmuc-2026-region,hero,23033.367,964.989,defense:blue-outpost,,,防守前哨站,0,0.0,none,0,0,True,True,False,legal wait: no active movement route,0.0,0.0,696.667
206,opponent-engineer,opponent-rmuc-2026-region,engineer,24806.0,1950.0,zone:supply:blue,,,后方待命,0,0.0,none,0,0,True,True,False,legal wait: no active movement route,0.0,0.0,0.0
206,opponent-infantry-1,opponent-rmuc-2026-region,infantry,21616.0,8160.0,defense:blue-outpost,,,防守前哨站,0,0.0,none,0,0,True,True,False,legal wait: no active movement route,0.0,0.0,0.0
206,opponent-infantry-2,opponent-rmuc-2026-region,infantry,21016.671,6882.81,defense:blue-outpost,,,防守前哨站,0,0.0,none,0,0,True,True,False,legal wait: no active movement route,0.0,1.783,0.0
206,opponent-sentry,opponent-rmuc-2026-region,sentry,21412.451,6708.081,defense:blue-outpost,,,防守前哨站,0,0.0,none,0,0,True,True,False,legal wait: no active movement route,0.0,0.0,0.0
206,opponent-drone,opponent-rmuc-2026-region,drone,4946.607,13409.151,robot:tarsgo-sentry,22083.16,7072.335,空中压制残血目标,4,21602.593,active,0,0,True,True,False,moving,0.0,0.0,665.0
207,tarsgo-hero,tarsgo-rmuc-2026-region,hero,5474.957,13671.446,zone:supply:red,2006.0,13050.0,前往补给区,1,3524.181,active,0,0,True,True,False,moving,0.0,0.017,1900.0
207,tarsgo-engineer,tarsgo-rmuc-2026-region,engineer,3194.0,13050.0,zone:supply:red,,,后方待命,0,0.0,none,0,0,True,True,False,legal wait: no active movement route,0.0,0.083,0.0
207,tarsgo-infantry-1,tarsgo-rmuc-2026-region,infantry,14750.451,14500.0,,,,等待复活,0,0.0,none,0,0,False,False,False,dead/respawning,0.0,0.217,0.0
207,tarsgo-infantry-2,tarsgo-rmuc-2026-region,infantry,20653.34,9802.429,robot:opponent-infantry-1,,,追击敌方步兵,0,0.0,none,0,0,True,True,False,legal wait: no active movement route,0.0,0.217,696.667
207,tarsgo-sentry,tarsgo-rmuc-2026-region,sentry,21952.327,7832.821,zone:supply:red,2600.0,13732.0,回撤补给,5,24644.602,active,0,0,True,True,False,moving,0.0,0.017,170.806
207,tarsgo-drone,tarsgo-rmuc-2026-region,drone,24914.207,500.001,robot:opponent-engineer,,,空中压制敌方工程,0,0.0,none,0,0,True,True,False,legal wait: no active movement route,0.0,0.0,0.0
207,opponent-hero,opponent-rmuc-2026-region,hero,23033.367,964.989,defense:blue-outpost,,,防守前哨站,0,0.0,none,0,0,True,True,False,legal wait: no active movement route,0.0,0.0,0.0
207,opponent-engineer,opponent-rmuc-2026-region,engineer,24806.0,1950.0,zone:supply:blue,,,后方待命,0,0.0,none,0,0,True,True,False,legal wait: no active movement route,0.0,0.0,0.0
207,opponent-infantry-1,opponent-rmuc-2026-region,infantry,21616.0,8160.0,defense:blue-outpost,,,防守前哨站,0,0.0,none,0,0,True,True,False,legal wait: no active movement route,0.0,0.0,0.0
207,opponent-infantry-2,opponent-rmuc-2026-region,infantry,21016.671,6882.81,defense:blue-outpost,,,防守前哨站,0,0.0,none,0,0,True,True,False,legal wait: no active movement route,0.0,1.783,0.0
207,opponent-sentry,opponent-rmuc-2026-region,sentry,21412.451,6708.081,defense:blue-outpost,,,防守前哨站,0,0.0,none,0,0,True,True,False,legal wait: no active movement route,0.0,0.0,0.0
207,opponent-drone,opponent-rmuc-2026-region,drone,6810.98,13775.368,robot:tarsgo-sentry,22045.524,7706.947,空中压制残血目标,3,19117.59,searching,1,1,True,True,False,moving,0.0,0.0,1900.0
208,tarsgo-hero,tarsgo-rmuc-2026-region,hero,3635.9,13341.989,zone:supply:red,,,补充弹量,0,0.0,none,0,0,True,True,False,legal wait: no active movement route,0.0,0.017,1868.333
208,tarsgo-engineer,tarsgo-rmuc-2026-region,engineer,3194.0,13050.0,zone:supply:red,,,后方待命,0,0.0,none,0,0,True,True,False,legal wait: no active movement route,0.0,0.083,0.0
208,tarsgo-infantry-1,tarsgo-rmuc-2026-region,infantry,14750.451,14500.0,,,,等待复活,0,0.0,none,0,0,False,False,False,dead/respawning,0.0,0.217,0.0
208,tarsgo-infantry-2,tarsgo-rmuc-2026-region,infantry,20653.34,9802.429,robot:opponent-infantry-1,,,追击敌方步兵,0,0.0,none,0,0,True,True,False,legal wait: no active movement route,0.0,0.217,0.0
208,tarsgo-sentry,tarsgo-rmuc-2026-region,sentry,22110.019,7718.494,zone:supply:red,2600.0,13732.0,回撤补给,5,24404.598,active,0,0,True,True,False,moving,0.0,0.017,194.775
208,tarsgo-drone,tarsgo-rmuc-2026-region,drone,24914.207,500.001,robot:opponent-engineer,,,空中压制敌方工程,0,0.0,none,0,0,True,True,False,legal wait: no active movement route,0.0,0.0,0.0
208,opponent-hero,opponent-rmuc-2026-region,hero,23033.367,964.989,defense:blue-outpost,,,防守前哨站,0,0.0,none,0,0,True,True,False,legal wait: no active movement route,0.0,0.0,0.0
208,opponent-engineer,opponent-rmuc-2026-region,engineer,24806.0,1950.0,zone:supply:blue,,,后方待命,0,0.0,none,0,0,True,True,False,legal wait: no active movement route,0.0,0.0,0.0
208,opponent-infantry-1,opponent-rmuc-2026-region,infantry,21616.0,8160.0,defense:blue-outpost,,,防守前哨站,0,0.0,none,0,0,True,True,False,legal wait: no active movement route,0.0,0.0,0.0
208,opponent-infantry-2,opponent-rmuc-2026-region,infantry,21016.671,6882.81,defense:blue-outpost,,,防守前哨站,0,0.0,none,0,0,True,True,False,legal wait: no active movement route,0.0,1.783,0.0
208,opponent-sentry,opponent-rmuc-2026-region,sentry,21412.451,6708.081,defense:blue-outpost,,,防守前哨站,0,0.0,none,0,0,True,True,False,legal wait: no active movement route,0.0,0.0,0.0
208,opponent-drone,opponent-rmuc-2026-region,drone,8675.352,14141.586,robot:tarsgo-sentry,21904.175,7677.851,空中压制残血目标,3,17169.961,active,0,0,True,True,False,moving,0.0,0.0,1900.0
209,tarsgo-hero,tarsgo-rmuc-2026-region,hero,3635.9,13341.989,structure:blue-outpost,,,进攻前哨站,0,0.0,searching,4,4,True,True,False,waiting for path search,0.0,0.017,0.0
209,tarsgo-engineer,tarsgo-rmuc-2026-region,engineer,3194.0,13050.0,zone:supply:red,,,后方待命,0,0.0,none,0,0,True,True,False,legal wait: no active movement route,0.0,0.083,0.0
209,tarsgo-infantry-1,tarsgo-rmuc-2026-region,infantry,14750.451,14500.0,,,,等待复活,0,0.0,none,0,0,False,False,False,dead/respawning,0.0,0.217,0.0
209,tarsgo-infantry-2,tarsgo-rmuc-2026-region,infantry,20653.34,9802.429,robot:opponent-infantry-1,,,追击敌方步兵,0,0.0,none,0,0,True,True,False,legal wait: no active movement route,0.0,0.217,0.0
209,tarsgo-sentry,tarsgo-rmuc-2026-region,sentry,21590.538,8284.358,zone:supply:red,2600.0,13732.0,回撤补给,3,22567.931,active,0,0,True,True,False,moving,0.0,0.017,768.156
209,tarsgo-drone,tarsgo-rmuc-2026-region,drone,24914.207,500.001,robot:opponent-engineer,,,空中压制敌方工程,0,0.0,none,0,0,True,True,False,legal wait: no active movement route,0.0,0.0,0.0
209,opponent-hero,opponent-rmuc-2026-region,hero,23033.367,964.989,defense:blue-outpost,,,防守前哨站,0,0.0,none,0,0,True,True,False,legal wait: no active movement route,0.0,0.0,0.0
209,opponent-engineer,opponent-rmuc-2026-region,engineer,24806.0,1950.0,zone:supply:blue,,,后方待命,0,0.0,none,0,0,True,True,False,legal wait: no active movement route,0.0,0.0,0.0
209,opponent-infantry-1,opponent-rmuc-2026-region,infantry,21336.097,8567.635,defense:blue-base,25724.0,2632.0,防守基地,5,9648.326,active,0,0,True,True,False,moving,0.0,0.0,494.482
209,opponent-infantry-2,opponent-rmuc-2026-region,infantry,21016.671,6882.81,defense:blue-outpost,,,防守前哨站,0,0.0,none,0,0,True,True,False,legal wait: no active movement route,0.0,1.783,0.0
209,opponent-sentry,opponent-rmuc-2026-region,sentry,21412.451,6708.081,defense:blue-outpost,,,防守前哨站,0,0.0,none,0,0,True,True,False,legal wait: no active movement route,0.0,0.0,0.0
209,opponent-drone,opponent-rmuc-2026-region,drone,10540.484,14500.0,robot:tarsgo-sentry,22284.863,7708.274,空中压制残血目标,2,15443.733,active,0,0,True,True,False,moving,0.0,0.0,1899.257
210,tarsgo-hero,tarsgo-rmuc-2026-region,hero,4291.634,13452.615,structure:blue-outpost,21400.0,7500.0,进攻前哨站,3,21327.714,active,0,0,True,True,False,moving,0.0,0.017,665.0
210,tarsgo-engineer,tarsgo-rmuc-2026-region,engineer,3194.0,13050.0,zone:supply:red,,,后方待命,0,0.0,none,0,0,True,True,False,legal wait: no active movement route,0.0,0.083,0.0
210,tarsgo-infantry-1,tarsgo-rmuc-2026-region,infantry,14750.451,14500.0,,,,等待复活,0,0.0,none,0,0,False,False,False,dead/respawning,0.0,0.217,0.0
210,tarsgo-infantry-2,tarsgo-rmuc-2026-region,infantry,20653.34,9802.429,robot:opponent-infantry-1,,,追击敌方步兵,0,0.0,none,0,0,True,True,False,legal wait: no active movement route,0.0,0.217,0.0
210,tarsgo-sentry,tarsgo-rmuc-2026-region,sentry,20856.737,9034.692,zone:supply:red,2600.0,13732.0,回撤补给,4,22267.488,active,0,0,True,True,False,moving,0.0,0.017,1049.507
210,tarsgo-drone,tarsgo-rmuc-2026-region,drone,24914.207,500.001,robot:opponent-engineer,,,空中压制敌方工程,0,0.0,none,0,0,True,True,False,legal wait: no active movement route,0.0,0.0,0.0
210,opponent-hero,opponent-rmuc-2026-region,hero,23033.367,964.989,defense:blue-outpost,,,防守前哨站,0,0.0,none,0,0,True,True,False,legal wait: no active movement route,0.0,0.0,0.0
210,opponent-engineer,opponent-rmuc-2026-region,engineer,24806.0,1950.0,zone:supply:blue,,,后方待命,0,0.0,none,0,0,True,True,False,legal wait: no active movement route,0.0,0.0,0.0
210,opponent-infantry-1,opponent-rmuc-2026-region,infantry,21548.167,8471.786,zone:supply:blue,25724.0,2632.0,前往补给区,1,7179.184,active,0,0,True,True,False,moving,0.0,0.0,232.725
210,opponent-infantry-2,opponent-rmuc-2026-region,infantry,20848.686,7224.527,zone:supply:blue,25076.0,1268.0,前往补给区,2,8123.856,active,0,0,True,True,False,moving,0.0,1.783,380.775
210,opponent-sentry,opponent-rmuc-2026-region,sentry,21412.451,6708.081,defense:blue-outpost,,,防守前哨站,0,0.0,none,0,0,True,True,False,legal wait: no active movement route,0.0,0.0,0.0
210,opponent-drone,opponent-rmuc-2026-region,drone,12440.484,14500.0,robot:tarsgo-sentry,21364.199,8665.56,空中压制残血目标,2,12244.895,searching,1,1,True,True,False,moving,0.0,0.0,1900.0
211,tarsgo-hero,tarsgo-rmuc-2026-region,hero,6165.16,13768.689,structure:blue-outpost,21400.0,7500.0,进攻前哨站,3,19427.714,active,0,0,True,True,False,moving,0.0,0.017,1900.0
211,tarsgo-engineer,tarsgo-rmuc-2026-region,engineer,3194.0,13050.0,zone:supply:red,,,后方待命,0,0.0,none,0,0,True,True,False,legal wait: no active movement route,0.0,0.083,0.0
211,tarsgo-infantry-1,tarsgo-rmuc-2026-region,infantry,14750.451,14500.0,,,,等待复活,0,0.0,none,0,0,False,False,False,dead/respawning,0.0,0.217,0.0
211,tarsgo-infantry-2,tarsgo-rmuc-2026-region,infantry,20541.251,9993.668,zone:supply:red,2924.0,13732.0,前往补给区,3,20240.316,active,0,0,True,True,False,moving,0.0,0.217,221.667
211,tarsgo-sentry,tarsgo-rmuc-2026-region,sentry,19992.885,9189.721,zone:supply:red,2600.0,13732.0,回撤补给,4,21468.505,active,0,0,True,True,False,moving,0.0,0.017,877.653
211,tarsgo-drone,tarsgo-rmuc-2026-region,drone,24914.207,500.001,robot:opponent-engineer,,,空中压制敌方工程,0,0.0,none,0,0,True,True,False,legal wait: no active movement route,0.0,0.0,0.0
211,opponent-hero,opponent-rmuc-2026-region,hero,23033.367,964.989,defense:blue-outpost,,,防守前哨站,0,0.0,none,0,0,True,True,False,legal wait: no active movement route,0.0,0.0,0.0
211,opponent-engineer,opponent-rmuc-2026-region,engineer,24806.0,1950.0,zone:supply:blue,,,后方待命,0,0.0,none,0,0,True,True,False,legal wait: no active movement route,0.0,0.0,0.0
211,opponent-infantry-1,opponent-rmuc-2026-region,infantry,22653.318,6926.263,zone:supply:blue,25724.0,2632.0,前往补给区,1,5279.184,active,0,0,True,True,False,moving,0.0,0.0,1900.0
211,opponent-infantry-2,opponent-rmuc-2026-region,infantry,20423.483,7048.549,zone:supply:blue,25076.0,1268.0,前往补给区,2,7696.563,active,0,0,True,True,False,moving,0.0,1.783,460.181
211,opponent-sentry,opponent-rmuc-2026-region,sentry,21412.451,6708.081,defense:blue-outpost,,,防守前哨站,0,0.0,none,0,0,True,True,False,legal wait: no active movement route,0.0,0.0,0.0
211,opponent-drone,opponent-rmuc-2026-region,drone,14340.484,14500.0,robot:tarsgo-sentry,20384.723,9510.929,空中压制残血目标,2,9133.085,active,0,0,True,True,False,moving,0.0,0.0,1900.0
212,tarsgo-hero,tarsgo-rmuc-2026-region,hero,8038.685,14084.763,structure:blue-outpost,21400.0,7500.0,进攻前哨站,3,17527.714,active,0,0,True,True,False,moving,0.0,0.017,1900.0
212,tarsgo-engineer,tarsgo-rmuc-2026-region,engineer,3194.0,13050.0,zone:supply:red,,,后方待命,0,0.0,none,0,0,True,True,False,legal wait: no active movement route,0.0,0.083,0.0
212,tarsgo-infantry-1,tarsgo-rmuc-2026-region,infantry,14750.451,14500.0,,,,等待复活,0,0.0,none,0,0,False,False,False,dead/respawning,0.0,0.217,0.0
212,tarsgo-infantry-2,tarsgo-rmuc-2026-region,infantry,19580.49,11632.856,zone:supply:red,2924.0,13732.0,前往补给区,3,18340.316,active,0,0,True,True,False,moving,0.0,0.217,1900.0
212,tarsgo-sentry,tarsgo-rmuc-2026-region,sentry,19244.603,10490.149,zone:supply:red,2600.0,13732.0,回撤补给,3,19568.505,active,0,0,True,True,False,moving,0.0,0.017,1500.346
212,tarsgo-drone,tarsgo-rmuc-2026-region,drone,24914.207,500.001,robot:opponent-engineer,,,空中压制敌方工程,0,0.0,none,0,0,True,True,False,legal wait: no active movement route,0.0,0.0,0.0
212,opponent-hero,opponent-rmuc-2026-region,hero,23033.367,964.989,defense:blue-outpost,,,防守前哨站,0,0.0,none,0,0,True,True,False,legal wait: no active movement route,0.0,0.0,0.0
212,opponent-engineer,opponent-rmuc-2026-region,engineer,24806.0,1950.0,zone:supply:blue,,,后方待命,0,0.0,none,0,0,True,True,False,legal wait: no active movement route,0.0,0.0,0.0
212,opponent-infantry-1,opponent-rmuc-2026-region,infantry,23758.469,5380.74,zone:supply:blue,25724.0,2632.0,前往补给区,1,3379.184,active,0,0,True,True,False,moving,0.0,0.0,1900.0
212,opponent-infantry-2,opponent-rmuc-2026-region,infantry,21378.141,5731.853,zone:supply:blue,25076.0,1268.0,前往补给区,1,5796.563,active,0,0,True,True,False,moving,0.0,1.783,1626.364
212,opponent-sentry,opponent-rmuc-2026-region,sentry,21412.451,6708.081,defense:blue-outpost,,,防守前哨站,0,0.0,none,0,0,True,True,False,legal wait: no active movement route,0.0,0.0,0.0
212,opponent-drone,opponent-rmuc-2026-region,drone,16240.484,14500.0,robot:tarsgo-sentry,19556.7,9559.416,空中压制残血目标,2,6870.469,active,0,0,True,True,False,moving,0.0,0.0,1900.0
213,tarsgo-hero,tarsgo-rmuc-2026-region,hero,9912.21,14400.837,structure:blue-outpost,21400.0,7500.0,进攻前哨站,3,15627.714,active,0,0,True,True,False,moving,0.0,0.017,1900.0
213,tarsgo-engineer,tarsgo-rmuc-2026-region,engineer,3194.0,13050.0,zone:supply:red,,,后方待命,0,0.0,none,0,0,True,True,False,legal wait: no active movement route,0.0,0.083,0.0
213,tarsgo-infantry-1,tarsgo-rmuc-2026-region,infantry,14750.451,14500.0,,,,等待复活,0,0.0,none,0,0,False,False,False,dead/respawning,0.0,0.217,0.0
213,tarsgo-infantry-2,tarsgo-rmuc-2026-region,infantry,18619.729,13272.045,zone:supply:red,2924.0,13732.0,前往补给区,3,16440.316,active,0,0,True,True,False,moving,0.0,0.217,1900.0
213,tarsgo-sentry,tarsgo-rmuc-2026-region,sentry,18640.542,12291.568,zone:supply:red,2600.0,13732.0,回撤补给,3,17668.505,active,0,0,True,True,False,moving,0.0,0.017,1900.0
213,tarsgo-drone,tarsgo-rmuc-2026-region,drone,24914.207,500.001,robot:opponent-engineer,,,空中压制敌方工程,0,0.0,none,0,0,True,True,False,legal wait: no active movement route,0.0,0.0,0.0
213,opponent-hero,opponent-rmuc-2026-region,hero,23033.367,964.989,defense:blue-outpost,,,防守前哨站,0,0.0,none,0,0,True,True,False,legal wait: no active movement route,0.0,0.0,0.0
213,opponent-engineer,opponent-rmuc-2026-region,engineer,24806.0,1950.0,zone:supply:blue,,,后方待命,0,0.0,none,0,0,True,True,False,legal wait: no active movement route,0.0,0.0,0.0
213,opponent-infantry-1,opponent-rmuc-2026-region,infantry,24863.62,3835.217,zone:supply:blue,25724.0,2632.0,前往补给区,1,1479.184,active,0,0,True,True,False,moving,0.0,0.0,1900.0
213,opponent-infantry-2,opponent-rmuc-2026-region,infantry,22590.227,4268.689,zone:supply:blue,25076.0,1268.0,前往补给区,1,3896.563,active,0,0,True,True,False,moving,0.0,1.783,1900.0
213,opponent-sentry,opponent-rmuc-2026-region,sentry,21412.451,6708.081,defense:blue-outpost,,,防守前哨站,0,0.0,none,0,0,True,True,False,legal wait: no active movement route,0.0,0.0,0.0
213,opponent-drone,opponent-rmuc-2026-region,drone,17966.389,14302.017,robot:tarsgo-sentry,,,空中压制残血目标,0,0.0,none,0,0,True,True,False,legal wait: no active movement route,0.0,0.0,1737.223
214,tarsgo-hero,tarsgo-rmuc-2026-region,hero,11803.904,14500.0,structure:blue-outpost,21400.0,7500.0,进攻前哨站,2,13727.714,active,0,0,True,True,False,moving,0.0,0.017,1894.291
214,tarsgo-engineer,tarsgo-rmuc-2026-region,engineer,3194.0,13050.0,zone:supply:red,,,后方待命,0,0.0,none,0,0,True,True,False,legal wait: no active movement route,0.0,0.083,0.0
214,tarsgo-infantry-1,tarsgo-rmuc-2026-region,infantry,14750.451,14500.0,,,,等待复活,0,0.0,none,0,0,False,False,False,dead/respawning,0.0,0.217,0.0
214,tarsgo-infantry-2,tarsgo-rmuc-2026-region,infantry,18187.387,14009.679,,,,等待复活,0,0.0,none,0,0,False,False,False,dead/respawning,0.0,0.217,855.0
214,tarsgo-sentry,tarsgo-rmuc-2026-region,sentry,18494.373,13280.07,zone:supply:red,2600.0,13732.0,回撤补给,4,17447.059,active,0,0,True,True,False,moving,0.0,0.017,999.25
214,tarsgo-drone,tarsgo-rmuc-2026-region,drone,24914.207,500.001,robot:opponent-engineer,,,空中压制敌方工程,0,0.0,none,0,0,True,True,False,legal wait: no active movement route,0.0,0.0,0.0
214,opponent-hero,opponent-rmuc-2026-region,hero,23033.367,964.989,defense:blue-outpost,,,防守前哨站,0,0.0,none,0,0,True,True,False,legal wait: no active movement route,0.0,0.0,0.0
214,opponent-engineer,opponent-rmuc-2026-region,engineer,24806.0,1950.0,zone:supply:blue,,,后方待命,0,0.0,none,0,0,True,True,False,legal wait: no active movement route,0.0,0.0,0.0
214,opponent-infantry-1,opponent-rmuc-2026-region,infantry,25471.453,2985.179,zone:supply:blue,,,补充弹量,0,0.0,none,0,0,True,True,False,legal wait: no active movement route,0.0,0.0,1045.0
214,opponent-infantry-2,opponent-rmuc-2026-region,infantry,23802.313,2805.526,zone:supply:blue,25076.0,1268.0,前往补给区,1,1996.563,active,0,0,True,True,False,moving,0.0,1.783,1900.0
214,opponent-sentry,opponent-rmuc-2026-region,sentry,21412.451,6708.081,defense:blue-outpost,,,防守前哨站,0,0.0,none,0,0,True,True,False,legal wait: no active movement route,0.0,0.0,0.0
214,opponent-drone,opponent-rmuc-2026-region,drone,17966.389,14302.017,robot:tarsgo-sentry,,,空中压制残血目标,0,0.0,none,0,0,True,True,False,legal wait: no active movement route,0.0,0.0,0.0
215,tarsgo-hero,tarsgo-rmuc-2026-region,hero,13703.904,14500.0,structure:blue-outpost,21400.0,7500.0,进攻前哨站,2,11827.714,active,0,0,True,True,False,moving,0.0,0.017,1900.0
215,tarsgo-engineer,tarsgo-rmuc-2026-region,engineer,3194.0,13050.0,zone:supply:red,,,后方待命,0,0.0,none,0,0,True,True,False,legal wait: no active movement route,0.0,0.083,0.0
215,tarsgo-infantry-1,tarsgo-rmuc-2026-region,infantry,14750.451,14500.0,,,,等待复活,0,0.0,none,0,0,False,False,False,dead/respawning,0.0,0.217,0.0
215,tarsgo-infantry-2,tarsgo-rmuc-2026-region,infantry,18187.387,14009.679,,,,等待复活,0,0.0,none,0,0,False,False,False,dead/respawning,0.0,0.217,0.0
215,tarsgo-sentry,tarsgo-rmuc-2026-region,sentry,18265.545,12959.055,zone:supply:red,2600.0,13732.0,回撤补给,4,17168.886,active,0,0,True,True,False,moving,0.0,0.017,394.224
215,tarsgo-drone,tarsgo-rmuc-2026-region,drone,24914.207,500.001,robot:opponent-engineer,,,空中压制敌方工程,0,0.0,none,0,0,True,True,False,legal wait: no active movement route,0.0,0.0,0.0
215,opponent-hero,opponent-rmuc-2026-region,hero,23033.367,964.989,defense:blue-outpost,,,防守前哨站,0,0.0,none,0,0,True,True,False,legal wait: no active movement route,0.0,0.0,0.0
215,opponent-engineer,opponent-rmuc-2026-region,engineer,24806.0,1950.0,zone:supply:blue,,,后方待命,0,0.0,none,0,0,True,True,False,legal wait: no active movement route,0.0,0.0,0.0
215,opponent-infantry-1,opponent-rmuc-2026-region,infantry,24676.842,4051.713,defense:blue-outpost,21616.0,8160.0,防守前哨站,1,5123.161,active,0,0,True,True,False,moving,0.0,0.0,1330.0
215,opponent-infantry-2,opponent-rmuc-2026-region,infantry,24085.133,2464.121,robot:tarsgo-sentry,,,集火残血目标,0,0.0,searching,1,1,True,True,False,waiting for path search,0.0,1.783,443.333
215,opponent-sentry,opponent-rmuc-2026-region,sentry,21412.451,6708.081,defense:blue-outpost,,,防守前哨站,0,0.0,none,0,0,True,True,False,legal wait: no active movement route,0.0,0.0,0.0
215,opponent-drone,opponent-rmuc-2026-region,drone,17966.389,14302.017,robot:tarsgo-sentry,,,空中压制残血目标,0,0.0,none,0,0,True,True,False,legal wait: no active movement route,0.0,0.0,0.0
216,tarsgo-hero,tarsgo-rmuc-2026-region,hero,14044.356,14055.51,structure:blue-outpost,21400.0,7500.0,进攻前哨站,2,11512.799,active,0,0,True,True,False,moving,0.0,0.017,559.891
216,tarsgo-engineer,tarsgo-rmuc-2026-region,engineer,3194.0,13050.0,zone:supply:red,,,后方待命,0,0.0,none,0,0,True,True,False,legal wait: no active movement route,0.0,0.083,0.0
216,tarsgo-infantry-1,tarsgo-rmuc-2026-region,infantry,14750.451,14500.0,,,,等待复活,0,0.0,none,0,0,False,False,False,dead/respawning,0.0,0.217,0.0
216,tarsgo-infantry-2,tarsgo-rmuc-2026-region,infantry,18187.387,14009.679,,,,等待复活,0,0.0,none,0,0,False,False,False,dead/respawning,0.0,0.217,0.0
216,tarsgo-sentry,tarsgo-rmuc-2026-region,sentry,18428.317,12962.252,zone:supply:red,2600.0,13732.0,回撤补给,3,16965.192,active,0,0,True,True,False,moving,0.0,0.017,162.803
216,tarsgo-drone,tarsgo-rmuc-2026-region,drone,24914.207,500.001,robot:opponent-engineer,,,空中压制敌方工程,0,0.0,none,0,0,True,True,False,legal wait: no active movement route,0.0,0.0,0.0
216,opponent-hero,opponent-rmuc-2026-region,hero,23001.791,962.595,structure:red-outpost,6600.0,7500.0,进攻前哨站,3,23919.415,active,0,0,True,True,False,moving,0.0,0.0,31.667
216,opponent-engineer,opponent-rmuc-2026-region,engineer,24806.0,1950.0,zone:supply:blue,,,后方待命,0,0.0,none,0,0,True,True,False,legal wait: no active movement route,0.0,0.0,0.0
216,opponent-infantry-1,opponent-rmuc-2026-region,infantry,23541.684,5575.332,defense:blue-outpost,21616.0,8160.0,防守前哨站,1,3223.161,active,0,0,True,True,False,moving,0.0,0.0,1900.0
216,opponent-infantry-2,opponent-rmuc-2026-region,infantry,23065.804,4029.865,robot:tarsgo-sentry,18276.988,13241.559,集火残血目标,2,10602.626,active,0,0,True,True,False,moving,0.0,1.783,1868.311
216,opponent-sentry,opponent-rmuc-2026-region,sentry,21412.451,6708.081,defense:blue-outpost,,,防守前哨站,0,0.0,none,0,0,True,True,False,legal wait: no active movement route,0.0,0.0,0.0
216,opponent-drone,opponent-rmuc-2026-region,drone,17966.389,14302.017,robot:tarsgo-sentry,,,空中压制残血目标,0,0.0,none,0,0,True,True,False,legal wait: no active movement route,0.0,0.0,0.0
217,tarsgo-hero,tarsgo-rmuc-2026-region,hero,15931.855,14273.106,structure:blue-outpost,21400.0,7500.0,进攻前哨站,2,9612.799,active,0,0,True,True,False,moving,0.0,0.017,1900.0
217,tarsgo-engineer,tarsgo-rmuc-2026-region,engineer,3194.0,13050.0,zone:supply:red,,,后方待命,0,0.0,none,0,0,True,True,False,legal wait: no active movement route,0.0,0.083,0.0
217,tarsgo-infantry-1,tarsgo-rmuc-2026-region,infantry,14750.451,14500.0,,,,等待复活,0,0.0,none,0,0,False,False,False,dead/respawning,0.0,0.217,0.0
217,tarsgo-infantry-2,tarsgo-rmuc-2026-region,infantry,18187.387,14009.679,,,,等待复活,0,0.0,none,0,0,False,False,False,dead/respawning,0.0,0.217,0.0
217,tarsgo-sentry,tarsgo-rmuc-2026-region,sentry,18599.384,13286.875,zone:supply:red,2600.0,13732.0,回撤补给,3,16739.509,active,0,0,True,True,False,moving,0.0,0.017,366.939
217,tarsgo-drone,tarsgo-rmuc-2026-region,drone,24914.207,500.001,robot:opponent-engineer,,,空中压制敌方工程,0,0.0,none,0,0,True,True,False,legal wait: no active movement route,0.0,0.0,0.0
217,opponent-hero,opponent-rmuc-2026-region,hero,21107.227,818.963,structure:red-outpost,6600.0,7500.0,进攻前哨站,3,22019.415,active,0,0,True,True,False,moving,0.0,0.0,1900.0
217,opponent-engineer,opponent-rmuc-2026-region,engineer,24806.0,1950.0,zone:supply:blue,,,后方待命,0,0.0,none,0,0,True,True,False,legal wait: no active movement route,0.0,0.0,0.0
217,opponent-infantry-1,opponent-rmuc-2026-region,infantry,22406.525,7098.951,defense:blue-outpost,21616.0,8160.0,防守前哨站,1,1323.161,active,0,0,True,True,False,moving,0.0,0.0,1900.0
217,opponent-infantry-2,opponent-rmuc-2026-region,infantry,22043.897,5631.647,robot:tarsgo-sentry,18350.096,13456.224,集火残血目标,2,8917.78,active,0,0,True,True,False,moving,0.0,1.783,1900.0
217,opponent-sentry,opponent-rmuc-2026-region,sentry,21412.451,6708.081,defense:blue-outpost,,,防守前哨站,0,0.0,none,0,0,True,True,False,legal wait: no active movement route,0.0,0.0,0.0
217,opponent-drone,opponent-rmuc-2026-region,drone,17966.389,14302.017,robot:tarsgo-sentry,,,空中压制残血目标,0,0.0,none,0,0,True,True,False,legal wait: no active movement route,0.0,0.0,0.0
218,tarsgo-hero,tarsgo-rmuc-2026-region,hero,17819.353,14490.703,structure:blue-outpost,21400.0,7500.0,进攻前哨站,2,7712.799,active,0,0,True,True,False,moving,0.0,0.017,1900.0
218,tarsgo-engineer,tarsgo-rmuc-2026-region,engineer,3194.0,13050.0,zone:supply:red,,,后方待命,0,0.0,none,0,0,True,True,False,legal wait: no active movement route,0.0,0.083,0.0
218,tarsgo-infantry-1,tarsgo-rmuc-2026-region,infantry,14750.451,14500.0,,,,等待复活,0,0.0,none,0,0,False,False,False,dead/respawning,0.0,0.217,0.0
218,tarsgo-infantry-2,tarsgo-rmuc-2026-region,infantry,18187.387,14009.679,,,,等待复活,0,0.0,none,0,0,False,False,False,dead/respawning,0.0,0.217,0.0
218,tarsgo-sentry,tarsgo-rmuc-2026-region,sentry,18317.167,13008.736,zone:supply:red,2600.0,13732.0,回撤补给,4,17256.591,active,0,0,True,False,False,movement permission or chassis power lock,0.0,0.017,396.242
218,tarsgo-drone,tarsgo-rmuc-2026-region,drone,24914.207,500.001,robot:opponent-engineer,,,空中压制敌方工程,0,0.0,none,0,0,True,True,False,legal wait: no active movement route,0.0,0.0,0.0
218,opponent-hero,opponent-rmuc-2026-region,hero,19212.664,675.33,structure:red-outpost,6600.0,7500.0,进攻前哨站,3,20119.415,active,0,0,True,True,False,moving,0.0,0.0,1900.0
218,opponent-engineer,opponent-rmuc-2026-region,engineer,24806.0,1950.0,zone:supply:blue,,,后方待命,0,0.0,none,0,0,True,True,False,legal wait: no active movement route,0.0,0.0,0.0
218,opponent-infantry-1,opponent-rmuc-2026-region,infantry,21365.14,8686.264,robot:tarsgo-sentry,18366.379,13544.815,集火残血目标,1,5709.474,active,0,0,True,True,False,moving,0.0,0.0,1898.432
218,opponent-infantry-2,opponent-rmuc-2026-region,infantry,21382.431,5672.285,defense:blue-outpost,21184.0,6840.0,防守前哨站,1,1184.455,active,0,0,True,True,False,moving,0.0,1.783,662.713
218,opponent-sentry,opponent-rmuc-2026-region,sentry,21412.451,6708.081,defense:blue-outpost,,,防守前哨站,0,0.0,none,0,0,True,True,False,legal wait: no active movement route,0.0,0.0,0.0
218,opponent-drone,opponent-rmuc-2026-region,drone,17966.389,14302.017,robot:tarsgo-sentry,,,空中压制残血目标,0,0.0,none,0,0,True,True,False,legal wait: no active movement route,0.0,0.0,0.0
219,tarsgo-hero,tarsgo-rmuc-2026-region,hero,17981.19,14313.05,structure:blue-outpost,21400.0,7500.0,进攻前哨站,1,7427.799,active,0,0,True,True,True,collision/yield,0.85,0.85,240.316
219,tarsgo-engineer,tarsgo-rmuc-2026-region,engineer,3194.0,13050.0,zone:supply:red,,,后方待命,0,0.0,none,0,0,True,True,False,legal wait: no active movement route,0.0,0.083,0.0
219,tarsgo-infantry-1,tarsgo-rmuc-2026-region,infantry,14750.451,14500.0,,,,等待复活,0,0.0,none,0,0,False,False,False,dead/respawning,0.0,0.217,0.0
219,tarsgo-infantry-2,tarsgo-rmuc-2026-region,infantry,18187.387,14009.679,,,,等待复活,0,0.0,none,0,0,False,False,False,dead/respawning,0.0,0.217,0.0
219,tarsgo-sentry,tarsgo-rmuc-2026-region,sentry,18317.167,13008.736,zone:supply:red,2600.0,13732.0,回撤补给,4,17256.591,active,0,0,True,False,False,movement permission or chassis power lock,0.0,0.017,0.0
219,tarsgo-drone,tarsgo-rmuc-2026-region,drone,24914.207,500.001,robot:opponent-engineer,,,空中压制敌方工程,0,0.0,none,0,0,True,True,False,legal wait: no active movement route,0.0,0.0,0.0
219,opponent-hero,opponent-rmuc-2026-region,hero,18296.959,605.908,structure:red-outpost,,,进攻前哨站,0,0.0,searching,4,4,True,True,False,waiting for path search,0.0,0.0,918.333
219,opponent-engineer,opponent-rmuc-2026-region,engineer,24806.0,1950.0,zone:supply:blue,,,后方待命,0,0.0,none,0,0,True,True,False,legal wait: no active movement route,0.0,0.0,0.0
219,opponent-infantry-1,opponent-rmuc-2026-region,infantry,20273.407,10241.08,robot:tarsgo-sentry,18317.167,13008.736,集火残血目标,1,3389.218,active,0,0,True,True,False,moving,0.0,0.0,1899.825
219,opponent-infantry-2,opponent-rmuc-2026-region,infantry,20805.918,6076.665,defense:blue-outpost,21184.0,6840.0,防守前哨站,1,851.837,active,0,0,True,True,False,moving,0.0,1.783,704.194
219,opponent-sentry,opponent-rmuc-2026-region,sentry,21412.451,6708.081,defense:blue-outpost,,,防守前哨站,0,0.0,none,0,0,True,True,False,legal wait: no active movement route,0.0,0.0,0.0
219,opponent-drone,opponent-rmuc-2026-region,drone,17966.389,14302.017,robot:tarsgo-sentry,,,空中压制残血目标,0,0.0,none,0,0,True,True,False,legal wait: no active movement route,0.0,0.0,0.0
220,tarsgo-hero,tarsgo-rmuc-2026-region,hero,18550.774,14349.742,structure:blue-outpost,21400.0,7500.0,进攻前哨站,4,7824.296,active,0,0,True,True,False,moving,0.0,1.483,570.765
220,tarsgo-engineer,tarsgo-rmuc-2026-region,engineer,3194.0,13050.0,zone:supply:red,,,后方待命,0,0.0,none,0,0,True,True,False,legal wait: no active movement route,0.0,0.083,0.0
220,tarsgo-infantry-1,tarsgo-rmuc-2026-region,infantry,14750.451,14500.0,,,,等待复活,0,0.0,none,0,0,False,False,False,dead/respawning,0.0,0.217,0.0
220,tarsgo-infantry-2,tarsgo-rmuc-2026-region,infantry,18187.387,14009.679,,,,等待复活,0,0.0,none,0,0,False,False,False,dead/respawning,0.0,0.217,0.0
220,tarsgo-sentry,tarsgo-rmuc-2026-region,sentry,18317.167,13008.736,zone:supply:red,2600.0,13732.0,回撤补给,4,17256.591,active,0,0,True,False,False,movement permission or chassis power lock,0.0,0.017,0.0
220,tarsgo-drone,tarsgo-rmuc-2026-region,drone,24914.207,500.001,robot:opponent-engineer,,,空中压制敌方工程,0,0.0,none,0,0,True,True,False,legal wait: no active movement route,0.0,0.0,0.0
220,opponent-hero,opponent-rmuc-2026-region,hero,17634.547,547.297,structure:red-outpost,6600.0,7500.0,进攻前哨站,3,18536.749,active,0,0,True,True,False,moving,0.0,0.0,665.0
220,opponent-engineer,opponent-rmuc-2026-region,engineer,24806.0,1950.0,zone:supply:blue,,,后方待命,0,0.0,none,0,0,True,True,False,legal wait: no active movement route,0.0,0.0,0.0
220,opponent-infantry-1,opponent-rmuc-2026-region,infantry,19670.238,11094.433,robot:tarsgo-sentry,,,集火残血目标,0,0.0,none,0,0,True,True,False,legal wait: no active movement route,0.0,0.0,1045.0
220,opponent-infantry-2,opponent-rmuc-2026-region,infantry,20663.016,6701.57,defense:blue-outpost,21184.0,6840.0,防守前哨站,1,539.062,active,0,0,True,True,False,moving,0.0,1.783,641.037
220,opponent-sentry,opponent-rmuc-2026-region,sentry,21412.451,6708.081,defense:blue-outpost,,,防守前哨站,0,0.0,none,0,0,True,True,False,legal wait: no active movement route,0.0,0.0,0.0
220,opponent-drone,opponent-rmuc-2026-region,drone,17966.389,14302.017,robot:tarsgo-sentry,,,空中压制残血目标,0,0.0,none,0,0,True,True,False,legal wait: no active movement route,0.0,0.0,0.0
221,tarsgo-hero,tarsgo-rmuc-2026-region,hero,18654.354,13764.903,structure:blue-outpost,21400.0,7500.0,进攻前哨站,2,7280.423,active,0,0,True,True,False,moving,0.0,1.483,593.941
221,tarsgo-engineer,tarsgo-rmuc-2026-region,engineer,3194.0,13050.0,zone:supply:red,,,后方待命,0,0.0,none,0,0,True,True,False,legal wait: no active movement route,0.0,0.083,0.0
221,tarsgo-infantry-1,tarsgo-rmuc-2026-region,infantry,14750.451,14500.0,,,,等待复活,0,0.0,none,0,0,False,False,False,dead/respawning,0.0,0.217,0.0
221,tarsgo-infantry-2,tarsgo-rmuc-2026-region,infantry,18187.387,14009.679,,,,等待复活,0,0.0,none,0,0,False,False,False,dead/respawning,0.0,0.217,0.0
221,tarsgo-sentry,tarsgo-rmuc-2026-region,sentry,18317.167,13008.736,zone:supply:red,2600.0,13732.0,回撤补给,4,17256.591,active,0,0,True,False,False,movement permission or chassis power lock,0.0,0.017,0.0
221,tarsgo-drone,tarsgo-rmuc-2026-region,drone,24914.207,500.001,robot:opponent-engineer,,,空中压制敌方工程,0,0.0,none,0,0,True,True,False,legal wait: no active movement route,0.0,0.0,0.0
221,opponent-hero,opponent-rmuc-2026-region,hero,15736.635,500.0,structure:red-outpost,6600.0,7500.0,进攻前哨站,2,16636.749,active,0,0,True,True,False,moving,0.0,0.0,1898.501
221,opponent-engineer,opponent-rmuc-2026-region,engineer,24806.0,1950.0,zone:supply:blue,,,后方待命,0,0.0,none,0,0,True,True,False,legal wait: no active movement route,0.0,0.0,0.0
221,opponent-infantry-1,opponent-rmuc-2026-region,infantry,19670.238,11094.433,robot:tarsgo-sentry,,,集火残血目标,0,0.0,none,0,0,True,True,False,legal wait: no active movement route,0.0,0.0,0.0
221,opponent-infantry-2,opponent-rmuc-2026-region,infantry,21036.472,6827.464,defense:blue-outpost,,,防守前哨站,0,0.0,none,0,0,True,True,False,legal wait: no active movement route,0.0,1.783,394.106
221,opponent-sentry,opponent-rmuc-2026-region,sentry,21412.451,6708.081,defense:blue-outpost,,,防守前哨站,0,0.0,none,0,0,True,True,False,legal wait: no active movement route,0.0,0.0,0.0
221,opponent-drone,opponent-rmuc-2026-region,drone,17966.389,14302.017,robot:tarsgo-sentry,,,空中压制残血目标,0,0.0,none,0,0,True,True,False,legal wait: no active movement route,0.0,0.0,0.0
222,tarsgo-hero,tarsgo-rmuc-2026-region,hero,19084.129,13386.462,structure:blue-outpost,21400.0,7500.0,进攻前哨站,1,6172.09,active,0,0,True,False,False,movement permission or chassis power lock,0.0,1.483,572.646
222,tarsgo-engineer,tarsgo-rmuc-2026-region,engineer,3194.0,13050.0,zone:supply:red,,,后方待命,0,0.0,none,0,0,True,True,False,legal wait: no active movement route,0.0,0.083,0.0
222,tarsgo-infantry-1,tarsgo-rmuc-2026-region,infantry,14750.451,14500.0,,,,等待复活,0,0.0,none,0,0,False,False,False,dead/respawning,0.0,0.217,0.0
222,tarsgo-infantry-2,tarsgo-rmuc-2026-region,infantry,18187.387,14009.679,,,,等待复活,0,0.0,none,0,0,False,False,False,dead/respawning,0.0,0.217,0.0
222,tarsgo-sentry,tarsgo-rmuc-2026-region,sentry,18317.167,13008.736,zone:supply:red,2600.0,13732.0,回撤补给,4,17256.591,active,0,0,True,False,False,movement permission or chassis power lock,0.0,0.017,0.0
222,tarsgo-drone,tarsgo-rmuc-2026-region,drone,24914.207,500.001,robot:opponent-engineer,,,空中压制敌方工程,0,0.0,none,0,0,True,True,False,legal wait: no active movement route,0.0,0.0,0.0
222,opponent-hero,opponent-rmuc-2026-region,hero,13836.635,500.0,structure:red-outpost,6600.0,7500.0,进攻前哨站,2,14736.749,active,0,0,True,True,False,moving,0.0,0.0,1900.0
222,opponent-engineer,opponent-rmuc-2026-region,engineer,24806.0,1950.0,zone:supply:blue,,,后方待命,0,0.0,none,0,0,True,True,False,legal wait: no active movement route,0.0,0.0,0.0
222,opponent-infantry-1,opponent-rmuc-2026-region,infantry,19670.238,11094.433,robot:tarsgo-sentry,,,集火残血目标,0,0.0,none,0,0,True,True,False,legal wait: no active movement route,0.0,0.0,0.0
222,opponent-infantry-2,opponent-rmuc-2026-region,infantry,21036.472,6827.464,defense:blue-outpost,,,防守前哨站,0,0.0,none,0,0,True,True,False,legal wait: no active movement route,0.0,1.783,0.0
222,opponent-sentry,opponent-rmuc-2026-region,sentry,21412.451,6708.081,defense:blue-outpost,,,防守前哨站,0,0.0,none,0,0,True,True,False,legal wait: no active movement route,0.0,0.0,0.0
222,opponent-drone,opponent-rmuc-2026-region,drone,17966.389,14302.017,robot:tarsgo-sentry,,,空中压制残血目标,0,0.0,none,0,0,True,True,False,legal wait: no active movement route,0.0,0.0,0.0
223,tarsgo-hero,tarsgo-rmuc-2026-region,hero,19084.129,13386.462,zone:supply:red,2006.0,13050.0,前往补给区,3,17599.306,active,0,0,True,False,False,movement permission or chassis power lock,0.0,1.483,0.0
223,tarsgo-engineer,tarsgo-rmuc-2026-region,engineer,3194.0,13050.0,zone:supply:red,,,后方待命,0,0.0,none,0,0,True,True,False,legal wait: no active movement route,0.0,0.083,0.0
223,tarsgo-infantry-1,tarsgo-rmuc-2026-region,infantry,14750.451,14500.0,,,,等待复活,0,0.0,none,0,0,False,False,False,dead/respawning,0.0,0.217,0.0
223,tarsgo-infantry-2,tarsgo-rmuc-2026-region,infantry,18187.387,14009.679,,,,等待复活,0,0.0,none,0,0,False,False,False,dead/respawning,0.0,0.217,0.0
223,tarsgo-sentry,tarsgo-rmuc-2026-region,sentry,18167.872,13374.054,zone:supply:red,2600.0,13732.0,回撤补给,3,16496.591,active,0,0,True,True,False,moving,0.0,0.017,394.647
223,tarsgo-drone,tarsgo-rmuc-2026-region,drone,24914.207,500.001,robot:opponent-engineer,,,空中压制敌方工程,0,0.0,none,0,0,True,True,False,legal wait: no active movement route,0.0,0.0,0.0
223,opponent-hero,opponent-rmuc-2026-region,hero,11936.635,500.0,structure:red-outpost,6600.0,7500.0,进攻前哨站,2,12836.749,active,0,0,True,True,False,moving,0.0,0.0,1900.0
223,opponent-engineer,opponent-rmuc-2026-region,engineer,24806.0,1950.0,zone:supply:blue,,,后方待命,0,0.0,none,0,0,True,True,False,legal wait: no active movement route,0.0,0.0,0.0
223,opponent-infantry-1,opponent-rmuc-2026-region,infantry,19670.238,11094.433,robot:tarsgo-sentry,,,集火残血目标,0,0.0,none,0,0,True,True,False,legal wait: no active movement route,0.0,0.0,0.0
223,opponent-infantry-2,opponent-rmuc-2026-region,infantry,21036.472,6827.464,defense:blue-outpost,,,防守前哨站,0,0.0,none,0,0,True,True,False,legal wait: no active movement route,0.0,1.783,0.0
223,opponent-sentry,opponent-rmuc-2026-region,sentry,21412.451,6708.081,defense:blue-outpost,,,防守前哨站,0,0.0,none,0,0,True,True,False,legal wait: no active movement route,0.0,0.0,0.0
223,opponent-drone,opponent-rmuc-2026-region,drone,17966.389,14302.017,robot:tarsgo-sentry,,,空中压制残血目标,0,0.0,none,0,0,True,True,False,legal wait: no active movement route,0.0,0.0,0.0
224,tarsgo-hero,tarsgo-rmuc-2026-region,hero,19084.129,13386.462,zone:supply:red,2006.0,13050.0,前往补给区,3,17599.306,active,0,0,True,False,False,movement permission or chassis power lock,0.0,1.483,0.0
224,tarsgo-engineer,tarsgo-rmuc-2026-region,engineer,3194.0,13050.0,zone:supply:red,,,后方待命,0,0.0,none,0,0,True,True,False,legal wait: no active movement route,0.0,0.083,0.0
224,tarsgo-infantry-1,tarsgo-rmuc-2026-region,infantry,14750.451,14500.0,,,,等待复活,0,0.0,none,0,0,False,False,False,dead/respawning,0.0,0.217,0.0
224,tarsgo-infantry-2,tarsgo-rmuc-2026-region,infantry,18187.387,14009.679,,,,等待复活,0,0.0,none,0,0,False,False,False,dead/respawning,0.0,0.217,0.0
224,tarsgo-sentry,tarsgo-rmuc-2026-region,sentry,18240.504,13610.99,zone:supply:red,2600.0,13732.0,回撤补给,3,16291.208,active,0,0,True,True,False,moving,0.0,0.017,247.818
224,tarsgo-drone,tarsgo-rmuc-2026-region,drone,24914.207,500.001,robot:opponent-engineer,,,空中压制敌方工程,0,0.0,none,0,0,True,True,False,legal wait: no active movement route,0.0,0.0,0.0
224,opponent-hero,opponent-rmuc-2026-region,hero,10036.635,500.0,structure:red-outpost,6600.0,7500.0,进攻前哨站,2,10936.749,active,0,0,True,True,False,moving,0.0,0.0,1900.0
224,opponent-engineer,opponent-rmuc-2026-region,engineer,24806.0,1950.0,zone:supply:blue,,,后方待命,0,0.0,none,0,0,True,True,False,legal wait: no active movement route,0.0,0.0,0.0
224,opponent-infantry-1,opponent-rmuc-2026-region,infantry,18968.962,12224.527,robot:tarsgo-sentry,18238.719,13401.3,集火残血目标,1,1384.937,active,0,0,True,True,False,moving,0.0,0.0,1330.0
224,opponent-infantry-2,opponent-rmuc-2026-region,infantry,21036.472,6827.464,defense:blue-outpost,,,防守前哨站,0,0.0,none,0,0,True,True,False,legal wait: no active movement route,0.0,1.783,0.0
224,opponent-sentry,opponent-rmuc-2026-region,sentry,21412.451,6708.081,defense:blue-outpost,,,防守前哨站,0,0.0,none,0,0,True,True,False,legal wait: no active movement route,0.0,0.0,0.0
224,opponent-drone,opponent-rmuc-2026-region,drone,17966.389,14302.017,robot:tarsgo-sentry,,,空中压制残血目标,0,0.0,none,0,0,True,True,False,legal wait: no active movement route,0.0,0.0,0.0
225,tarsgo-hero,tarsgo-rmuc-2026-region,hero,19084.129,13386.462,zone:supply:red,2006.0,13050.0,前往补给区,3,17599.306,active,0,0,True,False,False,movement permission or chassis power lock,0.0,1.483,0.0
225,tarsgo-engineer,tarsgo-rmuc-2026-region,engineer,3194.0,13050.0,zone:supply:red,,,后方待命,0,0.0,none,0,0,True,True,False,legal wait: no active movement route,0.0,0.083,0.0
225,tarsgo-infantry-1,tarsgo-rmuc-2026-region,infantry,14750.451,14500.0,,,,等待复活,0,0.0,none,0,0,False,False,False,dead/respawning,0.0,0.217,0.0
225,tarsgo-infantry-2,tarsgo-rmuc-2026-region,infantry,18187.387,14009.679,,,,等待复活,0,0.0,none,0,0,False,False,False,dead/respawning,0.0,0.217,0.0
225,tarsgo-sentry,tarsgo-rmuc-2026-region,sentry,17895.637,13773.98,zone:supply:red,2600.0,13732.0,回撤补给,3,16065.252,active,0,0,True,True,True,collision/yield,0.05,0.05,381.443
225,tarsgo-drone,tarsgo-rmuc-2026-region,drone,24914.207,500.001,robot:opponent-engineer,,,空中压制敌方工程,0,0.0,none,0,0,True,True,False,legal wait: no active movement route,0.0,0.0,0.0
225,opponent-hero,opponent-rmuc-2026-region,hero,8136.635,500.0,structure:red-outpost,6600.0,7500.0,进攻前哨站,2,9036.749,active,0,0,True,True,False,moving,0.0,0.0,1900.0
225,opponent-engineer,opponent-rmuc-2026-region,engineer,24806.0,1950.0,zone:supply:blue,,,后方待命,0,0.0,none,0,0,True,True,False,legal wait: no active movement route,0.0,0.0,0.0
225,opponent-infantry-1,opponent-rmuc-2026-region,infantry,19852.04,10986.934,zone:supply:blue,25724.0,2632.0,前往补给区,1,10211.995,active,0,0,True,True,False,moving,0.0,0.0,1520.35
225,opponent-infantry-2,opponent-rmuc-2026-region,infantry,21036.472,6827.464,defense:blue-outpost,,,防守前哨站,0,0.0,none,0,0,True,True,False,legal wait: no active movement route,0.0,1.783,0.0
225,opponent-sentry,opponent-rmuc-2026-region,sentry,21412.451,6708.081,defense:blue-outpost,,,防守前哨站,0,0.0,none,0,0,True,True,False,legal wait: no active movement route,0.0,0.0,0.0
225,opponent-drone,opponent-rmuc-2026-region,drone,17966.389,14302.017,robot:tarsgo-sentry,,,空中压制残血目标,0,0.0,none,0,0,True,True,False,legal wait: no active movement route,0.0,0.0,0.0
226,tarsgo-hero,tarsgo-rmuc-2026-region,hero,19084.129,13386.462,zone:supply:red,2006.0,13050.0,前往补给区,3,17599.306,active,0,0,True,False,False,movement permission or chassis power lock,0.0,1.483,0.0
226,tarsgo-engineer,tarsgo-rmuc-2026-region,engineer,3194.0,13050.0,zone:supply:red,,,后方待命,0,0.0,none,0,0,True,True,False,legal wait: no active movement route,0.0,0.083,0.0
226,tarsgo-infantry-1,tarsgo-rmuc-2026-region,infantry,14655.451,14500.0,zone:supply:red,2276.0,12368.0,回撤补给,2,12664.729,active,0,0,True,True,False,moving,0.0,0.217,95.0
226,tarsgo-infantry-2,tarsgo-rmuc-2026-region,infantry,18187.387,14009.679,,,,等待复活,0,0.0,none,0,0,False,False,False,dead/respawning,0.0,0.217,0.0
226,tarsgo-sentry,tarsgo-rmuc-2026-region,sentry,17895.637,13773.98,zone:supply:red,2600.0,13732.0,回撤补给,3,16065.252,active,0,0,True,True,True,collision/yield,1.05,1.05,0.0
226,tarsgo-drone,tarsgo-rmuc-2026-region,drone,24914.207,500.001,robot:opponent-engineer,,,空中压制敌方工程,0,0.0,none,0,0,True,True,False,legal wait: no active movement route,0.0,0.0,0.0
226,opponent-hero,opponent-rmuc-2026-region,hero,6236.635,500.0,structure:red-outpost,6600.0,7500.0,进攻前哨站,2,7136.749,active,0,0,True,True,False,moving,0.0,0.0,1900.0
226,opponent-engineer,opponent-rmuc-2026-region,engineer,24806.0,1950.0,zone:supply:blue,,,后方待命,0,0.0,none,0,0,True,True,False,legal wait: no active movement route,0.0,0.0,0.0
226,opponent-infantry-1,opponent-rmuc-2026-region,infantry,20944.552,9432.451,zone:supply:blue,25724.0,2632.0,前往补给区,1,8311.995,active,0,0,True,True,False,moving,0.0,0.0,1900.0
226,opponent-infantry-2,opponent-rmuc-2026-region,infantry,21036.472,6827.464,defense:blue-outpost,,,防守前哨站,0,0.0,none,0,0,True,True,False,legal wait: no active movement route,0.0,1.783,0.0
226,opponent-sentry,opponent-rmuc-2026-region,sentry,21412.451,6708.081,defense:blue-outpost,,,防守前哨站,0,0.0,none,0,0,True,True,False,legal wait: no active movement route,0.0,0.0,0.0
226,opponent-drone,opponent-rmuc-2026-region,drone,17966.389,14302.017,robot:tarsgo-sentry,,,空中压制残血目标,0,0.0,none,0,0,True,True,False,legal wait: no active movement route,0.0,0.0,0.0
227,tarsgo-hero,tarsgo-rmuc-2026-region,hero,18758.772,13687.348,zone:supply:red,2006.0,13050.0,前往补给区,3,17205.18,active,0,0,True,True,False,moving,0.0,1.483,443.158
227,tarsgo-engineer,tarsgo-rmuc-2026-region,engineer,3194.0,13050.0,zone:supply:red,,,后方待命,0,0.0,none,0,0,True,True,False,legal wait: no active movement route,0.0,0.083,0.0
227,tarsgo-infantry-1,tarsgo-rmuc-2026-region,infantry,12755.451,14500.0,zone:supply:red,2276.0,12368.0,回撤补给,2,10764.729,active,0,0,True,True,False,moving,0.0,0.217,1900.0
227,tarsgo-infantry-2,tarsgo-rmuc-2026-region,infantry,18187.387,14009.679,,,,等待复活,0,0.0,none,0,0,False,False,False,dead/respawning,0.0,0.217,0.0
227,tarsgo-sentry,tarsgo-rmuc-2026-region,sentry,18645.581,14063.256,zone:supply:red,2600.0,13732.0,回撤补给,5,16450.428,active,0,0,True,True,False,moving,0.0,1.4,803.801
227,tarsgo-drone,tarsgo-rmuc-2026-region,drone,24914.207,500.001,robot:opponent-engineer,,,空中压制敌方工程,0,0.0,none,0,0,True,True,False,legal wait: no active movement route,0.0,0.0,0.0
227,opponent-hero,opponent-rmuc-2026-region,hero,6110.076,2263.336,structure:red-outpost,6600.0,7500.0,进攻前哨站,1,5236.749,active,0,0,True,True,False,moving,0.0,0.0,1767.872
227,opponent-engineer,opponent-rmuc-2026-region,engineer,24806.0,1950.0,zone:supply:blue,,,后方待命,0,0.0,none,0,0,True,True,False,legal wait: no active movement route,0.0,0.0,0.0
227,opponent-infantry-1,opponent-rmuc-2026-region,infantry,22037.063,7877.967,zone:supply:blue,25724.0,2632.0,前往补给区,1,6411.995,active,0,0,True,True,False,moving,0.0,0.0,1900.0
227,opponent-infantry-2,opponent-rmuc-2026-region,infantry,20497.258,8146.507,robot:tarsgo-infantry-1,12787.117,14500.0,集火残血目标,2,11976.746,active,0,0,True,True,False,moving,0.0,1.783,1425.0
227,opponent-sentry,opponent-rmuc-2026-region,sentry,21412.451,6708.081,defense:blue-outpost,,,防守前哨站,0,0.0,none,0,0,True,True,False,legal wait: no active movement route,0.0,0.0,0.0
227,opponent-drone,opponent-rmuc-2026-region,drone,17966.389,14302.017,robot:tarsgo-sentry,,,空中压制残血目标,0,0.0,none,0,0,True,True,False,legal wait: no active movement route,0.0,0.0,0.0
228,tarsgo-hero,tarsgo-rmuc-2026-region,hero,18500.568,13735.215,zone:supply:red,2006.0,13050.0,前往补给区,3,16995.262,active,0,0,True,True,False,moving,0.0,1.483,262.604
228,tarsgo-engineer,tarsgo-rmuc-2026-region,engineer,3194.0,13050.0,zone:supply:red,,,后方待命,0,0.0,none,0,0,True,True,False,legal wait: no active movement route,0.0,0.083,0.0
228,tarsgo-infantry-1,tarsgo-rmuc-2026-region,infantry,10855.451,14500.0,zone:supply:red,2276.0,12368.0,回撤补给,2,8864.729,active,0,0,True,True,False,moving,0.0,0.217,1900.0
228,tarsgo-infantry-2,tarsgo-rmuc-2026-region,infantry,18187.387,14009.679,,,,等待复活,0,0.0,none,0,0,False,False,False,dead/respawning,0.0,0.217,0.0
228,tarsgo-sentry,tarsgo-rmuc-2026-region,sentry,17111.209,14500.0,zone:supply:red,2600.0,13732.0,回撤补给,2,14550.428,active,0,0,True,True,False,moving,0.0,1.4,1595.32
228,tarsgo-drone,tarsgo-rmuc-2026-region,drone,24914.207,500.001,robot:opponent-engineer,,,空中压制敌方工程,0,0.0,none,0,0,True,True,False,legal wait: no active movement route,0.0,0.0,0.0
228,opponent-hero,opponent-rmuc-2026-region,hero,6120.933,4163.305,structure:red-outpost,6600.0,7500.0,进攻前哨站,1,3336.749,active,0,0,True,True,False,moving,0.0,0.0,1900.0
228,opponent-engineer,opponent-rmuc-2026-region,engineer,24806.0,1950.0,zone:supply:blue,,,后方待命,0,0.0,none,0,0,True,True,False,legal wait: no active movement route,0.0,0.0,0.0
228,opponent-infantry-1,opponent-rmuc-2026-region,infantry,23129.575,6323.484,zone:supply:blue,25724.0,2632.0,前往补给区,1,4511.995,active,0,0,True,True,False,moving,0.0,0.0,1900.0
228,opponent-infantry-2,opponent-rmuc-2026-region,infantry,19778.306,9905.23,robot:tarsgo-infantry-1,11362.117,14500.0,集火残血目标,2,11501.746,active,0,0,True,True,False,moving,0.0,1.783,1900.0
228,opponent-sentry,opponent-rmuc-2026-region,sentry,21412.451,6708.081,defense:blue-outpost,,,防守前哨站,0,0.0,none,0,0,True,True,False,legal wait: no active movement route,0.0,0.0,0.0
228,opponent-drone,opponent-rmuc-2026-region,drone,17956.321,14332.041,robot:tarsgo-sentry,17142.875,14500.0,空中压制残血目标,2,934.275,active,0,0,True,True,False,moving,0.0,0.0,31.667
229,tarsgo-hero,tarsgo-rmuc-2026-region,hero,18247.649,13481.796,zone:supply:red,2006.0,13050.0,前往补给区,4,18359.027,active,0,0,True,True,False,moving,0.0,1.483,358.035
229,tarsgo-engineer,tarsgo-rmuc-2026-region,engineer,3194.0,13050.0,zone:supply:red,,,后方待命,0,0.0,none,0,0,True,True,False,legal wait: no active movement route,0.0,0.083,0.0
229,tarsgo-infantry-1,tarsgo-rmuc-2026-region,infantry,8995.715,14199.088,zone:supply:red,2276.0,12368.0,回撤补给,1,6964.729,active,0,0,True,True,False,moving,0.0,0.217,1883.923
229,tarsgo-infantry-2,tarsgo-rmuc-2026-region,infantry,18187.387,14009.679,,,,等待复活,0,0.0,none,0,0,False,False,False,dead/respawning,0.0,0.217,0.0
229,tarsgo-sentry,tarsgo-rmuc-2026-region,sentry,15211.209,14500.0,zone:supply:red,2600.0,13732.0,回撤补给,2,12650.428,active,0,0,True,True,False,moving,0.0,1.4,1900.0
229,tarsgo-drone,tarsgo-rmuc-2026-region,drone,24914.207,500.001,robot:opponent-engineer,,,空中压制敌方工程,0,0.0,none,0,0,True,True,False,legal wait: no active movement route,0.0,0.0,0.0
229,opponent-hero,opponent-rmuc-2026-region,hero,6546.836,4881.764,zone:supply:blue,25994.0,1950.0,前往补给区,3,22894.394,active,0,0,True,True,False,moving,0.0,0.0,835.211
229,opponent-engineer,opponent-rmuc-2026-region,engineer,24806.0,1950.0,zone:supply:blue,,,后方待命,0,0.0,none,0,0,True,True,False,legal wait: no active movement route,0.0,0.0,0.0
229,opponent-infantry-1,opponent-rmuc-2026-region,infantry,24222.087,4769.001,zone:supply:blue,25724.0,2632.0,前往补给区,1,2611.995,active,0,0,True,True,False,moving,0.0,0.0,1900.0
229,opponent-infantry-2,opponent-rmuc-2026-region,infantry,19059.354,11663.953,robot:tarsgo-infantry-1,9942.848,14457.177,集火残血目标,2,11021.131,active,0,0,True,True,False,moving,0.0,1.783,1900.0
229,opponent-sentry,opponent-rmuc-2026-region,sentry,21412.451,6708.081,defense:blue-outpost,,,防守前哨站,0,0.0,none,0,0,True,True,False,legal wait: no active movement route,0.0,0.0,0.0
229,opponent-drone,opponent-rmuc-2026-region,drone,17142.875,14500.0,robot:tarsgo-sentry,,,空中压制残血目标,0,0.0,none,0,0,True,True,False,legal wait: no active movement route,0.0,0.0,830.605
230,tarsgo-hero,tarsgo-rmuc-2026-region,hero,18065.705,13316.661,zone:supply:red,2006.0,13050.0,前往补给区,4,18166.952,active,0,0,True,True,False,moving,0.0,1.483,245.709
230,tarsgo-engineer,tarsgo-rmuc-2026-region,engineer,3194.0,13050.0,zone:supply:red,,,后方待命,0,0.0,none,0,0,True,True,False,legal wait: no active movement route,0.0,0.083,0.0
230,tarsgo-infantry-1,tarsgo-rmuc-2026-region,infantry,7162.556,13699.561,zone:supply:red,2276.0,12368.0,回撤补给,1,5064.729,active,0,0,True,True,False,moving,0.0,0.217,1900.0
230,tarsgo-infantry-2,tarsgo-rmuc-2026-region,infantry,18187.387,14009.679,,,,等待复活,0,0.0,none,0,0,False,False,False,dead/respawning,0.0,0.217,0.0
230,tarsgo-sentry,tarsgo-rmuc-2026-region,sentry,13311.209,14500.0,zone:supply:red,2600.0,13732.0,回撤补给,2,10750.428,active,0,0,True,True,False,moving,0.0,1.4,1900.0
230,tarsgo-drone,tarsgo-rmuc-2026-region,drone,24914.207,500.001,robot:opponent-engineer,,,空中压制敌方工程,0,0.0,none,0,0,True,True,False,legal wait: no active movement route,0.0,0.0,0.0
230,opponent-hero,opponent-rmuc-2026-region,hero,7743.537,3405.992,zone:supply:blue,25994.0,1950.0,前往补给区,3,20994.394,active,0,0,True,True,False,moving,0.0,0.0,1900.0
230,opponent-engineer,opponent-rmuc-2026-region,engineer,24806.0,1950.0,zone:supply:blue,,,后方待命,0,0.0,none,0,0,True,True,False,legal wait: no active movement route,0.0,0.0,0.0
230,opponent-infantry-1,opponent-rmuc-2026-region,infantry,25314.599,3214.518,zone:supply:blue,25724.0,2632.0,前往补给区,1,711.995,active,0,0,True,True,False,moving,0.0,0.0,1900.0
230,opponent-infantry-2,opponent-rmuc-2026-region,infantry,19475.968,10740.01,defense:blue-outpost,21184.0,6840.0,防守前哨站,1,4257.634,active,0,0,True,True,False,moving,0.0,1.783,1013.528
230,opponent-sentry,opponent-rmuc-2026-region,sentry,21412.451,6708.081,defense:blue-outpost,,,防守前哨站,0,0.0,none,0,0,True,True,False,legal wait: no active movement route,0.0,0.0,0.0
230,opponent-drone,opponent-rmuc-2026-region,drone,16161.209,14500.0,robot:tarsgo-sentry,14292.875,14500.0,空中压制残血目标,1,1868.333,active,0,0,True,True,False,moving,0.0,0.0,981.667
231,tarsgo-hero,tarsgo-rmuc-2026-region,hero,18230.733,13096.423,zone:supply:red,2006.0,13050.0,前往补给区,4,17970.404,active,0,0,True,True,False,moving,0.0,1.483,275.207
231,tarsgo-engineer,tarsgo-rmuc-2026-region,engineer,3194.0,13050.0,zone:supply:red,,,后方待命,0,0.0,none,0,0,True,True,False,legal wait: no active movement route,0.0,0.083,0.0
231,tarsgo-infantry-1,tarsgo-rmuc-2026-region,infantry,5329.397,13200.035,zone:supply:red,2276.0,12368.0,回撤补给,1,3164.729,active,0,0,True,True,False,moving,0.0,0.217,1900.0
231,tarsgo-infantry-2,tarsgo-rmuc-2026-region,infantry,18187.387,14009.679,,,,等待复活,0,0.0,none,0,0,False,False,False,dead/respawning,0.0,0.217,0.0
231,tarsgo-sentry,tarsgo-rmuc-2026-region,sentry,11411.209,14500.0,zone:supply:red,2600.0,13732.0,回撤补给,2,8850.428,active,0,0,True,True,False,moving,0.0,1.4,1900.0
231,tarsgo-drone,tarsgo-rmuc-2026-region,drone,24914.207,500.001,robot:opponent-engineer,,,空中压制敌方工程,0,0.0,none,0,0,True,True,False,legal wait: no active movement route,0.0,0.0,0.0
231,opponent-hero,opponent-rmuc-2026-region,hero,8940.239,1930.219,zone:supply:blue,25994.0,1950.0,前往补给区,3,19094.394,active,0,0,True,True,False,moving,0.0,0.0,1900.0
231,opponent-engineer,opponent-rmuc-2026-region,engineer,24806.0,1950.0,zone:supply:blue,,,后方待命,0,0.0,none,0,0,True,True,False,legal wait: no active movement route,0.0,0.0,0.0
231,opponent-infantry-1,opponent-rmuc-2026-region,infantry,25247.467,3322.027,robot:tarsgo-infantry-1,5696.028,13299.94,集火残血目标,3,25741.109,active,0,0,True,True,False,moving,0.0,0.0,126.747
231,opponent-infantry-2,opponent-rmuc-2026-region,infantry,20238.19,8999.602,defense:blue-outpost,21184.0,6840.0,防守前哨站,1,2357.634,active,0,0,True,True,False,moving,0.0,1.783,1900.0
231,opponent-sentry,opponent-rmuc-2026-region,sentry,21412.451,6708.081,defense:blue-outpost,,,防守前哨站,0,0.0,none,0,0,True,True,False,legal wait: no active movement route,0.0,0.0,0.0
231,opponent-drone,opponent-rmuc-2026-region,drone,14261.209,14500.0,robot:tarsgo-sentry,11442.875,14500.0,空中压制残血目标,1,2818.333,active,0,0,True,True,False,moving,0.0,0.0,1900.0
232,tarsgo-hero,tarsgo-rmuc-2026-region,hero,18524.922,12942.783,zone:supply:red,2006.0,13050.0,前往补给区,4,17763.802,active,0,0,True,True,False,moving,0.0,1.483,331.892
232,tarsgo-engineer,tarsgo-rmuc-2026-region,engineer,3194.0,13050.0,zone:supply:red,,,后方待命,0,0.0,none,0,0,True,True,False,legal wait: no active movement route,0.0,0.083,0.0
232,tarsgo-infantry-1,tarsgo-rmuc-2026-region,infantry,3496.237,12700.508,zone:supply:red,2276.0,12368.0,回撤补给,1,1264.729,active,0,0,True,True,False,moving,0.0,0.217,1900.0
232,tarsgo-infantry-2,tarsgo-rmuc-2026-region,infantry,18187.387,14009.679,,,,等待复活,0,0.0,none,0,0,False,False,False,dead/respawning,0.0,0.217,0.0
232,tarsgo-sentry,tarsgo-rmuc-2026-region,sentry,9514.271,14440.021,zone:supply:red,2600.0,13732.0,回撤补给,1,6950.428,active,0,0,True,True,False,moving,0.0,1.4,1897.885
232,tarsgo-drone,tarsgo-rmuc-2026-region,drone,24914.207,500.001,robot:opponent-engineer,,,空中压制敌方工程,0,0.0,none,0,0,True,True,False,legal wait: no active movement route,0.0,0.0,0.0
232,opponent-hero,opponent-rmuc-2026-region,hero,9638.314,1069.351,zone:supply:blue,25994.0,1950.0,前往补给区,3,17986.061,active,0,0,True,False,False,movement permission or chassis power lock,0.0,0.0,1108.333
232,opponent-engineer,opponent-rmuc-2026-region,engineer,24806.0,1950.0,zone:supply:blue,,,后方待命,0,0.0,none,0,0,True,True,False,legal wait: no active movement route,0.0,0.0,0.0
232,opponent-infantry-1,opponent-rmuc-2026-region,infantry,24203.837,4909.741,robot:tarsgo-infantry-1,4321.159,12925.295,集火残血目标,3,25266.109,active,0,0,True,True,False,moving,0.0,0.0,1900.0
232,opponent-infantry-2,opponent-rmuc-2026-region,infantry,21000.411,7259.195,defense:blue-outpost,21184.0,6840.0,防守前哨站,1,457.634,active,0,0,True,True,False,moving,0.0,1.783,1900.0
232,opponent-sentry,opponent-rmuc-2026-region,sentry,21412.451,6708.081,defense:blue-outpost,,,防守前哨站,0,0.0,none,0,0,True,True,False,legal wait: no active movement route,0.0,0.0,0.0
232,opponent-drone,opponent-rmuc-2026-region,drone,12361.211,14498.513,robot:tarsgo-sentry,10018.302,14491.634,空中压制残血目标,1,2342.918,active,0,0,True,True,False,moving,0.0,0.0,1899.998
233,tarsgo-hero,tarsgo-rmuc-2026-region,hero,17927.727,13074.871,zone:supply:red,2006.0,13050.0,前往补给区,3,17448.253,active,0,0,True,True,False,moving,0.0,1.483,611.628
233,tarsgo-engineer,tarsgo-rmuc-2026-region,engineer,3194.0,13050.0,zone:supply:red,,,后方待命,0,0.0,none,0,0,True,True,False,legal wait: no active movement route,0.0,0.083,0.0
233,tarsgo-infantry-1,tarsgo-rmuc-2026-region,infantry,2276.0,12368.0,zone:supply:red,,,回撤补给,0,0.0,none,0,0,True,True,False,legal wait: no active movement route,0.0,0.217,1264.729
233,tarsgo-infantry-2,tarsgo-rmuc-2026-region,infantry,18187.387,14009.679,,,,等待复活,0,0.0,none,0,0,False,False,False,dead/respawning,0.0,0.217,0.0
233,tarsgo-sentry,tarsgo-rmuc-2026-region,sentry,7624.155,14246.474,zone:supply:red,2600.0,13732.0,回撤补给,1,5050.428,active,0,0,True,True,False,moving,0.0,1.4,1900.0
233,tarsgo-drone,tarsgo-rmuc-2026-region,drone,24914.207,500.001,robot:opponent-engineer,,,空中压制敌方工程,0,0.0,none,0,0,True,True,False,legal wait: no active movement route,0.0,0.0,0.0
233,opponent-hero,opponent-rmuc-2026-region,hero,9638.314,1069.351,zone:supply:blue,25994.0,1950.0,前往补给区,3,17986.061,active,0,0,True,False,False,movement permission or chassis power lock,0.0,0.0,0.0
233,opponent-engineer,opponent-rmuc-2026-region,engineer,24806.0,1950.0,zone:supply:blue,,,后方待命,0,0.0,none,0,0,True,True,False,legal wait: no active movement route,0.0,0.0,0.0
233,opponent-infantry-1,opponent-rmuc-2026-region,infantry,23160.206,6497.454,robot:tarsgo-infantry-1,2946.289,12550.65,集火残血目标,3,24791.109,active,0,0,True,True,False,moving,0.0,0.0,1900.0
233,opponent-infantry-2,opponent-rmuc-2026-region,infantry,20978.184,6925.84,defense:blue-outpost,21184.0,6840.0,防守前哨站,1,222.999,active,0,0,True,True,False,moving,0.0,1.783,334.095
233,opponent-sentry,opponent-rmuc-2026-region,sentry,21412.451,6708.081,defense:blue-outpost,,,防守前哨站,0,0.0,none,0,0,True,True,False,legal wait: no active movement route,0.0,0.0,0.0
233,opponent-drone,opponent-rmuc-2026-region,drone,10461.219,14498.875,robot:tarsgo-sentry,8600.715,14346.473,空中压制残血目标,2,1868.346,active,0,0,True,True,False,moving,0.0,0.0,1899.991
234,tarsgo-hero,tarsgo-rmuc-2026-region,hero,17914.176,13771.406,zone:supply:red,2006.0,13050.0,前往补给区,3,16751.587,active,0,0,True,True,True,collision/yield,0.633,1.483,696.667
234,tarsgo-engineer,tarsgo-rmuc-2026-region,engineer,3194.0,13050.0,zone:supply:red,,,后方待命,0,0.0,none,0,0,True,True,False,legal wait: no active movement route,0.0,0.083,0.0
234,tarsgo-infantry-1,tarsgo-rmuc-2026-region,infantry,2276.0,12368.0,zone:supply:red,,,回撤补给,0,0.0,none,0,0,True,True,False,legal wait: no active movement route,0.0,0.217,0.0
234,tarsgo-infantry-2,tarsgo-rmuc-2026-region,infantry,18187.387,14009.679,,,,等待复活,0,0.0,none,0,0,False,False,False,dead/respawning,0.0,0.217,0.0
234,tarsgo-sentry,tarsgo-rmuc-2026-region,sentry,5734.039,14052.926,zone:supply:red,2600.0,13732.0,回撤补给,1,3150.428,active,0,0,True,True,False,moving,0.0,1.4,1900.0
234,tarsgo-drone,tarsgo-rmuc-2026-region,drone,24914.207,500.001,robot:opponent-engineer,,,空中压制敌方工程,0,0.0,none,0,0,True,True,False,legal wait: no active movement route,0.0,0.0,0.0
234,opponent-hero,opponent-rmuc-2026-region,hero,9638.314,1069.351,zone:supply:blue,25994.0,1950.0,前往补给区,3,17986.061,active,0,0,True,False,False,movement permission or chassis power lock,0.0,0.0,0.0
234,opponent-engineer,opponent-rmuc-2026-region,engineer,24806.0,1950.0,zone:supply:blue,,,后方待命,0,0.0,none,0,0,True,True,False,legal wait: no active movement route,0.0,0.0,0.0
234,opponent-infantry-1,opponent-rmuc-2026-region,infantry,22116.575,8085.168,robot:tarsgo-sentry,6112.062,14091.635,集火残血目标,3,19485.352,active,0,0,True,True,False,moving,0.0,0.0,1900.0
234,opponent-infantry-2,opponent-rmuc-2026-region,infantry,21032.076,6941.082,defense:blue-outpost,21184.0,6840.0,防守前哨站,2,1688.986,active,0,0,True,True,False,moving,0.0,1.783,56.005
234,opponent-sentry,opponent-rmuc-2026-region,sentry,21412.451,6708.081,defense:blue-outpost,,,防守前哨站,0,0.0,none,0,0,True,True,False,legal wait: no active movement route,0.0,0.0,0.0
234,opponent-drone,opponent-rmuc-2026-region,drone,8569.226,14343.249,robot:tarsgo-sentry,5765.541,14056.151,空中压制残血目标,1,2818.346,active,0,0,True,True,False,moving,0.0,0.0,1898.383
235,tarsgo-hero,tarsgo-rmuc-2026-region,hero,18432.328,13721.552,zone:supply:red,2006.0,13050.0,前往补给区,6,17524.284,active,0,0,True,True,False,moving,0.0,1.483,520.545
235,tarsgo-engineer,tarsgo-rmuc-2026-region,engineer,3194.0,13050.0,zone:supply:red,,,后方待命,0,0.0,none,0,0,True,True,False,legal wait: no active movement route,0.0,0.083,0.0
235,tarsgo-infantry-1,tarsgo-rmuc-2026-region,infantry,3071.247,11147.566,robot:opponent-hero,9638.314,1069.351,追击敌方英雄,1,12028.998,active,0,0,True,True,False,moving,0.0,0.217,1456.667
235,tarsgo-infantry-2,tarsgo-rmuc-2026-region,infantry,18187.387,14009.679,,,,等待复活,0,0.0,none,0,0,False,False,False,dead/respawning,0.0,0.217,0.0
235,tarsgo-sentry,tarsgo-rmuc-2026-region,sentry,4631.471,13940.023,zone:supply:red,2600.0,13732.0,回撤补给,1,2042.094,active,0,0,True,False,False,movement permission or chassis power lock,0.0,1.4,1108.333
235,tarsgo-drone,tarsgo-rmuc-2026-region,drone,24914.207,500.001,robot:opponent-engineer,,,空中压制敌方工程,0,0.0,none,0,0,True,True,False,legal wait: no active movement route,0.0,0.0,0.0
235,opponent-hero,opponent-rmuc-2026-region,hero,9638.314,1069.351,zone:supply:blue,25994.0,1950.0,前往补给区,3,17986.061,active,0,0,True,False,False,movement permission or chassis power lock,0.0,0.0,0.0
235,opponent-engineer,opponent-rmuc-2026-region,engineer,24806.0,1950.0,zone:supply:blue,,,后方待命,0,0.0,none,0,0,True,True,False,legal wait: no active movement route,0.0,0.0,0.0
235,opponent-infantry-1,opponent-rmuc-2026-region,infantry,21072.945,9672.882,robot:tarsgo-sentry,4694.475,13946.474,集火残血目标,3,19010.352,active,0,0,True,True,False,moving,0.0,0.0,1900.0
235,opponent-infantry-2,opponent-rmuc-2026-region,infantry,20905.158,7128.139,defense:blue-outpost,21184.0,6840.0,防守前哨站,2,1473.959,active,0,0,True,True,False,moving,0.0,1.783,226.05
235,opponent-sentry,opponent-rmuc-2026-region,sentry,21412.451,6708.081,defense:blue-outpost,,,防守前哨站,0,0.0,none,0,0,True,True,False,legal wait: no active movement route,0.0,0.0,0.0
235,opponent-drone,opponent-rmuc-2026-region,drone,6679.11,14149.701,robot:tarsgo-sentry,4631.471,13940.023,空中压制残血目标,1,2058.346,active,0,0,True,True,False,moving,0.0,0.0,1900.0
236,tarsgo-hero,tarsgo-rmuc-2026-region,hero,17501.43,14500.0,zone:supply:red,2006.0,13050.0,前往补给区,2,15624.284,active,0,0,True,True,False,moving,0.0,1.483,1213.488
236,tarsgo-engineer,tarsgo-rmuc-2026-region,engineer,3194.0,13050.0,zone:supply:red,,,后方待命,0,0.0,none,0,0,True,True,False,legal wait: no active movement route,0.0,0.083,0.0
236,tarsgo-infantry-1,tarsgo-rmuc-2026-region,infantry,4108.526,9555.695,robot:opponent-hero,9638.314,1069.351,追击敌方英雄,1,10128.998,active,0,0,True,True,False,moving,0.0,0.217,1900.0
236,tarsgo-infantry-2,tarsgo-rmuc-2026-region,infantry,18187.387,14009.679,,,,等待复活,0,0.0,none,0,0,False,False,False,dead/respawning,0.0,0.217,0.0
236,tarsgo-sentry,tarsgo-rmuc-2026-region,sentry,4631.471,13940.023,,,,等待复活,0,0.0,none,0,0,False,False,False,dead/respawning,0.0,1.4,0.0
236,tarsgo-drone,tarsgo-rmuc-2026-region,drone,24914.207,500.001,robot:opponent-engineer,,,空中压制敌方工程,0,0.0,none,0,0,True,True,False,legal wait: no active movement route,0.0,0.0,0.0
236,opponent-hero,opponent-rmuc-2026-region,hero,9638.314,1069.351,zone:supply:blue,25994.0,1950.0,前往补给区,3,17986.061,active,0,0,True,False,False,movement permission or chassis power lock,0.0,0.0,0.0
236,opponent-engineer,opponent-rmuc-2026-region,engineer,24806.0,1950.0,zone:supply:blue,,,后方待命,0,0.0,none,0,0,True,True,False,legal wait: no active movement route,0.0,0.0,0.0
236,opponent-infantry-1,opponent-rmuc-2026-region,infantry,20114.168,11311.946,robot:tarsgo-hero,18562.269,14106.596,追击敌方英雄,1,3196.633,active,0,0,True,True,False,moving,0.0,0.0,1898.89
236,opponent-infantry-2,opponent-rmuc-2026-region,infantry,20580.212,6993.448,defense:blue-outpost,21184.0,6840.0,防守前哨站,2,1254.61,active,0,0,True,True,False,moving,0.0,1.783,351.755
236,opponent-sentry,opponent-rmuc-2026-region,sentry,21412.451,6708.081,defense:blue-outpost,,,防守前哨站,0,0.0,none,0,0,True,True,False,legal wait: no active movement route,0.0,0.0,0.0
236,opponent-drone,opponent-rmuc-2026-region,drone,4851.371,13698.467,robot:tarsgo-engineer,3194.0,13050.0,空中压制敌方工程,1,1779.715,active,0,0,True,True,False,moving,0.0,0.0,1882.616
237,tarsgo-hero,tarsgo-rmuc-2026-region,hero,15601.43,14500.0,zone:supply:red,2006.0,13050.0,前往补给区,2,13724.284,active,0,0,True,True,False,moving,0.0,1.483,1900.0
237,tarsgo-engineer,tarsgo-rmuc-2026-region,engineer,3194.0,13050.0,zone:supply:red,,,后方待命,0,0.0,none,0,0,True,True,False,legal wait: no active movement route,0.0,0.083,0.0
237,tarsgo-infantry-1,tarsgo-rmuc-2026-region,infantry,5145.805,7963.825,robot:opponent-hero,9638.314,1069.351,追击敌方英雄,1,8228.998,active,0,0,True,True,False,moving,0.0,0.217,1900.0
237,tarsgo-infantry-2,tarsgo-rmuc-2026-region,infantry,18187.387,14009.679,,,,等待复活,0,0.0,none,0,0,False,False,False,dead/respawning,0.0,0.217,0.0
237,tarsgo-sentry,tarsgo-rmuc-2026-region,sentry,4631.471,13940.023,,,,等待复活,0,0.0,none,0,0,False,False,False,dead/respawning,0.0,1.4,0.0
237,tarsgo-drone,tarsgo-rmuc-2026-region,drone,24914.207,500.001,robot:opponent-engineer,,,空中压制敌方工程,0,0.0,none,0,0,True,True,False,legal wait: no active movement route,0.0,0.0,0.0
237,opponent-hero,opponent-rmuc-2026-region,hero,10126.983,500.0,zone:supply:blue,25994.0,1950.0,前往补给区,2,17226.061,active,0,0,True,True,False,moving,0.0,0.0,750.305
237,opponent-engineer,opponent-rmuc-2026-region,engineer,24806.0,1950.0,zone:supply:blue,,,后方待命,0,0.0,none,0,0,True,True,False,legal wait: no active movement route,0.0,0.0,0.0
237,opponent-infantry-1,opponent-rmuc-2026-region,infantry,19034.693,12874.933,robot:tarsgo-hero,15981.43,14500.0,追击敌方英雄,2,3900.582,active,0,0,True,True,False,moving,0.0,0.0,1899.525
237,opponent-infantry-2,opponent-rmuc-2026-region,infantry,20635.624,7485.802,defense:blue-outpost,21184.0,6840.0,防守前哨站,2,1036.85,active,0,0,True,True,False,moving,0.0,1.783,495.462
237,opponent-sentry,opponent-rmuc-2026-region,sentry,21412.451,6708.081,defense:blue-outpost,,,防守前哨站,0,0.0,none,0,0,True,True,False,legal wait: no active movement route,0.0,0.0,0.0
237,opponent-drone,opponent-rmuc-2026-region,drone,4438.514,13536.932,robot:tarsgo-engineer,,,空中压制敌方工程,0,0.0,none,0,0,True,True,False,legal wait: no active movement route,0.0,0.0,443.333
238,tarsgo-hero,tarsgo-rmuc-2026-region,hero,13701.43,14500.0,zone:supply:red,2006.0,13050.0,前往补给区,2,11824.284,active,0,0,True,True,False,moving,0.0,1.483,1900.0
238,tarsgo-engineer,tarsgo-rmuc-2026-region,engineer,3194.0,13050.0,zone:supply:red,,,后方待命,0,0.0,none,0,0,True,True,False,legal wait: no active movement route,0.0,0.083,0.0
238,tarsgo-infantry-1,tarsgo-rmuc-2026-region,infantry,6194.332,6379.354,robot:opponent-hero,11900.316,500.0,追击敌方英雄,2,8858.719,active,0,0,True,True,False,moving,0.0,0.217,1899.988
238,tarsgo-infantry-2,tarsgo-rmuc-2026-region,infantry,18187.387,14009.679,,,,等待复活,0,0.0,none,0,0,False,False,False,dead/respawning,0.0,0.217,0.0
238,tarsgo-sentry,tarsgo-rmuc-2026-region,sentry,4631.471,13940.023,,,,等待复活,0,0.0,none,0,0,False,False,False,dead/respawning,0.0,1.4,0.0
238,tarsgo-drone,tarsgo-rmuc-2026-region,drone,24914.207,500.001,robot:opponent-engineer,,,空中压制敌方工程,0,0.0,none,0,0,True,True,False,legal wait: no active movement route,0.0,0.0,0.0
238,opponent-hero,opponent-rmuc-2026-region,hero,12026.983,500.0,zone:supply:blue,25994.0,1950.0,前往补给区,2,15326.061,active,0,0,True,True,False,moving,0.0,0.0,1900.0
238,opponent-engineer,opponent-rmuc-2026-region,engineer,24806.0,1950.0,zone:supply:blue,,,后方待命,0,0.0,none,0,0,True,True,False,legal wait: no active movement route,0.0,0.0,0.0
238,opponent-infantry-1,opponent-rmuc-2026-region,infantry,19259.706,13500.976,robot:tarsgo-hero,14556.43,14500.0,追击敌方英雄,3,5030.831,active,0,0,True,True,False,moving,0.0,0.0,665.252
238,opponent-infantry-2,opponent-rmuc-2026-region,infantry,21108.135,6931.053,defense:blue-outpost,,,防守前哨站,0,0.0,none,0,0,True,True,False,legal wait: no active movement route,0.0,1.783,728.706
238,opponent-sentry,opponent-rmuc-2026-region,sentry,21412.451,6708.081,defense:blue-outpost,,,防守前哨站,0,0.0,none,0,0,True,True,False,legal wait: no active movement route,0.0,0.0,0.0
238,opponent-drone,opponent-rmuc-2026-region,drone,4438.514,13536.932,robot:tarsgo-engineer,,,空中压制敌方工程,0,0.0,none,0,0,True,True,False,legal wait: no active movement route,0.0,0.0,0.0
239,tarsgo-hero,tarsgo-rmuc-2026-region,hero,12403.096,14500.0,zone:supply:red,2006.0,13050.0,前往补给区,2,10525.951,active,0,0,True,False,False,movement permission or chassis power lock,0.0,1.483,1298.333
239,tarsgo-engineer,tarsgo-rmuc-2026-region,engineer,3194.0,13050.0,zone:supply:red,,,后方待命,0,0.0,none,0,0,True,True,False,legal wait: no active movement route,0.0,0.083,0.0
239,tarsgo-infantry-1,tarsgo-rmuc-2026-region,infantry,7245.67,4796.734,robot:opponent-hero,13325.316,500.0,追击敌方英雄,2,8383.719,active,0,0,True,True,False,moving,0.0,0.217,1900.0
239,tarsgo-infantry-2,tarsgo-rmuc-2026-region,infantry,18187.387,14009.679,,,,等待复活,0,0.0,none,0,0,False,False,False,dead/respawning,0.0,0.217,0.0
239,tarsgo-sentry,tarsgo-rmuc-2026-region,sentry,4631.471,13940.023,,,,等待复活,0,0.0,none,0,0,False,False,False,dead/respawning,0.0,1.4,0.0
239,tarsgo-drone,tarsgo-rmuc-2026-region,drone,24914.207,500.001,robot:opponent-engineer,,,空中压制敌方工程,0,0.0,none,0,0,True,True,False,legal wait: no active movement route,0.0,0.0,0.0
239,opponent-hero,opponent-rmuc-2026-region,hero,13926.983,500.0,zone:supply:blue,25994.0,1950.0,前往补给区,2,13426.061,active,0,0,True,True,False,moving,0.0,0.0,1900.0
239,opponent-engineer,opponent-rmuc-2026-region,engineer,24806.0,1950.0,zone:supply:blue,,,后方待命,0,0.0,none,0,0,True,True,False,legal wait: no active movement route,0.0,0.0,0.0
239,opponent-infantry-1,opponent-rmuc-2026-region,infantry,19163.898,14319.706,robot:tarsgo-hero,13131.43,14500.0,追击敌方英雄,2,6043.529,active,0,0,True,True,False,moving,0.0,0.0,824.316
239,opponent-infantry-2,opponent-rmuc-2026-region,infantry,21108.135,6931.053,defense:blue-outpost,,,防守前哨站,0,0.0,none,0,0,True,True,False,legal wait: no active movement route,0.0,1.783,0.0
239,opponent-sentry,opponent-rmuc-2026-region,sentry,21412.451,6708.081,defense:blue-outpost,,,防守前哨站,0,0.0,none,0,0,True,True,False,legal wait: no active movement route,0.0,0.0,0.0
239,opponent-drone,opponent-rmuc-2026-region,drone,4438.514,13536.932,robot:tarsgo-engineer,,,空中压制敌方工程,0,0.0,none,0,0,True,True,False,legal wait: no active movement route,0.0,0.0,0.0
240,tarsgo-hero,tarsgo-rmuc-2026-region,hero,12403.096,14500.0,zone:supply:red,2006.0,13050.0,前往补给区,2,10525.951,active,0,0,True,False,False,movement permission or chassis power lock,0.0,1.483,0.0
240,tarsgo-engineer,tarsgo-rmuc-2026-region,engineer,3194.0,13050.0,zone:supply:red,,,后方待命,0,0.0,none,0,0,True,True,False,legal wait: no active movement route,0.0,0.083,0.0
240,tarsgo-infantry-1,tarsgo-rmuc-2026-region,infantry,8297.009,3214.113,robot:opponent-hero,14750.316,500.0,追击敌方英雄,2,7908.719,active,0,0,True,True,False,moving,0.0,0.217,1900.0
240,tarsgo-infantry-2,tarsgo-rmuc-2026-region,infantry,18187.387,14009.679,,,,等待复活,0,0.0,none,0,0,False,False,False,dead/respawning,0.0,0.217,0.0
240,tarsgo-sentry,tarsgo-rmuc-2026-region,sentry,4631.471,13940.023,,,,等待复活,0,0.0,none,0,0,False,False,False,dead/respawning,0.0,1.4,0.0
240,tarsgo-drone,tarsgo-rmuc-2026-region,drone,24914.207,500.001,robot:opponent-engineer,,,空中压制敌方工程,0,0.0,none,0,0,True,True,False,legal wait: no active movement route,0.0,0.0,0.0
240,opponent-hero,opponent-rmuc-2026-region,hero,15826.983,500.0,zone:supply:blue,25994.0,1950.0,前往补给区,2,11526.061,active,0,0,True,True,False,moving,0.0,0.0,1900.0
240,opponent-engineer,opponent-rmuc-2026-region,engineer,24806.0,1950.0,zone:supply:blue,,,后方待命,0,0.0,none,0,0,True,True,False,legal wait: no active movement route,0.0,0.0,0.0
240,opponent-infantry-1,opponent-rmuc-2026-region,infantry,17271.194,14485.339,robot:tarsgo-hero,12403.096,14500.0,追击敌方英雄,2,4868.724,active,0,0,True,True,False,moving,0.0,0.0,1899.938
240,opponent-infantry-2,opponent-rmuc-2026-region,infantry,21108.135,6931.053,defense:blue-outpost,,,防守前哨站,0,0.0,none,0,0,True,True,False,legal wait: no active movement route,0.0,1.783,0.0
240,opponent-sentry,opponent-rmuc-2026-region,sentry,21412.451,6708.081,defense:blue-outpost,,,防守前哨站,0,0.0,none,0,0,True,True,False,legal wait: no active movement route,0.0,0.0,0.0
240,opponent-drone,opponent-rmuc-2026-region,drone,4438.514,13536.932,robot:tarsgo-engineer,,,空中压制敌方工程,0,0.0,none,0,0,True,True,False,legal wait: no active movement route,0.0,0.0,0.0
241,tarsgo-hero,tarsgo-rmuc-2026-region,hero,12403.096,14500.0,zone:supply:red,2006.0,13050.0,前往补给区,2,10525.951,active,0,0,True,False,False,movement permission or chassis power lock,0.0,1.483,0.0
241,tarsgo-engineer,tarsgo-rmuc-2026-region,engineer,3194.0,13050.0,zone:supply:red,,,后方待命,0,0.0,none,0,0,True,True,False,legal wait: no active movement route,0.0,0.083,0.0
241,tarsgo-infantry-1,tarsgo-rmuc-2026-region,infantry,9348.347,1631.493,robot:opponent-hero,17600.316,500.0,追击敌方英雄,2,8858.719,active,0,0,True,True,False,moving,0.0,0.217,1900.0
241,tarsgo-infantry-2,tarsgo-rmuc-2026-region,infantry,18187.387,14009.679,,,,等待复活,0,0.0,none,0,0,False,False,False,dead/respawning,0.0,0.217,0.0
241,tarsgo-sentry,tarsgo-rmuc-2026-region,sentry,4631.471,13940.023,,,,等待复活,0,0.0,none,0,0,False,False,False,dead/respawning,0.0,1.4,0.0
241,tarsgo-drone,tarsgo-rmuc-2026-region,drone,24914.207,500.001,robot:opponent-engineer,,,空中压制敌方工程,0,0.0,none,0,0,True,True,False,legal wait: no active movement route,0.0,0.0,0.0
241,opponent-hero,opponent-rmuc-2026-region,hero,17726.983,500.0,zone:supply:blue,25994.0,1950.0,前往补给区,2,9626.061,active,0,0,True,True,False,moving,0.0,0.0,1900.0
241,opponent-engineer,opponent-rmuc-2026-region,engineer,24806.0,1950.0,zone:supply:blue,,,后方待命,0,0.0,none,0,0,True,True,False,legal wait: no active movement route,0.0,0.0,0.0
241,opponent-infantry-1,opponent-rmuc-2026-region,infantry,15371.82,14500.0,robot:tarsgo-hero,12403.096,14500.0,追击敌方英雄,1,2968.724,active,0,0,True,True,False,moving,0.0,0.0,1899.43
241,opponent-infantry-2,opponent-rmuc-2026-region,infantry,21108.135,6931.053,defense:blue-outpost,,,防守前哨站,0,0.0,none,0,0,True,True,False,legal wait: no active movement route,0.0,1.783,0.0
241,opponent-sentry,opponent-rmuc-2026-region,sentry,21412.451,6708.081,defense:blue-outpost,,,防守前哨站,0,0.0,none,0,0,True,True,False,legal wait: no active movement route,0.0,0.0,0.0
241,opponent-drone,opponent-rmuc-2026-region,drone,4438.514,13536.932,robot:tarsgo-engineer,,,空中压制敌方工程,0,0.0,none,0,0,True,True,False,legal wait: no active movement route,0.0,0.0,0.0
242,tarsgo-hero,tarsgo-rmuc-2026-region,hero,12403.096,14500.0,zone:supply:red,2006.0,13050.0,前往补给区,2,10525.951,active,0,0,True,False,False,movement permission or chassis power lock,0.0,1.483,0.0
242,tarsgo-engineer,tarsgo-rmuc-2026-region,engineer,3194.0,13050.0,zone:supply:red,,,后方待命,0,0.0,none,0,0,True,True,False,legal wait: no active movement route,0.0,0.083,0.0
242,tarsgo-infantry-1,tarsgo-rmuc-2026-region,infantry,10668.419,546.675,robot:opponent-hero,19025.316,500.0,追击敌方英雄,1,8357.028,active,0,0,True,True,False,moving,0.0,0.217,1708.631
242,tarsgo-infantry-2,tarsgo-rmuc-2026-region,infantry,18187.387,14009.679,,,,等待复活,0,0.0,none,0,0,False,False,False,dead/respawning,0.0,0.217,0.0
242,tarsgo-sentry,tarsgo-rmuc-2026-region,sentry,4631.471,13940.023,,,,等待复活,0,0.0,none,0,0,False,False,False,dead/respawning,0.0,1.4,0.0
242,tarsgo-drone,tarsgo-rmuc-2026-region,drone,24914.207,500.001,robot:opponent-engineer,,,空中压制敌方工程,0,0.0,none,0,0,True,True,False,legal wait: no active movement route,0.0,0.0,0.0
242,opponent-hero,opponent-rmuc-2026-region,hero,19626.983,500.0,zone:supply:blue,25994.0,1950.0,前往补给区,2,7726.061,active,0,0,True,True,False,moving,0.0,0.0,1900.0
242,opponent-engineer,opponent-rmuc-2026-region,engineer,24806.0,1950.0,zone:supply:blue,,,后方待命,0,0.0,none,0,0,True,True,False,legal wait: no active movement route,0.0,0.0,0.0
242,opponent-infantry-1,opponent-rmuc-2026-region,infantry,14801.82,14500.0,robot:tarsgo-hero,,,追击敌方英雄,0,0.0,none,0,0,True,True,False,legal wait: no active movement route,0.0,0.0,570.0
242,opponent-infantry-2,opponent-rmuc-2026-region,infantry,21108.135,6931.053,defense:blue-outpost,,,防守前哨站,0,0.0,none,0,0,True,True,False,legal wait: no active movement route,0.0,1.783,0.0
242,opponent-sentry,opponent-rmuc-2026-region,sentry,21412.451,6708.081,defense:blue-outpost,,,防守前哨站,0,0.0,none,0,0,True,True,False,legal wait: no active movement route,0.0,0.0,0.0
242,opponent-drone,opponent-rmuc-2026-region,drone,4438.514,13536.932,robot:tarsgo-engineer,,,空中压制敌方工程,0,0.0,none,0,0,True,True,False,legal wait: no active movement route,0.0,0.0,0.0
243,tarsgo-hero,tarsgo-rmuc-2026-region,hero,12403.096,14500.0,zone:supply:red,2006.0,13050.0,前往补给区,2,10525.951,active,0,0,True,False,False,movement permission or chassis power lock,0.0,1.483,0.0
243,tarsgo-engineer,tarsgo-rmuc-2026-region,engineer,3194.0,13050.0,zone:supply:red,,,后方待命,0,0.0,none,0,0,True,True,False,legal wait: no active movement route,0.0,0.083,0.0
243,tarsgo-infantry-1,tarsgo-rmuc-2026-region,infantry,12568.394,537.02,robot:opponent-hero,20450.316,500.0,追击敌方英雄,1,7882.009,active,0,0,True,True,False,moving,0.0,0.217,1900.0
243,tarsgo-infantry-2,tarsgo-rmuc-2026-region,infantry,18187.387,14009.679,,,,等待复活,0,0.0,none,0,0,False,False,False,dead/respawning,0.0,0.217,0.0
243,tarsgo-sentry,tarsgo-rmuc-2026-region,sentry,4631.471,13940.023,,,,等待复活,0,0.0,none,0,0,False,False,False,dead/respawning,0.0,1.4,0.0
243,tarsgo-drone,tarsgo-rmuc-2026-region,drone,24914.207,500.001,robot:opponent-engineer,,,空中压制敌方工程,0,0.0,none,0,0,True,True,False,legal wait: no active movement route,0.0,0.0,0.0
243,opponent-hero,opponent-rmuc-2026-region,hero,21526.983,500.0,zone:supply:blue,25994.0,1950.0,前往补给区,2,5826.061,active,0,0,True,True,False,moving,0.0,0.0,1900.0
243,opponent-engineer,opponent-rmuc-2026-region,engineer,24806.0,1950.0,zone:supply:blue,,,后方待命,0,0.0,none,0,0,True,True,False,legal wait: no active movement route,0.0,0.0,0.0
243,opponent-infantry-1,opponent-rmuc-2026-region,infantry,16416.82,14500.0,zone:supply:blue,25724.0,2632.0,前往补给区,2,15698.115,active,0,0,True,True,False,moving,0.0,0.0,1615.0
243,opponent-infantry-2,opponent-rmuc-2026-region,infantry,21108.135,6931.053,defense:blue-outpost,,,防守前哨站,0,0.0,none,0,0,True,True,False,legal wait: no active movement route,0.0,1.783,0.0
243,opponent-sentry,opponent-rmuc-2026-region,sentry,21412.451,6708.081,defense:blue-outpost,,,防守前哨站,0,0.0,none,0,0,True,True,False,legal wait: no active movement route,0.0,0.0,0.0
243,opponent-drone,opponent-rmuc-2026-region,drone,4438.514,13536.932,robot:tarsgo-engineer,,,空中压制敌方工程,0,0.0,none,0,0,True,True,False,legal wait: no active movement route,0.0,0.0,0.0
244,tarsgo-hero,tarsgo-rmuc-2026-region,hero,11833.096,14500.0,zone:supply:red,2006.0,13050.0,前往补给区,2,9955.951,active,0,0,True,True,False,moving,0.0,1.483,570.0
244,tarsgo-engineer,tarsgo-rmuc-2026-region,engineer,3194.0,13050.0,zone:supply:red,,,后方待命,0,0.0,none,0,0,True,True,False,legal wait: no active movement route,0.0,0.083,0.0
244,tarsgo-infantry-1,tarsgo-rmuc-2026-region,infantry,14468.378,529.335,robot:opponent-hero,23300.316,500.0,追击敌方英雄,1,8831.986,active,0,0,True,True,False,moving,0.0,0.217,1900.0
244,tarsgo-infantry-2,tarsgo-rmuc-2026-region,infantry,18187.387,14009.679,,,,等待复活,0,0.0,none,0,0,False,False,False,dead/respawning,0.0,0.217,0.0
244,tarsgo-sentry,tarsgo-rmuc-2026-region,sentry,4631.471,13940.023,,,,等待复活,0,0.0,none,0,0,False,False,False,dead/respawning,0.0,1.4,0.0
244,tarsgo-drone,tarsgo-rmuc-2026-region,drone,24914.207,500.001,robot:opponent-engineer,,,空中压制敌方工程,0,0.0,none,0,0,True,True,False,legal wait: no active movement route,0.0,0.0,0.0
244,opponent-hero,opponent-rmuc-2026-region,hero,23426.983,500.0,zone:supply:blue,25994.0,1950.0,前往补给区,2,3926.061,active,0,0,True,True,False,moving,0.0,0.0,1900.0
244,opponent-engineer,opponent-rmuc-2026-region,engineer,24806.0,1950.0,zone:supply:blue,,,后方待命,0,0.0,none,0,0,True,True,False,legal wait: no active movement route,0.0,0.0,0.0
244,opponent-infantry-1,opponent-rmuc-2026-region,infantry,18007.414,14337.067,zone:supply:blue,25724.0,2632.0,前往补给区,1,14019.782,active,0,0,True,True,True,collision/yield,0.117,0.117,1598.917
244,opponent-infantry-2,opponent-rmuc-2026-region,infantry,21108.135,6931.053,defense:blue-outpost,,,防守前哨站,0,0.0,none,0,0,True,True,False,legal wait: no active movement route,0.0,1.783,0.0
244,opponent-sentry,opponent-rmuc-2026-region,sentry,21412.451,6708.081,defense:blue-outpost,,,防守前哨站,0,0.0,none,0,0,True,True,False,legal wait: no active movement route,0.0,0.0,0.0
244,opponent-drone,opponent-rmuc-2026-region,drone,4438.514,13536.932,robot:tarsgo-engineer,,,空中压制敌方工程,0,0.0,none,0,0,True,True,False,legal wait: no active movement route,0.0,0.0,0.0
245,tarsgo-hero,tarsgo-rmuc-2026-region,hero,9935.712,14470.569,zone:supply:red,2006.0,13050.0,前往补给区,1,8055.951,active,0,0,True,True,False,moving,0.0,1.483,1897.613
245,tarsgo-engineer,tarsgo-rmuc-2026-region,engineer,3194.0,13050.0,zone:supply:red,,,后方待命,0,0.0,none,0,0,True,True,False,legal wait: no active movement route,0.0,0.083,0.0
245,tarsgo-infantry-1,tarsgo-rmuc-2026-region,infantry,16368.369,523.221,robot:opponent-hero,24123.649,500.0,追击敌方英雄,1,7755.316,active,0,0,True,True,False,moving,0.0,0.217,1900.0
245,tarsgo-infantry-2,tarsgo-rmuc-2026-region,infantry,18187.387,14009.679,zone:supply:red,2924.0,13732.0,回撤补给,3,15585.316,active,0,0,True,True,True,collision/yield,0.383,0.383,0.0
245,tarsgo-sentry,tarsgo-rmuc-2026-region,sentry,4631.471,13940.023,,,,等待复活,0,0.0,none,0,0,False,False,False,dead/respawning,0.0,1.4,0.0
245,tarsgo-drone,tarsgo-rmuc-2026-region,drone,24914.207,500.001,robot:opponent-engineer,,,空中压制敌方工程,0,0.0,none,0,0,True,True,False,legal wait: no active movement route,0.0,0.0,0.0
245,opponent-hero,opponent-rmuc-2026-region,hero,24123.649,500.0,zone:supply:blue,,,补充弹量,0,0.0,none,0,0,True,True,False,legal wait: no active movement route,0.0,0.0,696.667
245,opponent-engineer,opponent-rmuc-2026-region,engineer,24806.0,1950.0,zone:supply:blue,,,后方待命,0,0.0,none,0,0,True,True,False,legal wait: no active movement route,0.0,0.0,0.0
245,opponent-infantry-1,opponent-rmuc-2026-region,infantry,18007.414,14337.067,zone:supply:blue,25724.0,2632.0,前往补给区,1,14019.782,active,0,0,True,True,True,collision/yield,1.117,1.117,0.0
245,opponent-infantry-2,opponent-rmuc-2026-region,infantry,21108.135,6931.053,defense:blue-outpost,,,防守前哨站,0,0.0,none,0,0,True,True,False,legal wait: no active movement route,0.0,1.783,0.0
245,opponent-sentry,opponent-rmuc-2026-region,sentry,21412.451,6708.081,defense:blue-outpost,,,防守前哨站,0,0.0,none,0,0,True,True,False,legal wait: no active movement route,0.0,0.0,0.0
245,opponent-drone,opponent-rmuc-2026-region,drone,5408.02,13690.97,robot:tarsgo-infantry-2,18187.387,14009.679,空中压制残血目标,3,13124.186,active,0,0,True,True,False,moving,0.0,0.0,981.667
246,tarsgo-hero,tarsgo-rmuc-2026-region,hero,8065.485,14135.527,zone:supply:red,2006.0,13050.0,前往补给区,1,6155.951,active,0,0,True,True,False,moving,0.0,1.483,1900.0
246,tarsgo-engineer,tarsgo-rmuc-2026-region,engineer,3194.0,13050.0,zone:supply:red,,,后方待命,0,0.0,none,0,0,True,True,False,legal wait: no active movement route,0.0,0.083,0.0
246,tarsgo-infantry-1,tarsgo-rmuc-2026-region,infantry,18268.36,517.532,robot:opponent-hero,24123.649,500.0,追击敌方英雄,1,5855.316,active,0,0,True,True,False,moving,0.0,0.217,1900.0
246,tarsgo-infantry-2,tarsgo-rmuc-2026-region,infantry,17947.282,14191.534,zone:supply:red,2924.0,13732.0,回撤补给,3,15329.048,active,0,0,True,True,False,moving,0.0,0.383,301.2
246,tarsgo-sentry,tarsgo-rmuc-2026-region,sentry,4631.471,13940.023,,,,等待复活,0,0.0,none,0,0,False,False,False,dead/respawning,0.0,1.4,0.0
246,tarsgo-drone,tarsgo-rmuc-2026-region,drone,24914.207,500.001,robot:opponent-engineer,,,空中压制敌方工程,0,0.0,none,0,0,True,True,False,legal wait: no active movement route,0.0,0.0,0.0
246,opponent-hero,opponent-rmuc-2026-region,hero,24060.316,500.0,structure:red-outpost,6600.0,7500.0,进攻前哨站,2,24960.43,active,0,0,True,True,False,moving,0.0,0.0,63.333
246,opponent-engineer,opponent-rmuc-2026-region,engineer,24806.0,1950.0,zone:supply:blue,,,后方待命,0,0.0,none,0,0,True,True,False,legal wait: no active movement route,0.0,0.0,0.0
246,opponent-infantry-1,opponent-rmuc-2026-region,infantry,19053.187,12750.763,zone:supply:blue,25724.0,2632.0,前往补给区,1,12119.782,active,0,0,True,True,False,moving,0.0,1.117,1900.0
246,opponent-infantry-2,opponent-rmuc-2026-region,infantry,21108.135,6931.053,defense:blue-outpost,,,防守前哨站,0,0.0,none,0,0,True,True,False,legal wait: no active movement route,0.0,1.783,0.0
246,opponent-sentry,opponent-rmuc-2026-region,sentry,21412.451,6708.081,defense:blue-outpost,,,防守前哨站,0,0.0,none,0,0,True,True,False,legal wait: no active movement route,0.0,0.0,0.0
246,opponent-drone,opponent-rmuc-2026-region,drone,7284.483,13989.108,robot:tarsgo-infantry-2,17952.08,14160.233,空中压制残血目标,3,10999.585,active,0,0,True,True,False,moving,0.0,0.0,1900.0
247,tarsgo-hero,tarsgo-rmuc-2026-region,hero,7099.202,13962.422,,,,等待复活,0,0.0,none,0,0,False,False,False,dead/respawning,0.0,1.483,981.667
247,tarsgo-engineer,tarsgo-rmuc-2026-region,engineer,3194.0,13050.0,zone:supply:red,,,后方待命,0,0.0,none,0,0,True,True,False,legal wait: no active movement route,0.0,0.083,0.0
247,tarsgo-infantry-1,tarsgo-rmuc-2026-region,infantry,18616.692,516.489,robot:opponent-hero,22286.983,500.0,追击敌方英雄,1,3670.328,active,0,0,True,False,False,movement permission or chassis power lock,0.0,0.217,348.333
247,tarsgo-infantry-2,tarsgo-rmuc-2026-region,infantry,16312.068,14500.0,zone:supply:red,2924.0,13732.0,回撤补给,2,13429.048,active,0,0,True,True,False,moving,0.0,0.383,1664.054
247,tarsgo-sentry,tarsgo-rmuc-2026-region,sentry,4631.471,13940.023,,,,等待复活,0,0.0,none,0,0,False,False,False,dead/respawning,0.0,1.4,0.0
247,tarsgo-drone,tarsgo-rmuc-2026-region,drone,24914.207,500.001,robot:opponent-engineer,,,空中压制敌方工程,0,0.0,none,0,0,True,True,False,legal wait: no active movement route,0.0,0.0,0.0
247,opponent-hero,opponent-rmuc-2026-region,hero,22160.316,500.0,structure:red-outpost,6600.0,7500.0,进攻前哨站,2,23060.43,active,0,0,True,True,False,moving,0.0,0.0,1900.0
247,opponent-engineer,opponent-rmuc-2026-region,engineer,24806.0,1950.0,zone:supply:blue,,,后方待命,0,0.0,none,0,0,True,True,False,legal wait: no active movement route,0.0,0.0,0.0
247,opponent-infantry-1,opponent-rmuc-2026-region,infantry,20098.961,11164.46,zone:supply:blue,25724.0,2632.0,前往补给区,1,10219.782,active,0,0,True,True,False,moving,0.0,1.117,1900.0
247,opponent-infantry-2,opponent-rmuc-2026-region,infantry,20737.4,7805.728,robot:tarsgo-hero,7161.543,13973.59,集火残血目标,3,18056.009,active,0,0,True,True,False,moving,0.0,1.783,950.0
247,opponent-sentry,opponent-rmuc-2026-region,sentry,21412.451,6708.081,defense:blue-outpost,,,防守前哨站,0,0.0,none,0,0,True,True,False,legal wait: no active movement route,0.0,0.0,0.0
247,opponent-drone,opponent-rmuc-2026-region,drone,9160.946,14287.247,robot:tarsgo-infantry-2,16818.735,14500.0,空中压制残血目标,2,7674.585,active,0,0,True,True,False,moving,0.0,0.0,1900.0
248,tarsgo-hero,tarsgo-rmuc-2026-region,hero,7099.202,13962.422,,,,等待复活,0,0.0,none,0,0,False,False,False,dead/respawning,0.0,1.483,0.0
248,tarsgo-engineer,tarsgo-rmuc-2026-region,engineer,3194.0,13050.0,zone:supply:red,,,后方待命,0,0.0,none,0,0,True,True,False,legal wait: no active movement route,0.0,0.083,0.0
248,tarsgo-infantry-1,tarsgo-rmuc-2026-region,infantry,18616.692,516.489,zone:supply:red,2276.0,12368.0,前往补给区,3,26997.07,active,0,0,True,False,False,movement permission or chassis power lock,0.0,0.217,0.0
248,tarsgo-infantry-2,tarsgo-rmuc-2026-region,infantry,14412.068,14500.0,zone:supply:red,2924.0,13732.0,回撤补给,2,11529.048,active,0,0,True,True,False,moving,0.0,0.383,1900.0
248,tarsgo-sentry,tarsgo-rmuc-2026-region,sentry,4631.471,13940.023,,,,等待复活,0,0.0,none,0,0,False,False,False,dead/respawning,0.0,1.4,0.0
248,tarsgo-drone,tarsgo-rmuc-2026-region,drone,24914.207,500.001,robot:opponent-engineer,,,空中压制敌方工程,0,0.0,none,0,0,True,True,False,legal wait: no active movement route,0.0,0.0,0.0
248,opponent-hero,opponent-rmuc-2026-region,hero,20260.316,500.0,structure:red-outpost,6600.0,7500.0,进攻前哨站,2,21160.43,active,0,0,True,True,False,moving,0.0,0.0,1900.0
248,opponent-engineer,opponent-rmuc-2026-region,engineer,24806.0,1950.0,zone:supply:blue,,,后方待命,0,0.0,none,0,0,True,True,False,legal wait: no active movement route,0.0,0.0,0.0
248,opponent-infantry-1,opponent-rmuc-2026-region,infantry,21144.734,9578.157,zone:supply:blue,25724.0,2632.0,前往补给区,1,8319.782,active,0,0,True,True,False,moving,0.0,1.117,1900.0
248,opponent-infantry-2,opponent-rmuc-2026-region,infantry,21106.568,6951.784,defense:blue-outpost,,,防守前哨站,0,0.0,none,0,0,True,True,False,legal wait: no active movement route,0.0,1.783,930.325
248,opponent-sentry,opponent-rmuc-2026-region,sentry,21412.451,6708.081,defense:blue-outpost,,,防守前哨站,0,0.0,none,0,0,True,True,False,legal wait: no active movement route,0.0,0.0,0.0
248,opponent-drone,opponent-rmuc-2026-region,drone,11049.488,14444.0,robot:tarsgo-infantry-2,15393.735,14500.0,空中压制残血目标,1,4344.608,active,0,0,True,True,False,moving,0.0,0.0,1895.037
249,tarsgo-hero,tarsgo-rmuc-2026-region,hero,7099.202,13962.422,,,,等待复活,0,0.0,none,0,0,False,False,False,dead/respawning,0.0,1.483,0.0
249,tarsgo-engineer,tarsgo-rmuc-2026-region,engineer,3194.0,13050.0,zone:supply:red,,,后方待命,0,0.0,none,0,0,True,True,False,legal wait: no active movement route,0.0,0.083,0.0
249,tarsgo-infantry-1,tarsgo-rmuc-2026-region,infantry,18616.692,516.489,zone:supply:red,2276.0,12368.0,前往补给区,3,26997.07,active,0,0,True,False,False,movement permission or chassis power lock,0.0,0.217,0.0
249,tarsgo-infantry-2,tarsgo-rmuc-2026-region,infantry,12512.068,14500.0,zone:supply:red,2924.0,13732.0,回撤补给,2,9629.048,active,0,0,True,True,False,moving,0.0,0.383,1900.0
249,tarsgo-sentry,tarsgo-rmuc-2026-region,sentry,4631.471,13940.023,,,,等待复活,0,0.0,none,0,0,False,False,False,dead/respawning,0.0,1.4,0.0
249,tarsgo-drone,tarsgo-rmuc-2026-region,drone,24914.207,500.001,robot:opponent-engineer,,,空中压制敌方工程,0,0.0,none,0,0,True,True,False,legal wait: no active movement route,0.0,0.0,0.0
249,opponent-hero,opponent-rmuc-2026-region,hero,21669.343,897.039,zone:supply:blue,25994.0,1950.0,前往补给区,1,4450.998,active,0,0,True,True,False,moving,0.0,0.0,1463.898
249,opponent-engineer,opponent-rmuc-2026-region,engineer,24806.0,1950.0,zone:supply:blue,,,后方待命,0,0.0,none,0,0,True,True,False,legal wait: no active movement route,0.0,0.0,0.0
249,opponent-infantry-1,opponent-rmuc-2026-region,infantry,22190.507,7991.853,zone:supply:blue,25724.0,2632.0,前往补给区,1,6419.782,active,0,0,True,True,False,moving,0.0,1.117,1900.0
249,opponent-infantry-2,opponent-rmuc-2026-region,infantry,20920.846,7388.971,robot:tarsgo-infantry-2,13018.735,14500.0,集火残血目标,2,12607.341,active,0,0,True,True,False,moving,0.0,1.783,475.0
249,opponent-sentry,opponent-rmuc-2026-region,sentry,21515.363,6209.209,robot:tarsgo-infantry-2,13113.735,14500.0,集火残血目标,4,14807.045,active,0,0,True,True,False,moving,0.0,0.0,509.376
249,opponent-drone,opponent-rmuc-2026-region,drone,12917.491,14478.65,robot:tarsgo-infantry-2,,,空中压制残血目标,0,0.0,none,0,0,True,True,False,legal wait: no active movement route,0.0,0.0,1868.324
250,tarsgo-hero,tarsgo-rmuc-2026-region,hero,7099.202,13962.422,,,,等待复活,0,0.0,none,0,0,False,False,False,dead/respawning,0.0,1.483,0.0
250,tarsgo-engineer,tarsgo-rmuc-2026-region,engineer,3194.0,13050.0,zone:supply:red,,,后方待命,0,0.0,none,0,0,True,True,False,legal wait: no active movement route,0.0,0.083,0.0
250,tarsgo-infantry-1,tarsgo-rmuc-2026-region,infantry,18616.692,516.489,zone:supply:red,2276.0,12368.0,前往补给区,3,26997.07,active,0,0,True,False,False,movement permission or chassis power lock,0.0,0.217,0.0
250,tarsgo-infantry-2,tarsgo-rmuc-2026-region,infantry,10612.068,14500.0,zone:supply:red,2924.0,13732.0,回撤补给,2,7729.048,active,0,0,True,True,False,moving,0.0,0.383,1900.0
250,tarsgo-sentry,tarsgo-rmuc-2026-region,sentry,4631.471,13940.023,,,,等待复活,0,0.0,none,0,0,False,False,False,dead/respawning,0.0,1.4,0.0
250,tarsgo-drone,tarsgo-rmuc-2026-region,drone,24914.207,500.001,robot:opponent-engineer,,,空中压制敌方工程,0,0.0,none,0,0,True,True,False,legal wait: no active movement route,0.0,0.0,0.0
250,opponent-hero,opponent-rmuc-2026-region,hero,23515.412,1346.517,zone:supply:blue,25994.0,1950.0,前往补给区,1,2550.998,active,0,0,True,True,False,moving,0.0,0.0,1900.0
250,opponent-engineer,opponent-rmuc-2026-region,engineer,24806.0,1950.0,zone:supply:blue,,,后方待命,0,0.0,none,0,0,True,True,False,legal wait: no active movement route,0.0,0.0,0.0
250,opponent-infantry-1,opponent-rmuc-2026-region,infantry,23236.28,6405.55,zone:supply:blue,25724.0,2632.0,前往补给区,1,4519.782,active,0,0,True,True,False,moving,0.0,1.117,1900.0
250,opponent-infantry-2,opponent-rmuc-2026-region,infantry,20177.958,9137.718,robot:tarsgo-infantry-2,11593.735,14500.0,集火残血目标,2,12132.341,active,0,0,True,True,False,moving,0.0,1.783,1900.0
250,opponent-sentry,opponent-rmuc-2026-region,sentry,20889.422,7315.165,robot:tarsgo-infantry-2,11688.735,14500.0,集火残血目标,2,13993.199,active,0,0,True,True,False,moving,0.0,0.0,1270.804
250,opponent-drone,opponent-rmuc-2026-region,drone,12917.491,14478.65,robot:tarsgo-infantry-2,,,空中压制残血目标,0,0.0,none,0,0,True,True,False,legal wait: no active movement route,0.0,0.0,0.0
251,tarsgo-hero,tarsgo-rmuc-2026-region,hero,7099.202,13962.422,,,,等待复活,0,0.0,none,0,0,False,False,False,dead/respawning,0.0,1.483,0.0
251,tarsgo-engineer,tarsgo-rmuc-2026-region,engineer,3194.0,13050.0,zone:supply:red,,,后方待命,0,0.0,none,0,0,True,True,False,legal wait: no active movement route,0.0,0.083,0.0
251,tarsgo-infantry-1,tarsgo-rmuc-2026-region,infantry,18616.692,516.489,zone:supply:red,2276.0,12368.0,前往补给区,3,26997.07,active,0,0,True,False,False,movement permission or chassis power lock,0.0,0.217,0.0
251,tarsgo-infantry-2,tarsgo-rmuc-2026-region,infantry,8719.949,14352.302,zone:supply:red,2924.0,13732.0,回撤补给,1,5829.048,active,0,0,True,True,False,moving,0.0,0.383,1897.875
251,tarsgo-sentry,tarsgo-rmuc-2026-region,sentry,4631.471,13940.023,,,,等待复活,0,0.0,none,0,0,False,False,False,dead/respawning,0.0,1.4,0.0
251,tarsgo-drone,tarsgo-rmuc-2026-region,drone,24914.207,500.001,robot:opponent-engineer,,,空中压制敌方工程,0,0.0,none,0,0,True,True,False,legal wait: no active movement route,0.0,0.0,0.0
251,opponent-hero,opponent-rmuc-2026-region,hero,24192.304,1511.326,zone:supply:blue,,,补充弹量,0,0.0,none,0,0,True,True,False,legal wait: no active movement route,0.0,0.0,696.667
251,opponent-engineer,opponent-rmuc-2026-region,engineer,24806.0,1950.0,zone:supply:blue,,,后方待命,0,0.0,none,0,0,True,True,False,legal wait: no active movement route,0.0,0.0,0.0
251,opponent-infantry-1,opponent-rmuc-2026-region,infantry,24282.054,4819.247,zone:supply:blue,25724.0,2632.0,前往补给区,1,2619.782,active,0,0,True,True,False,moving,0.0,1.117,1900.0
251,opponent-infantry-2,opponent-rmuc-2026-region,infantry,19435.071,10886.466,robot:tarsgo-infantry-2,8751.436,14355.672,集火残血目标,3,13082.341,active,0,0,True,True,False,moving,0.0,1.783,1900.0
251,opponent-sentry,opponent-rmuc-2026-region,sentry,20234.628,8894.862,zone:fortress:blue,25075.0,2836.0,占领堡垒,2,8736.626,active,0,0,True,True,False,moving,0.0,0.0,1710.029
251,opponent-drone,opponent-rmuc-2026-region,drone,11935.847,14471.982,robot:tarsgo-infantry-2,9696.042,14456.767,空中压制残血目标,1,2239.857,active,0,0,True,True,False,moving,0.0,0.0,981.667
252,tarsgo-hero,tarsgo-rmuc-2026-region,hero,7099.202,13962.422,,,,等待复活,0,0.0,none,0,0,False,False,False,dead/respawning,0.0,1.483,0.0
252,tarsgo-engineer,tarsgo-rmuc-2026-region,engineer,3194.0,13050.0,zone:supply:red,,,后方待命,0,0.0,none,0,0,True,True,False,legal wait: no active movement route,0.0,0.083,0.0
252,tarsgo-infantry-1,tarsgo-rmuc-2026-region,infantry,17096.693,514.809,zone:supply:red,2276.0,12368.0,前往补给区,3,25477.07,active,0,0,True,True,False,moving,0.0,0.217,1520.0
252,tarsgo-infantry-2,tarsgo-rmuc-2026-region,infantry,7904.258,14197.538,zone:supply:red,2924.0,13732.0,回撤补给,2,5633.452,active,0,0,True,True,False,moving,0.0,0.383,830.244
252,tarsgo-sentry,tarsgo-rmuc-2026-region,sentry,4631.471,13940.023,,,,等待复活,0,0.0,none,0,0,False,False,False,dead/respawning,0.0,1.4,0.0
252,tarsgo-drone,tarsgo-rmuc-2026-region,drone,24914.207,500.001,robot:opponent-engineer,,,空中压制敌方工程,0,0.0,none,0,0,True,True,False,legal wait: no active movement route,0.0,0.0,0.0
252,opponent-hero,opponent-rmuc-2026-region,hero,24192.304,1511.326,structure:red-base,,,进攻基地,0,0.0,searching,2,2,True,True,False,waiting for path search,0.0,0.0,0.0
252,opponent-engineer,opponent-rmuc-2026-region,engineer,24806.0,1950.0,zone:supply:blue,,,后方待命,0,0.0,none,0,0,True,True,False,legal wait: no active movement route,0.0,0.0,0.0
252,opponent-infantry-1,opponent-rmuc-2026-region,infantry,24892.088,3893.903,zone:supply:blue,25724.0,2632.0,前往补给区,1,1511.449,active,0,0,True,False,False,movement permission or chassis power lock,0.0,1.117,1108.333
252,opponent-infantry-2,opponent-rmuc-2026-region,infantry,18692.183,12635.213,robot:tarsgo-infantry-2,7397.676,14206.819,集火残血目标,3,12544.257,active,0,0,True,True,False,moving,0.0,1.783,1900.0
252,opponent-sentry,opponent-rmuc-2026-region,sentry,21006.53,7158.727,zone:fortress:blue,25075.0,2836.0,占领堡垒,2,6836.626,active,0,0,True,True,False,moving,0.0,0.0,1900.0
252,opponent-drone,opponent-rmuc-2026-region,drone,10068.052,14496.581,robot:tarsgo-infantry-2,,,空中压制残血目标,0,0.0,none,0,0,True,True,False,legal wait: no active movement route,0.0,0.0,1867.957
253,tarsgo-hero,tarsgo-rmuc-2026-region,hero,7099.202,13962.422,,,,等待复活,0,0.0,none,0,0,False,False,False,dead/respawning,0.0,1.483,0.0
253,tarsgo-engineer,tarsgo-rmuc-2026-region,engineer,3194.0,13050.0,zone:supply:red,,,后方待命,0,0.0,none,0,0,True,True,False,legal wait: no active movement route,0.0,0.083,0.0
253,tarsgo-infantry-1,tarsgo-rmuc-2026-region,infantry,15196.694,512.708,zone:supply:red,2276.0,12368.0,前往补给区,3,23577.07,active,0,0,True,True,False,moving,0.0,0.217,1900.0
253,tarsgo-infantry-2,tarsgo-rmuc-2026-region,infantry,8196.833,13918.281,zone:supply:red,2924.0,13732.0,回撤补给,2,5400.044,active,0,0,True,True,False,moving,0.0,0.383,404.456
253,tarsgo-sentry,tarsgo-rmuc-2026-region,sentry,4631.471,13940.023,,,,等待复活,0,0.0,none,0,0,False,False,False,dead/respawning,0.0,1.4,0.0
253,tarsgo-drone,tarsgo-rmuc-2026-region,drone,24914.207,500.001,robot:opponent-engineer,,,空中压制敌方工程,0,0.0,none,0,0,True,True,False,legal wait: no active movement route,0.0,0.0,0.0
253,opponent-hero,opponent-rmuc-2026-region,hero,22376.256,1236.889,structure:red-base,2407.0,7500.0,进攻基地,3,25942.84,active,0,0,True,True,False,moving,0.0,0.0,1836.667
253,opponent-engineer,opponent-rmuc-2026-region,engineer,24806.0,1950.0,zone:supply:blue,,,后方待命,0,0.0,none,0,0,True,True,False,legal wait: no active movement route,0.0,0.0,0.0
253,opponent-infantry-1,opponent-rmuc-2026-region,infantry,24892.088,3893.903,zone:supply:blue,25724.0,2632.0,前往补给区,1,1511.449,active,0,0,True,False,False,movement permission or chassis power lock,0.0,1.117,0.0
253,opponent-infantry-2,opponent-rmuc-2026-region,infantry,17949.295,14383.961,robot:tarsgo-infantry-2,7621.458,14139.711,集火残血目标,3,10430.667,active,0,0,True,True,False,moving,0.0,1.783,1900.0
253,opponent-sentry,opponent-rmuc-2026-region,sentry,21778.432,5422.591,zone:fortress:blue,25075.0,2836.0,占领堡垒,2,4936.626,active,0,0,True,True,False,moving,0.0,0.0,1900.0
253,opponent-drone,opponent-rmuc-2026-region,drone,9570.235,14402.294,robot:tarsgo-infantry-2,7707.449,14049.482,空中压制残血目标,1,1895.904,active,0,0,True,True,False,moving,0.0,0.0,506.667
254,tarsgo-hero,tarsgo-rmuc-2026-region,hero,7099.202,13962.422,,,,等待复活,0,0.0,none,0,0,False,False,False,dead/respawning,0.0,1.483,0.0
254,tarsgo-engineer,tarsgo-rmuc-2026-region,engineer,3194.0,13050.0,zone:supply:red,,,后方待命,0,0.0,none,0,0,True,True,False,legal wait: no active movement route,0.0,0.083,0.0
254,tarsgo-infantry-1,tarsgo-rmuc-2026-region,infantry,13296.695,510.608,zone:supply:red,2276.0,12368.0,前往补给区,3,21677.07,active,0,0,True,True,False,moving,0.0,0.217,1900.0
254,tarsgo-infantry-2,tarsgo-rmuc-2026-region,infantry,7904.857,13311.841,zone:supply:red,2924.0,13732.0,回撤补给,1,4998.546,active,0,0,True,True,False,moving,0.0,0.383,673.068
254,tarsgo-sentry,tarsgo-rmuc-2026-region,sentry,4631.471,13940.023,,,,等待复活,0,0.0,none,0,0,False,False,False,dead/respawning,0.0,1.4,0.0
254,tarsgo-drone,tarsgo-rmuc-2026-region,drone,24914.207,500.001,robot:opponent-engineer,,,空中压制敌方工程,0,0.0,none,0,0,True,True,False,legal wait: no active movement route,0.0,0.0,0.0
254,opponent-hero,opponent-rmuc-2026-region,hero,20497.586,952.988,structure:red-base,2407.0,7500.0,进攻基地,3,24042.84,active,0,0,True,True,False,moving,0.0,0.0,1900.0
254,opponent-engineer,opponent-rmuc-2026-region,engineer,24806.0,1950.0,zone:supply:blue,,,后方待命,0,0.0,none,0,0,True,True,False,legal wait: no active movement route,0.0,0.0,0.0
254,opponent-infantry-1,opponent-rmuc-2026-region,infantry,24892.088,3893.903,zone:supply:blue,25724.0,2632.0,前往补给区,1,1511.449,active,0,0,True,False,False,movement permission or chassis power lock,0.0,1.117,0.0
254,opponent-infantry-2,opponent-rmuc-2026-region,infantry,16126.076,14500.0,robot:tarsgo-infantry-2,7936.411,13309.179,集火残血目标,2,8495.726,active,0,0,True,True,False,moving,0.0,1.783,1826.908
254,opponent-sentry,opponent-rmuc-2026-region,sentry,22550.335,3686.455,zone:fortress:blue,25075.0,2836.0,占领堡垒,2,3036.626,active,0,0,True,True,False,moving,0.0,0.0,1900.0
254,opponent-drone,opponent-rmuc-2026-region,drone,8667.943,14231.4,robot:tarsgo-infantry-2,,,空中压制残血目标,0,0.0,none,0,0,True,True,False,legal wait: no active movement route,0.0,0.0,918.333
255,tarsgo-hero,tarsgo-rmuc-2026-region,hero,7099.202,13962.422,,,,等待复活,0,0.0,none,0,0,False,False,False,dead/respawning,0.0,1.483,0.0
255,tarsgo-engineer,tarsgo-rmuc-2026-region,engineer,3194.0,13050.0,zone:supply:red,,,后方待命,0,0.0,none,0,0,True,True,False,legal wait: no active movement route,0.0,0.083,0.0
255,tarsgo-infantry-1,tarsgo-rmuc-2026-region,infantry,11396.696,508.508,zone:supply:red,2276.0,12368.0,前往补给区,3,19777.07,active,0,0,True,True,False,moving,0.0,0.217,1900.0
255,tarsgo-infantry-2,tarsgo-rmuc-2026-region,infantry,6011.581,13471.548,zone:supply:red,2924.0,13732.0,回撤补给,1,3098.546,active,0,0,True,True,False,moving,0.0,0.383,1900.0
255,tarsgo-sentry,tarsgo-rmuc-2026-region,sentry,4631.471,13940.023,,,,等待复活,0,0.0,none,0,0,False,False,False,dead/respawning,0.0,1.4,0.0
255,tarsgo-drone,tarsgo-rmuc-2026-region,drone,24914.207,500.001,robot:opponent-engineer,,,空中压制敌方工程,0,0.0,none,0,0,True,True,False,legal wait: no active movement route,0.0,0.0,0.0
255,opponent-hero,opponent-rmuc-2026-region,hero,18618.916,669.088,structure:red-base,2407.0,7500.0,进攻基地,3,22142.84,active,0,0,True,True,False,moving,0.0,0.0,1900.0
255,opponent-engineer,opponent-rmuc-2026-region,engineer,24806.0,1950.0,zone:supply:blue,,,后方待命,0,0.0,none,0,0,True,True,False,legal wait: no active movement route,0.0,0.0,0.0
255,opponent-infantry-1,opponent-rmuc-2026-region,infantry,24892.088,3893.903,zone:supply:blue,25724.0,2632.0,前往补给区,1,1511.449,active,0,0,True,False,False,movement permission or chassis power lock,0.0,1.117,0.0
255,opponent-infantry-2,opponent-rmuc-2026-region,infantry,14226.076,14500.0,robot:tarsgo-infantry-2,6516.454,13428.959,集火残血目标,2,7866.253,active,0,0,True,True,False,moving,0.0,1.783,1900.0
255,opponent-sentry,opponent-rmuc-2026-region,sentry,23938.866,2869.431,zone:fortress:blue,25075.0,2836.0,占领堡垒,1,1136.626,active,0,0,True,True,False,moving,0.0,0.0,1611.07
255,opponent-drone,opponent-rmuc-2026-region,drone,8637.534,14222.566,robot:tarsgo-infantry-2,6043.135,13468.886,空中压制残血目标,1,2701.654,active,0,0,True,True,False,moving,0.0,0.0,31.667
256,tarsgo-hero,tarsgo-rmuc-2026-region,hero,7099.202,13962.422,,,,等待复活,0,0.0,none,0,0,False,False,False,dead/respawning,0.0,1.483,0.0
256,tarsgo-engineer,tarsgo-rmuc-2026-region,engineer,3194.0,13050.0,zone:supply:red,,,后方待命,0,0.0,none,0,0,True,True,False,legal wait: no active movement route,0.0,0.083,0.0
256,tarsgo-infantry-1,tarsgo-rmuc-2026-region,infantry,9496.697,506.408,zone:supply:red,2276.0,12368.0,前往补给区,3,17877.07,active,0,0,True,True,False,moving,0.0,0.217,1900.0
256,tarsgo-infantry-2,tarsgo-rmuc-2026-region,infantry,4717.932,13014.222,zone:supply:red,2924.0,13732.0,回撤补给,2,2353.791,active,0,0,True,True,False,moving,0.0,0.383,1372.105
256,tarsgo-sentry,tarsgo-rmuc-2026-region,sentry,4631.471,13940.023,,,,等待复活,0,0.0,none,0,0,False,False,False,dead/respawning,0.0,1.4,0.0
256,tarsgo-drone,tarsgo-rmuc-2026-region,drone,24914.207,500.001,robot:opponent-engineer,,,空中压制敌方工程,0,0.0,none,0,0,True,True,False,legal wait: no active movement route,0.0,0.0,0.0
256,opponent-hero,opponent-rmuc-2026-region,hero,16731.62,500.0,structure:red-base,2407.0,7500.0,进攻基地,2,20242.84,active,0,0,True,True,False,moving,0.0,0.0,1894.855
256,opponent-engineer,opponent-rmuc-2026-region,engineer,24806.0,1950.0,zone:supply:blue,,,后方待命,0,0.0,none,0,0,True,True,False,legal wait: no active movement route,0.0,0.0,0.0
256,opponent-infantry-1,opponent-rmuc-2026-region,infantry,24892.088,3893.903,zone:supply:blue,25724.0,2632.0,前往补给区,1,1511.449,active,0,0,True,False,False,movement permission or chassis power lock,0.0,1.117,0.0
256,opponent-infantry-2,opponent-rmuc-2026-region,infantry,12326.076,14500.0,robot:tarsgo-infantry-2,5096.497,13548.74,集火残血目标,2,7319.202,active,0,0,True,True,False,moving,0.0,1.783,1900.0
256,opponent-sentry,opponent-rmuc-2026-region,sentry,25075.0,2836.0,zone:fortress:blue,25075.0,2836.0,占领堡垒,0,0.0,none,0,0,True,True,False,legal wait: no active movement route,0.0,0.0,1136.626
256,opponent-drone,opponent-rmuc-2026-region,drone,6796.472,13773.388,robot:tarsgo-infantry-2,4689.804,13520.107,空中压制残血目标,1,2121.839,active,0,0,True,True,False,moving,0.0,0.0,1895.065
257,tarsgo-hero,tarsgo-rmuc-2026-region,hero,7099.202,13962.422,,,,等待复活,0,0.0,none,0,0,False,False,False,dead/respawning,0.0,1.483,0.0
257,tarsgo-engineer,tarsgo-rmuc-2026-region,engineer,3194.0,13050.0,zone:supply:red,,,后方待命,0,0.0,none,0,0,True,True,False,legal wait: no active movement route,0.0,0.083,0.0
257,tarsgo-infantry-1,tarsgo-rmuc-2026-region,infantry,7596.699,504.307,zone:supply:red,2276.0,12368.0,前往补给区,3,15977.07,active,0,0,True,True,False,moving,0.0,0.217,1900.0
257,tarsgo-infantry-2,tarsgo-rmuc-2026-region,infantry,4013.512,13128.57,zone:supply:red,2924.0,13732.0,回撤补给,1,1245.457,active,0,0,True,False,False,movement permission or chassis power lock,0.0,0.383,713.641
257,tarsgo-sentry,tarsgo-rmuc-2026-region,sentry,4631.471,13940.023,,,,等待复活,0,0.0,none,0,0,False,False,False,dead/respawning,0.0,1.4,0.0
257,tarsgo-drone,tarsgo-rmuc-2026-region,drone,24914.207,500.001,robot:opponent-engineer,,,空中压制敌方工程,0,0.0,none,0,0,True,True,False,legal wait: no active movement route,0.0,0.0,0.0
257,opponent-hero,opponent-rmuc-2026-region,hero,14831.62,500.0,structure:red-base,2407.0,7500.0,进攻基地,2,18342.84,active,0,0,True,True,False,moving,0.0,0.0,1900.0
257,opponent-engineer,opponent-rmuc-2026-region,engineer,24806.0,1950.0,zone:supply:blue,,,后方待命,0,0.0,none,0,0,True,True,False,legal wait: no active movement route,0.0,0.0,0.0
257,opponent-infantry-1,opponent-rmuc-2026-region,infantry,25310.397,3259.382,zone:supply:blue,25724.0,2632.0,前往补给区,1,751.449,active,0,0,True,True,False,moving,0.0,1.117,760.0
257,opponent-infantry-2,opponent-rmuc-2026-region,infantry,10426.77,14493.408,robot:tarsgo-infantry-2,4013.512,13128.57,集火残血目标,1,6556.878,active,0,0,True,True,False,moving,0.0,1.783,1899.318
257,opponent-sentry,opponent-rmuc-2026-region,sentry,25075.0,2836.0,zone:fortress:blue,,,占领堡垒,0,0.0,none,0,0,True,True,False,legal wait: no active movement route,0.0,0.0,0.0
257,opponent-drone,opponent-rmuc-2026-region,drone,5884.705,13663.768,robot:tarsgo-infantry-2,,,空中压制残血目标,0,0.0,none,0,0,True,True,False,legal wait: no active movement route,0.0,0.0,918.333
258,tarsgo-hero,tarsgo-rmuc-2026-region,hero,7099.202,13962.422,,,,等待复活,0,0.0,none,0,0,False,False,False,dead/respawning,0.0,1.483,0.0
258,tarsgo-engineer,tarsgo-rmuc-2026-region,engineer,3194.0,13050.0,zone:supply:red,,,后方待命,0,0.0,none,0,0,True,True,False,legal wait: no active movement route,0.0,0.083,0.0
258,tarsgo-infantry-1,tarsgo-rmuc-2026-region,infantry,5696.7,502.207,zone:supply:red,2276.0,12368.0,前往补给区,3,14077.07,active,0,0,True,True,False,moving,0.0,0.217,1900.0
258,tarsgo-infantry-2,tarsgo-rmuc-2026-region,infantry,4013.512,13128.57,zone:supply:red,2924.0,13732.0,回撤补给,1,1245.457,active,0,0,True,False,False,movement permission or chassis power lock,0.0,0.383,0.0
258,tarsgo-sentry,tarsgo-rmuc-2026-region,sentry,4631.471,13940.023,,,,等待复活,0,0.0,none,0,0,False,False,False,dead/respawning,0.0,1.4,0.0
258,tarsgo-drone,tarsgo-rmuc-2026-region,drone,24914.207,500.001,robot:opponent-engineer,,,空中压制敌方工程,0,0.0,none,0,0,True,True,False,legal wait: no active movement route,0.0,0.0,0.0
258,opponent-hero,opponent-rmuc-2026-region,hero,12931.62,500.0,structure:red-base,2407.0,7500.0,进攻基地,2,16442.84,active,0,0,True,True,False,moving,0.0,0.0,1900.0
258,opponent-engineer,opponent-rmuc-2026-region,engineer,24806.0,1950.0,zone:supply:blue,,,后方待命,0,0.0,none,0,0,True,True,False,legal wait: no active movement route,0.0,0.0,0.0
258,opponent-infantry-1,opponent-rmuc-2026-region,infantry,25258.109,3338.697,robot:tarsgo-infantry-2,4013.512,13128.57,集火残血目标,3,27407.57,active,0,0,True,True,False,moving,0.0,1.117,95.0
258,opponent-infantry-2,opponent-rmuc-2026-region,infantry,8568.387,14097.916,robot:tarsgo-infantry-2,4013.512,13128.57,集火残血目标,1,4656.878,active,0,0,True,True,False,moving,0.0,1.783,1900.0
258,opponent-sentry,opponent-rmuc-2026-region,sentry,25075.0,2836.0,zone:fortress:blue,,,占领堡垒,0,0.0,none,0,0,True,True,False,legal wait: no active movement route,0.0,0.0,0.0
258,opponent-drone,opponent-rmuc-2026-region,drone,5884.705,13663.768,robot:tarsgo-infantry-2,,,空中压制残血目标,0,0.0,none,0,0,True,True,False,legal wait: no active movement route,0.0,0.0,0.0
259,tarsgo-hero,tarsgo-rmuc-2026-region,hero,7099.202,13962.422,,,,等待复活,0,0.0,none,0,0,False,False,False,dead/respawning,0.0,1.483,0.0
259,tarsgo-engineer,tarsgo-rmuc-2026-region,engineer,3194.0,13050.0,zone:supply:red,,,后方待命,0,0.0,none,0,0,True,True,False,legal wait: no active movement route,0.0,0.083,0.0
259,tarsgo-infantry-1,tarsgo-rmuc-2026-region,infantry,3796.701,500.107,zone:supply:red,2276.0,12368.0,前往补给区,3,12177.07,active,0,0,True,True,False,moving,0.0,0.217,1900.0
259,tarsgo-infantry-2,tarsgo-rmuc-2026-region,infantry,4013.512,13128.57,zone:supply:red,2924.0,13732.0,回撤补给,1,1245.457,active,0,0,True,False,False,movement permission or chassis power lock,0.0,0.383,0.0
259,tarsgo-sentry,tarsgo-rmuc-2026-region,sentry,4631.471,13940.023,,,,等待复活,0,0.0,none,0,0,False,False,False,dead/respawning,0.0,1.4,0.0
259,tarsgo-drone,tarsgo-rmuc-2026-region,drone,24914.207,500.001,robot:opponent-engineer,,,空中压制敌方工程,0,0.0,none,0,0,True,True,False,legal wait: no active movement route,0.0,0.0,0.0
259,opponent-hero,opponent-rmuc-2026-region,hero,11031.62,500.0,structure:red-base,2407.0,7500.0,进攻基地,2,14542.84,active,0,0,True,True,False,moving,0.0,0.0,1900.0
259,opponent-engineer,opponent-rmuc-2026-region,engineer,24806.0,1950.0,zone:supply:blue,,,后方待命,0,0.0,none,0,0,True,True,False,legal wait: no active movement route,0.0,0.0,0.0
259,opponent-infantry-1,opponent-rmuc-2026-region,infantry,24212.335,4925.0,robot:tarsgo-infantry-2,4013.512,13128.57,集火残血目标,3,25507.57,active,0,0,True,True,False,moving,0.0,1.117,1900.0
259,opponent-infantry-2,opponent-rmuc-2026-region,infantry,8028.242,13363.523,robot:tarsgo-infantry-2,4013.512,13128.57,集火残血目标,2,4185.243,active,0,0,True,True,False,moving,0.0,1.783,911.642
259,opponent-sentry,opponent-rmuc-2026-region,sentry,25075.0,2836.0,zone:fortress:blue,,,占领堡垒,0,0.0,none,0,0,True,True,False,legal wait: no active movement route,0.0,0.0,0.0
259,opponent-drone,opponent-rmuc-2026-region,drone,5884.705,13663.768,robot:tarsgo-infantry-2,,,空中压制残血目标,0,0.0,none,0,0,True,True,False,legal wait: no active movement route,0.0,0.0,0.0
260,tarsgo-hero,tarsgo-rmuc-2026-region,hero,7099.202,13962.422,,,,等待复活,0,0.0,none,0,0,False,False,False,dead/respawning,0.0,1.483,0.0
260,tarsgo-engineer,tarsgo-rmuc-2026-region,engineer,3194.0,13050.0,zone:supply:red,,,后方待命,0,0.0,none,0,0,True,True,False,legal wait: no active movement route,0.0,0.083,0.0
260,tarsgo-infantry-1,tarsgo-rmuc-2026-region,infantry,3700.0,2303.299,zone:supply:red,2276.0,12368.0,前往补给区,2,10277.07,active,0,0,True,True,False,moving,0.0,0.217,1805.783
260,tarsgo-infantry-2,tarsgo-rmuc-2026-region,infantry,4013.512,13128.57,zone:supply:red,2924.0,13732.0,回撤补给,1,1245.457,active,0,0,True,False,False,movement permission or chassis power lock,0.0,0.383,0.0
260,tarsgo-sentry,tarsgo-rmuc-2026-region,sentry,4631.471,13940.023,,,,等待复活,0,0.0,none,0,0,False,False,False,dead/respawning,0.0,1.4,0.0
260,tarsgo-drone,tarsgo-rmuc-2026-region,drone,24914.207,500.001,robot:opponent-engineer,,,空中压制敌方工程,0,0.0,none,0,0,True,True,False,legal wait: no active movement route,0.0,0.0,0.0
260,opponent-hero,opponent-rmuc-2026-region,hero,9131.62,500.0,structure:red-base,2407.0,7500.0,进攻基地,2,12642.84,active,0,0,True,True,False,moving,0.0,0.0,1900.0
260,opponent-engineer,opponent-rmuc-2026-region,engineer,24806.0,1950.0,zone:supply:blue,,,后方待命,0,0.0,none,0,0,True,True,False,legal wait: no active movement route,0.0,0.0,0.0
260,opponent-infantry-1,opponent-rmuc-2026-region,infantry,23166.562,6511.304,robot:tarsgo-infantry-2,4013.512,13128.57,集火残血目标,3,23607.57,active,0,0,True,True,False,moving,0.0,1.117,1900.0
260,opponent-infantry-2,opponent-rmuc-2026-region,infantry,6328.353,13226.461,robot:tarsgo-infantry-2,,,集火残血目标,0,0.0,none,0,0,True,True,False,legal wait: no active movement route,0.0,1.783,1705.406
260,opponent-sentry,opponent-rmuc-2026-region,sentry,25075.0,2836.0,zone:fortress:blue,,,占领堡垒,0,0.0,none,0,0,True,True,False,legal wait: no active movement route,0.0,0.0,0.0
260,opponent-drone,opponent-rmuc-2026-region,drone,5884.705,13663.768,robot:tarsgo-infantry-2,,,空中压制残血目标,0,0.0,none,0,0,True,True,False,legal wait: no active movement route,0.0,0.0,0.0
261,tarsgo-hero,tarsgo-rmuc-2026-region,hero,7099.202,13962.422,,,,等待复活,0,0.0,none,0,0,False,False,False,dead/respawning,0.0,1.483,0.0
261,tarsgo-engineer,tarsgo-rmuc-2026-region,engineer,3194.0,13050.0,zone:supply:red,,,后方待命,0,0.0,none,0,0,True,True,False,legal wait: no active movement route,0.0,0.083,0.0
261,tarsgo-infantry-1,tarsgo-rmuc-2026-region,infantry,3700.0,4203.299,zone:supply:red,2276.0,12368.0,前往补给区,2,8377.07,active,0,0,True,True,False,moving,0.0,0.217,1900.0
261,tarsgo-infantry-2,tarsgo-rmuc-2026-region,infantry,4013.512,13128.57,zone:supply:red,2924.0,13732.0,回撤补给,1,1245.457,active,0,0,True,False,False,movement permission or chassis power lock,0.0,0.383,0.0
261,tarsgo-sentry,tarsgo-rmuc-2026-region,sentry,4631.471,13940.023,,,,等待复活,0,0.0,none,0,0,False,False,False,dead/respawning,0.0,1.4,0.0
261,tarsgo-drone,tarsgo-rmuc-2026-region,drone,24914.207,500.001,robot:opponent-engineer,,,空中压制敌方工程,0,0.0,none,0,0,True,True,False,legal wait: no active movement route,0.0,0.0,0.0
261,opponent-hero,opponent-rmuc-2026-region,hero,7231.62,500.0,structure:red-base,2407.0,7500.0,进攻基地,2,10742.84,active,0,0,True,True,False,moving,0.0,0.0,1900.0
261,opponent-engineer,opponent-rmuc-2026-region,engineer,24806.0,1950.0,zone:supply:blue,,,后方待命,0,0.0,none,0,0,True,True,False,legal wait: no active movement route,0.0,0.0,0.0
261,opponent-infantry-1,opponent-rmuc-2026-region,infantry,22120.789,8097.607,robot:tarsgo-infantry-2,4013.512,13128.57,集火残血目标,3,21707.57,active,0,0,True,True,False,moving,0.0,1.117,1900.0
261,opponent-infantry-2,opponent-rmuc-2026-region,infantry,6445.327,12831.763,zone:supply:blue,25076.0,1268.0,前往补给区,3,28630.296,active,0,0,True,True,False,moving,0.0,1.783,411.667
261,opponent-sentry,opponent-rmuc-2026-region,sentry,25075.0,2836.0,zone:fortress:blue,,,占领堡垒,0,0.0,none,0,0,True,True,False,legal wait: no active movement route,0.0,0.0,0.0
261,opponent-drone,opponent-rmuc-2026-region,drone,5884.705,13663.768,robot:tarsgo-infantry-2,,,空中压制残血目标,0,0.0,none,0,0,True,True,False,legal wait: no active movement route,0.0,0.0,0.0
262,tarsgo-hero,tarsgo-rmuc-2026-region,hero,7099.202,13962.422,,,,等待复活,0,0.0,none,0,0,False,False,False,dead/respawning,0.0,1.483,0.0
262,tarsgo-engineer,tarsgo-rmuc-2026-region,engineer,3194.0,13050.0,zone:supply:red,,,后方待命,0,0.0,none,0,0,True,True,False,legal wait: no active movement route,0.0,0.083,0.0
262,tarsgo-infantry-1,tarsgo-rmuc-2026-region,infantry,3700.0,6103.299,zone:supply:red,2276.0,12368.0,前往补给区,2,6477.07,active,0,0,True,True,False,moving,0.0,0.217,1900.0
262,tarsgo-infantry-2,tarsgo-rmuc-2026-region,infantry,3348.673,13496.794,zone:supply:red,2924.0,13732.0,回撤补给,1,485.457,active,0,0,True,True,False,moving,0.0,0.383,760.0
262,tarsgo-sentry,tarsgo-rmuc-2026-region,sentry,4631.471,13940.023,,,,等待复活,0,0.0,none,0,0,False,False,False,dead/respawning,0.0,1.4,0.0
262,tarsgo-drone,tarsgo-rmuc-2026-region,drone,24914.207,500.001,robot:opponent-engineer,,,空中压制敌方工程,0,0.0,none,0,0,True,True,False,legal wait: no active movement route,0.0,0.0,0.0
262,opponent-hero,opponent-rmuc-2026-region,hero,5331.62,500.0,structure:red-base,2407.0,7500.0,进攻基地,2,8842.84,active,0,0,True,True,False,moving,0.0,0.0,1900.0
262,opponent-engineer,opponent-rmuc-2026-region,engineer,24806.0,1950.0,zone:supply:blue,,,后方待命,0,0.0,none,0,0,True,True,False,legal wait: no active movement route,0.0,0.0,0.0
262,opponent-infantry-1,opponent-rmuc-2026-region,infantry,21075.016,9683.91,robot:tarsgo-infantry-2,4013.512,13128.57,集火残血目标,3,19807.57,active,0,0,True,True,False,moving,0.0,1.117,1900.0
262,opponent-infantry-2,opponent-rmuc-2026-region,infantry,6985.206,11010.079,zone:supply:blue,25076.0,1268.0,前往补给区,3,26730.296,active,0,0,True,True,False,moving,0.0,1.783,1900.0
262,opponent-sentry,opponent-rmuc-2026-region,sentry,25075.0,2836.0,zone:fortress:blue,,,占领堡垒,0,0.0,none,0,0,True,True,False,legal wait: no active movement route,0.0,0.0,0.0
262,opponent-drone,opponent-rmuc-2026-region,drone,5884.705,13663.768,robot:tarsgo-infantry-2,,,空中压制残血目标,0,0.0,none,0,0,True,True,False,legal wait: no active movement route,0.0,0.0,0.0
263,tarsgo-hero,tarsgo-rmuc-2026-region,hero,7099.202,13962.422,,,,等待复活,0,0.0,none,0,0,False,False,False,dead/respawning,0.0,1.483,0.0
263,tarsgo-engineer,tarsgo-rmuc-2026-region,engineer,3194.0,13050.0,zone:supply:red,,,后方待命,0,0.0,none,0,0,True,True,False,legal wait: no active movement route,0.0,0.083,0.0
263,tarsgo-infantry-1,tarsgo-rmuc-2026-region,infantry,3611.503,7990.101,zone:supply:red,2276.0,12368.0,前往补给区,1,4577.07,active,0,0,True,True,False,moving,0.0,0.217,1888.876
263,tarsgo-infantry-2,tarsgo-rmuc-2026-region,infantry,2924.0,13732.0,zone:supply:red,,,补充弹量,0,0.0,none,0,0,True,True,False,legal wait: no active movement route,0.0,0.383,485.457
263,tarsgo-sentry,tarsgo-rmuc-2026-region,sentry,4631.471,13940.023,,,,等待复活,0,0.0,none,0,0,False,False,False,dead/respawning,0.0,1.4,0.0
263,tarsgo-drone,tarsgo-rmuc-2026-region,drone,24914.207,500.001,robot:opponent-engineer,,,空中压制敌方工程,0,0.0,none,0,0,True,True,False,legal wait: no active movement route,0.0,0.0,0.0
263,opponent-hero,opponent-rmuc-2026-region,hero,3431.62,500.0,structure:red-base,2407.0,7500.0,进攻基地,2,6942.84,active,0,0,True,True,False,moving,0.0,0.0,1900.0
263,opponent-engineer,opponent-rmuc-2026-region,engineer,24806.0,1950.0,zone:supply:blue,,,后方待命,0,0.0,none,0,0,True,True,False,legal wait: no active movement route,0.0,0.0,0.0
263,opponent-infantry-1,opponent-rmuc-2026-region,infantry,20029.242,11270.214,robot:tarsgo-infantry-2,2924.0,13732.0,集火残血目标,3,18885.467,active,0,0,True,True,False,moving,0.0,1.117,1900.0
263,opponent-infantry-2,opponent-rmuc-2026-region,infantry,7525.085,9188.396,zone:supply:blue,25076.0,1268.0,前往补给区,3,24830.296,active,0,0,True,True,False,moving,0.0,1.783,1900.0
263,opponent-sentry,opponent-rmuc-2026-region,sentry,25075.0,2836.0,zone:fortress:blue,,,占领堡垒,0,0.0,none,0,0,True,True,False,legal wait: no active movement route,0.0,0.0,0.0
263,opponent-drone,opponent-rmuc-2026-region,drone,4927.622,13445.451,robot:tarsgo-engineer,3194.0,13050.0,空中压制敌方工程,1,1778.152,active,0,0,True,True,False,moving,0.0,0.0,981.667
264,tarsgo-hero,tarsgo-rmuc-2026-region,hero,7099.202,13962.422,,,,等待复活,0,0.0,none,0,0,False,False,False,dead/respawning,0.0,1.483,0.0
264,tarsgo-engineer,tarsgo-rmuc-2026-region,engineer,3194.0,13050.0,zone:supply:red,,,后方待命,0,0.0,none,0,0,True,True,False,legal wait: no active movement route,0.0,0.083,0.0
264,tarsgo-infantry-1,tarsgo-rmuc-2026-region,infantry,3509.866,8323.277,zone:supply:red,2276.0,12368.0,前往补给区,1,4228.736,active,0,0,True,False,False,movement permission or chassis power lock,0.0,0.217,348.333
264,tarsgo-infantry-2,tarsgo-rmuc-2026-region,infantry,3100.16,14173.307,zone:fortress:red,3195.0,12164.0,占领堡垒,2,2074.358,active,0,0,True,True,False,moving,0.0,0.383,475.168
264,tarsgo-sentry,tarsgo-rmuc-2026-region,sentry,4631.471,13940.023,,,,等待复活,0,0.0,none,0,0,False,False,False,dead/respawning,0.0,1.4,0.0
264,tarsgo-drone,tarsgo-rmuc-2026-region,drone,24914.207,500.001,robot:opponent-engineer,,,空中压制敌方工程,0,0.0,none,0,0,True,True,False,legal wait: no active movement route,0.0,0.0,0.0
264,opponent-hero,opponent-rmuc-2026-region,hero,2485.508,1436.601,structure:red-base,2407.0,7500.0,进攻基地,1,5074.507,active,0,0,True,False,False,movement permission or chassis power lock,0.0,0.0,1331.296
264,opponent-engineer,opponent-rmuc-2026-region,engineer,24806.0,1950.0,zone:supply:blue,,,后方待命,0,0.0,none,0,0,True,True,False,legal wait: no active movement route,0.0,0.0,0.0
264,opponent-infantry-1,opponent-rmuc-2026-region,infantry,18983.469,12856.517,robot:tarsgo-infantry-1,3509.866,8323.277,追击敌方步兵,3,18800.75,active,0,0,True,True,False,moving,0.0,1.117,1900.0
264,opponent-infantry-2,opponent-rmuc-2026-region,infantry,8064.963,7366.712,zone:supply:blue,25076.0,1268.0,前往补给区,3,22930.296,active,0,0,True,True,False,moving,0.0,1.783,1900.0
264,opponent-sentry,opponent-rmuc-2026-region,sentry,25075.0,2836.0,zone:fortress:blue,,,占领堡垒,0,0.0,none,0,0,True,True,False,legal wait: no active movement route,0.0,0.0,0.0
264,opponent-drone,opponent-rmuc-2026-region,drone,4495.391,13346.856,robot:tarsgo-engineer,,,空中压制敌方工程,0,0.0,none,0,0,True,True,False,legal wait: no active movement route,0.0,0.0,443.333
265,tarsgo-hero,tarsgo-rmuc-2026-region,hero,7099.202,13962.422,,,,等待复活,0,0.0,none,0,0,False,False,False,dead/respawning,0.0,1.483,0.0
265,tarsgo-engineer,tarsgo-rmuc-2026-region,engineer,3194.0,13050.0,zone:supply:red,,,后方待命,0,0.0,none,0,0,True,True,False,legal wait: no active movement route,0.0,0.083,0.0
265,tarsgo-infantry-1,tarsgo-rmuc-2026-region,infantry,3509.866,8323.277,zone:supply:red,2276.0,12368.0,前往补给区,1,4228.736,active,0,0,True,False,False,movement permission or chassis power lock,0.0,0.217,0.0
265,tarsgo-infantry-2,tarsgo-rmuc-2026-region,infantry,3505.362,13949.047,zone:fortress:red,3195.0,12164.0,占领堡垒,1,1811.827,active,0,0,True,True,False,moving,0.0,0.383,463.121
265,tarsgo-sentry,tarsgo-rmuc-2026-region,sentry,4631.471,13940.023,,,,等待复活,0,0.0,none,0,0,False,False,False,dead/respawning,0.0,1.4,0.0
265,tarsgo-drone,tarsgo-rmuc-2026-region,drone,24914.207,500.001,robot:opponent-engineer,,,空中压制敌方工程,0,0.0,none,0,0,True,True,False,legal wait: no active movement route,0.0,0.0,0.0
265,opponent-hero,opponent-rmuc-2026-region,hero,2485.508,1436.601,structure:red-base,2407.0,7500.0,进攻基地,1,5074.507,active,0,0,True,False,False,movement permission or chassis power lock,0.0,0.0,0.0
265,opponent-engineer,opponent-rmuc-2026-region,engineer,24806.0,1950.0,zone:supply:blue,,,后方待命,0,0.0,none,0,0,True,True,False,legal wait: no active movement route,0.0,0.0,0.0
265,opponent-infantry-1,opponent-rmuc-2026-region,infantry,17937.696,14442.82,robot:tarsgo-infantry-1,3509.866,8323.277,追击敌方步兵,3,16900.75,active,0,0,True,True,False,moving,0.0,1.117,1900.0
265,opponent-infantry-2,opponent-rmuc-2026-region,infantry,8604.842,5545.029,zone:supply:blue,25076.0,1268.0,前往补给区,3,21030.296,active,0,0,True,True,False,moving,0.0,1.783,1900.0
265,opponent-sentry,opponent-rmuc-2026-region,sentry,25075.0,2836.0,zone:fortress:blue,,,占领堡垒,0,0.0,none,0,0,True,True,False,legal wait: no active movement route,0.0,0.0,0.0
265,opponent-drone,opponent-rmuc-2026-region,drone,4495.391,13346.856,robot:tarsgo-engineer,,,空中压制敌方工程,0,0.0,none,0,0,True,True,False,legal wait: no active movement route,0.0,0.0,0.0
266,tarsgo-hero,tarsgo-rmuc-2026-region,hero,7099.202,13962.422,,,,等待复活,0,0.0,none,0,0,False,False,False,dead/respawning,0.0,1.483,0.0
266,tarsgo-engineer,tarsgo-rmuc-2026-region,engineer,3194.0,13050.0,zone:supply:red,,,后方待命,0,0.0,none,0,0,True,True,False,legal wait: no active movement route,0.0,0.083,0.0
266,tarsgo-infantry-1,tarsgo-rmuc-2026-region,infantry,3509.866,8323.277,zone:supply:red,2276.0,12368.0,前往补给区,1,4228.736,active,0,0,True,False,False,movement permission or chassis power lock,0.0,0.217,0.0
266,tarsgo-infantry-2,tarsgo-rmuc-2026-region,infantry,3920.885,13396.288,zone:fortress:red,3195.0,12164.0,占领堡垒,1,1430.19,active,0,0,True,True,False,moving,0.0,0.383,691.521
266,tarsgo-sentry,tarsgo-rmuc-2026-region,sentry,4631.471,13940.023,,,,等待复活,0,0.0,none,0,0,False,False,False,dead/respawning,0.0,1.4,0.0
266,tarsgo-drone,tarsgo-rmuc-2026-region,drone,24914.207,500.001,robot:opponent-engineer,,,空中压制敌方工程,0,0.0,none,0,0,True,True,False,legal wait: no active movement route,0.0,0.0,0.0
266,opponent-hero,opponent-rmuc-2026-region,hero,2485.508,1436.601,structure:red-base,2407.0,7500.0,进攻基地,1,5074.507,active,0,0,True,False,False,movement permission or chassis power lock,0.0,0.0,0.0
266,opponent-engineer,opponent-rmuc-2026-region,engineer,24806.0,1950.0,zone:supply:blue,,,后方待命,0,0.0,none,0,0,True,True,False,legal wait: no active movement route,0.0,0.0,0.0
266,opponent-infantry-1,opponent-rmuc-2026-region,infantry,16068.487,14500.0,robot:tarsgo-infantry-1,3509.866,8323.277,追击敌方步兵,2,15000.75,active,0,0,True,True,False,moving,0.0,1.117,1870.083
266,opponent-infantry-2,opponent-rmuc-2026-region,infantry,9144.721,3723.345,zone:supply:blue,25076.0,1268.0,前往补给区,3,19130.296,active,0,0,True,True,False,moving,0.0,1.783,1900.0
266,opponent-sentry,opponent-rmuc-2026-region,sentry,25075.0,2836.0,zone:fortress:blue,,,占领堡垒,0,0.0,none,0,0,True,True,False,legal wait: no active movement route,0.0,0.0,0.0
266,opponent-drone,opponent-rmuc-2026-region,drone,4495.391,13346.856,robot:tarsgo-engineer,,,空中压制敌方工程,0,0.0,none,0,0,True,True,False,legal wait: no active movement route,0.0,0.0,0.0
267,tarsgo-hero,tarsgo-rmuc-2026-region,hero,7099.202,13962.422,,,,等待复活,0,0.0,none,0,0,False,False,False,dead/respawning,0.0,1.483,0.0
267,tarsgo-engineer,tarsgo-rmuc-2026-region,engineer,3194.0,13050.0,zone:supply:red,,,后方待命,0,0.0,none,0,0,True,True,False,legal wait: no active movement route,0.0,0.083,0.0
267,tarsgo-infantry-1,tarsgo-rmuc-2026-region,infantry,3509.866,8323.277,zone:supply:red,2276.0,12368.0,前往补给区,1,4228.736,active,0,0,True,False,False,movement permission or chassis power lock,0.0,0.217,0.0
267,tarsgo-infantry-2,tarsgo-rmuc-2026-region,infantry,3195.0,12164.0,zone:fortress:red,3195.0,12164.0,占领堡垒,0,0.0,none,0,0,True,True,False,legal wait: no active movement route,0.0,0.383,1430.19
267,tarsgo-sentry,tarsgo-rmuc-2026-region,sentry,4631.471,13940.023,,,,等待复活,0,0.0,none,0,0,False,False,False,dead/respawning,0.0,1.4,0.0
267,tarsgo-drone,tarsgo-rmuc-2026-region,drone,24914.207,500.001,robot:opponent-engineer,,,空中压制敌方工程,0,0.0,none,0,0,True,True,False,legal wait: no active movement route,0.0,0.0,0.0
267,opponent-hero,opponent-rmuc-2026-region,hero,2485.508,1436.601,structure:red-base,2407.0,7500.0,进攻基地,1,5074.507,active,0,0,True,False,False,movement permission or chassis power lock,0.0,0.0,0.0
267,opponent-engineer,opponent-rmuc-2026-region,engineer,24806.0,1950.0,zone:supply:blue,,,后方待命,0,0.0,none,0,0,True,True,False,legal wait: no active movement route,0.0,0.0,0.0
267,opponent-infantry-1,opponent-rmuc-2026-region,infantry,14168.487,14500.0,robot:tarsgo-infantry-1,3509.866,8323.277,追击敌方步兵,2,13100.75,active,0,0,True,True,False,moving,0.0,1.117,1900.0
267,opponent-infantry-2,opponent-rmuc-2026-region,infantry,9684.6,1901.662,zone:supply:blue,25076.0,1268.0,前往补给区,3,17230.296,active,0,0,True,True,False,moving,0.0,1.783,1900.0
267,opponent-sentry,opponent-rmuc-2026-region,sentry,25075.0,2836.0,zone:fortress:blue,,,占领堡垒,0,0.0,none,0,0,True,True,False,legal wait: no active movement route,0.0,0.0,0.0
267,opponent-drone,opponent-rmuc-2026-region,drone,4495.391,13346.856,robot:tarsgo-engineer,,,空中压制敌方工程,0,0.0,none,0,0,True,True,False,legal wait: no active movement route,0.0,0.0,0.0
268,tarsgo-hero,tarsgo-rmuc-2026-region,hero,7099.202,13962.422,,,,等待复活,0,0.0,none,0,0,False,False,False,dead/respawning,0.0,1.483,0.0
268,tarsgo-engineer,tarsgo-rmuc-2026-region,engineer,3194.0,13050.0,zone:supply:red,,,后方待命,0,0.0,none,0,0,True,True,False,legal wait: no active movement route,0.0,0.083,0.0
268,tarsgo-infantry-1,tarsgo-rmuc-2026-region,infantry,3509.866,8323.277,zone:supply:red,2276.0,12368.0,前往补给区,1,4228.736,active,0,0,True,False,False,movement permission or chassis power lock,0.0,0.217,0.0
268,tarsgo-infantry-2,tarsgo-rmuc-2026-region,infantry,3195.0,12164.0,zone:fortress:red,,,占领堡垒,0,0.0,none,0,0,True,True,False,legal wait: no active movement route,0.0,0.383,0.0
268,tarsgo-sentry,tarsgo-rmuc-2026-region,sentry,4631.471,13940.023,,,,等待复活,0,0.0,none,0,0,False,False,False,dead/respawning,0.0,1.4,0.0
268,tarsgo-drone,tarsgo-rmuc-2026-region,drone,24914.207,500.001,robot:opponent-engineer,,,空中压制敌方工程,0,0.0,none,0,0,True,True,False,legal wait: no active movement route,0.0,0.0,0.0
268,opponent-hero,opponent-rmuc-2026-region,hero,2485.508,1436.601,structure:red-base,2407.0,7500.0,进攻基地,1,5074.507,active,0,0,True,False,False,movement permission or chassis power lock,0.0,0.0,0.0
268,opponent-engineer,opponent-rmuc-2026-region,engineer,24806.0,1950.0,zone:supply:blue,,,后方待命,0,0.0,none,0,0,True,True,False,legal wait: no active movement route,0.0,0.0,0.0
268,opponent-infantry-1,opponent-rmuc-2026-region,infantry,12268.487,14500.0,robot:tarsgo-infantry-1,3509.866,8323.277,追击敌方步兵,2,11200.75,active,0,0,True,True,False,moving,0.0,1.117,1900.0
268,opponent-infantry-2,opponent-rmuc-2026-region,infantry,10538.079,500.0,zone:supply:blue,25076.0,1268.0,前往补给区,2,15330.296,active,0,0,True,True,False,moving,0.0,1.783,1641.061
268,opponent-sentry,opponent-rmuc-2026-region,sentry,25075.0,2836.0,zone:fortress:blue,,,占领堡垒,0,0.0,none,0,0,True,True,False,legal wait: no active movement route,0.0,0.0,0.0
268,opponent-drone,opponent-rmuc-2026-region,drone,4495.391,13346.856,robot:tarsgo-engineer,,,空中压制敌方工程,0,0.0,none,0,0,True,True,False,legal wait: no active movement route,0.0,0.0,0.0
269,tarsgo-hero,tarsgo-rmuc-2026-region,hero,7099.202,13962.422,,,,等待复活,0,0.0,none,0,0,False,False,False,dead/respawning,0.0,1.483,0.0
269,tarsgo-engineer,tarsgo-rmuc-2026-region,engineer,3194.0,13050.0,zone:supply:red,,,后方待命,0,0.0,none,0,0,True,True,False,legal wait: no active movement route,0.0,0.083,0.0
269,tarsgo-infantry-1,tarsgo-rmuc-2026-region,infantry,3066.358,9777.134,zone:supply:red,2276.0,12368.0,前往补给区,1,2708.736,active,0,0,True,True,False,moving,0.0,0.217,1520.0
269,tarsgo-infantry-2,tarsgo-rmuc-2026-region,infantry,3195.0,12164.0,zone:fortress:red,,,占领堡垒,0,0.0,none,0,0,True,True,False,legal wait: no active movement route,0.0,0.383,0.0
269,tarsgo-sentry,tarsgo-rmuc-2026-region,sentry,4631.471,13940.023,,,,等待复活,0,0.0,none,0,0,False,False,False,dead/respawning,0.0,1.4,0.0
269,tarsgo-drone,tarsgo-rmuc-2026-region,drone,24914.207,500.001,robot:opponent-engineer,,,空中压制敌方工程,0,0.0,none,0,0,True,True,False,legal wait: no active movement route,0.0,0.0,0.0
269,opponent-hero,opponent-rmuc-2026-region,hero,2485.508,1436.601,structure:red-base,2407.0,7500.0,进攻基地,1,5074.507,active,0,0,True,False,False,movement permission or chassis power lock,0.0,0.0,0.0
269,opponent-engineer,opponent-rmuc-2026-region,engineer,24806.0,1950.0,zone:supply:blue,,,后方待命,0,0.0,none,0,0,True,True,False,legal wait: no active movement route,0.0,0.0,0.0
269,opponent-infantry-1,opponent-rmuc-2026-region,infantry,10368.487,14500.0,robot:tarsgo-infantry-1,3454.427,8505.009,追击敌方步兵,2,9218.546,active,0,0,True,True,False,moving,0.0,1.117,1900.0
269,opponent-infantry-2,opponent-rmuc-2026-region,infantry,11836.412,500.0,zone:supply:blue,25076.0,1268.0,前往补给区,2,14031.962,active,0,0,True,False,False,movement permission or chassis power lock,0.0,1.783,1298.333
269,opponent-sentry,opponent-rmuc-2026-region,sentry,25075.0,2836.0,zone:fortress:blue,,,占领堡垒,0,0.0,none,0,0,True,True,False,legal wait: no active movement route,0.0,0.0,0.0
269,opponent-drone,opponent-rmuc-2026-region,drone,4495.391,13346.856,robot:tarsgo-engineer,,,空中压制敌方工程,0,0.0,none,0,0,True,True,False,legal wait: no active movement route,0.0,0.0,0.0
270,tarsgo-hero,tarsgo-rmuc-2026-region,hero,7099.202,13962.422,,,,等待复活,0,0.0,none,0,0,False,False,False,dead/respawning,0.0,1.483,0.0
270,tarsgo-engineer,tarsgo-rmuc-2026-region,engineer,3194.0,13050.0,zone:supply:red,,,后方待命,0,0.0,none,0,0,True,True,False,legal wait: no active movement route,0.0,0.083,0.0
270,tarsgo-infantry-1,tarsgo-rmuc-2026-region,infantry,2511.974,11594.456,zone:supply:red,2276.0,12368.0,前往补给区,1,808.736,active,0,0,True,True,False,moving,0.0,0.217,1900.0
270,tarsgo-infantry-2,tarsgo-rmuc-2026-region,infantry,3195.0,12164.0,zone:fortress:red,,,占领堡垒,0,0.0,none,0,0,True,True,False,legal wait: no active movement route,0.0,0.383,0.0
270,tarsgo-sentry,tarsgo-rmuc-2026-region,sentry,3308.39,13804.539,zone:supply:red,2600.0,13732.0,回撤补给,1,712.094,active,0,0,True,True,False,moving,0.0,1.4,1330.0
270,tarsgo-drone,tarsgo-rmuc-2026-region,drone,24914.207,500.001,robot:opponent-engineer,,,空中压制敌方工程,0,0.0,none,0,0,True,True,False,legal wait: no active movement route,0.0,0.0,0.0
270,opponent-hero,opponent-rmuc-2026-region,hero,2456.113,3336.373,structure:red-base,2407.0,7500.0,进攻基地,1,3174.507,active,0,0,True,True,False,moving,0.0,0.0,1900.0
270,opponent-engineer,opponent-rmuc-2026-region,engineer,24806.0,1950.0,zone:supply:blue,,,后方待命,0,0.0,none,0,0,True,True,False,legal wait: no active movement route,0.0,0.0,0.0
270,opponent-infantry-1,opponent-rmuc-2026-region,infantry,8911.573,13749.234,robot:tarsgo-sentry,3686.413,13843.249,集火残血目标,1,5226.006,active,0,0,True,False,False,movement permission or chassis power lock,0.0,1.117,1638.978
270,opponent-infantry-2,opponent-rmuc-2026-region,infantry,11836.412,500.0,zone:supply:blue,25076.0,1268.0,前往补给区,2,14031.962,active,0,0,True,False,False,movement permission or chassis power lock,0.0,1.783,0.0
270,opponent-sentry,opponent-rmuc-2026-region,sentry,25075.0,2836.0,zone:fortress:blue,,,占领堡垒,0,0.0,none,0,0,True,True,False,legal wait: no active movement route,0.0,0.0,0.0
270,opponent-drone,opponent-rmuc-2026-region,drone,4495.391,13346.856,robot:tarsgo-sentry,,,空中压制残血目标,0,0.0,none,0,0,True,True,False,legal wait: no active movement route,0.0,0.0,0.0
271,tarsgo-hero,tarsgo-rmuc-2026-region,hero,7099.202,13962.422,,,,等待复活,0,0.0,none,0,0,False,False,False,dead/respawning,0.0,1.483,0.0
271,tarsgo-engineer,tarsgo-rmuc-2026-region,engineer,3194.0,13050.0,zone:supply:red,,,后方待命,0,0.0,none,0,0,True,True,False,legal wait: no active movement route,0.0,0.083,0.0
271,tarsgo-infantry-1,tarsgo-rmuc-2026-region,infantry,2441.81,11804.937,robot:opponent-hero,2428.678,5109.494,追击敌方英雄,2,7259.683,active,0,0,True,True,False,moving,0.0,0.217,221.868
271,tarsgo-infantry-2,tarsgo-rmuc-2026-region,infantry,3195.0,12164.0,zone:fortress:red,,,占领堡垒,0,0.0,none,0,0,True,True,False,legal wait: no active movement route,0.0,0.383,0.0
271,tarsgo-sentry,tarsgo-rmuc-2026-region,sentry,2600.0,13732.0,zone:supply:red,,,回撤补给,0,0.0,none,0,0,True,True,False,legal wait: no active movement route,0.0,1.4,712.094
271,tarsgo-drone,tarsgo-rmuc-2026-region,drone,24914.207,500.001,robot:opponent-engineer,,,空中压制敌方工程,0,0.0,none,0,0,True,True,False,legal wait: no active movement route,0.0,0.0,0.0
271,opponent-hero,opponent-rmuc-2026-region,hero,2426.718,5236.146,structure:red-base,2407.0,7500.0,进攻基地,1,1274.507,active,0,0,True,True,False,moving,0.0,0.0,1900.0
271,opponent-engineer,opponent-rmuc-2026-region,engineer,24806.0,1950.0,zone:supply:blue,,,后方待命,0,0.0,none,0,0,True,True,False,legal wait: no active movement route,0.0,0.0,0.0
271,opponent-infantry-1,opponent-rmuc-2026-region,infantry,8911.573,13749.234,robot:tarsgo-sentry,2600.0,13732.0,集火残血目标,1,6311.597,active,0,0,True,False,False,movement permission or chassis power lock,0.0,1.117,0.0
271,opponent-infantry-2,opponent-rmuc-2026-region,infantry,11836.412,500.0,zone:supply:blue,25076.0,1268.0,前往补给区,2,14031.962,active,0,0,True,False,False,movement permission or chassis power lock,0.0,1.783,0.0
271,opponent-sentry,opponent-rmuc-2026-region,sentry,25075.0,2836.0,zone:fortress:blue,,,占领堡垒,0,0.0,none,0,0,True,True,False,legal wait: no active movement route,0.0,0.0,0.0
271,opponent-drone,opponent-rmuc-2026-region,drone,4495.391,13346.856,robot:tarsgo-sentry,,,空中压制残血目标,0,0.0,none,0,0,True,True,False,legal wait: no active movement route,0.0,0.0,0.0
272,tarsgo-hero,tarsgo-rmuc-2026-region,hero,7099.202,13962.422,,,,等待复活,0,0.0,none,0,0,False,False,False,dead/respawning,0.0,1.483,0.0
272,tarsgo-engineer,tarsgo-rmuc-2026-region,engineer,3194.0,13050.0,zone:supply:red,,,后方待命,0,0.0,none,0,0,True,True,False,legal wait: no active movement route,0.0,0.083,0.0
272,tarsgo-infantry-1,tarsgo-rmuc-2026-region,infantry,2913.904,9964.522,robot:opponent-hero,2802.207,5785.694,追击敌方英雄,2,4594.721,active,0,0,True,True,False,moving,0.0,0.217,1900.0
272,tarsgo-infantry-2,tarsgo-rmuc-2026-region,infantry,3195.0,12164.0,zone:fortress:red,,,占领堡垒,0,0.0,none,0,0,True,True,False,legal wait: no active movement route,0.0,0.383,0.0
272,tarsgo-sentry,tarsgo-rmuc-2026-region,sentry,2600.0,13732.0,zone:supply:red,,,回撤补给,0,0.0,none,0,0,True,True,False,legal wait: no active movement route,0.0,1.4,0.0
272,tarsgo-drone,tarsgo-rmuc-2026-region,drone,24914.207,500.001,robot:opponent-engineer,,,空中压制敌方工程,0,0.0,none,0,0,True,True,False,legal wait: no active movement route,0.0,0.0,0.0
272,opponent-hero,opponent-rmuc-2026-region,hero,3293.962,5439.023,zone:supply:blue,25994.0,1950.0,前往补给区,3,25625.005,active,0,0,True,True,False,moving,0.0,0.0,890.658
272,opponent-engineer,opponent-rmuc-2026-region,engineer,24806.0,1950.0,zone:supply:blue,,,后方待命,0,0.0,none,0,0,True,True,False,legal wait: no active movement route,0.0,0.0,0.0
272,opponent-infantry-1,opponent-rmuc-2026-region,infantry,8911.573,13749.234,robot:tarsgo-sentry,2600.0,13732.0,集火残血目标,1,6311.597,active,0,0,True,False,False,movement permission or chassis power lock,0.0,1.117,0.0
272,opponent-infantry-2,opponent-rmuc-2026-region,infantry,11836.412,500.0,zone:supply:blue,25076.0,1268.0,前往补给区,2,14031.962,active,0,0,True,False,False,movement permission or chassis power lock,0.0,1.783,0.0
272,opponent-sentry,opponent-rmuc-2026-region,sentry,25075.0,2836.0,zone:fortress:blue,,,占领堡垒,0,0.0,none,0,0,True,True,False,legal wait: no active movement route,0.0,0.0,0.0
272,opponent-drone,opponent-rmuc-2026-region,drone,4495.391,13346.856,robot:tarsgo-sentry,,,空中压制残血目标,0,0.0,none,0,0,True,True,False,legal wait: no active movement route,0.0,0.0,0.0
273,tarsgo-hero,tarsgo-rmuc-2026-region,hero,7099.202,13962.422,,,,等待复活,0,0.0,none,0,0,False,False,False,dead/respawning,0.0,1.483,0.0
273,tarsgo-engineer,tarsgo-rmuc-2026-region,engineer,3194.0,13050.0,zone:supply:red,,,后方待命,0,0.0,none,0,0,True,True,False,legal wait: no active movement route,0.0,0.083,0.0
273,tarsgo-infantry-1,tarsgo-rmuc-2026-region,infantry,3385.998,8124.107,robot:opponent-hero,3966.889,4964.632,追击敌方英雄,2,3217.422,active,0,0,True,True,False,moving,0.0,0.217,1900.0
273,tarsgo-infantry-2,tarsgo-rmuc-2026-region,infantry,3195.0,12164.0,zone:fortress:red,,,占领堡垒,0,0.0,none,0,0,True,True,False,legal wait: no active movement route,0.0,0.383,0.0
273,tarsgo-sentry,tarsgo-rmuc-2026-region,sentry,2600.0,13732.0,zone:supply:red,,,回撤补给,0,0.0,none,0,0,True,True,False,legal wait: no active movement route,0.0,1.4,0.0
273,tarsgo-drone,tarsgo-rmuc-2026-region,drone,24914.207,500.001,robot:opponent-engineer,,,空中压制敌方工程,0,0.0,none,0,0,True,True,False,legal wait: no active movement route,0.0,0.0,0.0
273,opponent-hero,opponent-rmuc-2026-region,hero,4846.87,4344.274,zone:supply:blue,25994.0,1950.0,前往补给区,3,23725.005,active,0,0,True,True,False,moving,0.0,0.0,1900.0
273,opponent-engineer,opponent-rmuc-2026-region,engineer,24806.0,1950.0,zone:supply:blue,,,后方待命,0,0.0,none,0,0,True,True,False,legal wait: no active movement route,0.0,0.0,0.0
273,opponent-infantry-1,opponent-rmuc-2026-region,infantry,8911.573,13749.234,robot:tarsgo-sentry,2600.0,13732.0,追击敌方哨兵,1,6311.597,active,0,0,True,False,False,movement permission or chassis power lock,0.0,1.117,0.0
273,opponent-infantry-2,opponent-rmuc-2026-region,infantry,11836.412,500.0,zone:supply:blue,25076.0,1268.0,前往补给区,2,14031.962,active,0,0,True,False,False,movement permission or chassis power lock,0.0,1.783,0.0
273,opponent-sentry,opponent-rmuc-2026-region,sentry,25075.0,2836.0,zone:fortress:blue,,,占领堡垒,0,0.0,none,0,0,True,True,False,legal wait: no active movement route,0.0,0.0,0.0
273,opponent-drone,opponent-rmuc-2026-region,drone,4495.391,13346.856,robot:tarsgo-engineer,,,空中压制敌方工程,0,0.0,none,0,0,True,True,False,legal wait: no active movement route,0.0,0.0,0.0
274,tarsgo-hero,tarsgo-rmuc-2026-region,hero,7099.202,13962.422,,,,等待复活,0,0.0,none,0,0,False,False,False,dead/respawning,0.0,1.483,0.0
274,tarsgo-engineer,tarsgo-rmuc-2026-region,engineer,3194.0,13050.0,zone:supply:red,,,后方待命,0,0.0,none,0,0,True,True,False,legal wait: no active movement route,0.0,0.083,0.0
274,tarsgo-infantry-1,tarsgo-rmuc-2026-region,infantry,4136.108,6386.312,robot:opponent-hero,6296.252,3322.509,追击敌方英雄,1,3748.748,active,0,0,True,True,False,moving,0.0,0.217,1892.775
274,tarsgo-infantry-2,tarsgo-rmuc-2026-region,infantry,3195.0,12164.0,zone:fortress:red,,,占领堡垒,0,0.0,none,0,0,True,True,False,legal wait: no active movement route,0.0,0.383,0.0
274,tarsgo-sentry,tarsgo-rmuc-2026-region,sentry,2979.999,13733.038,robot:opponent-infantry-1,8911.573,13749.234,追击敌方步兵,1,5931.597,active,0,0,True,True,False,moving,0.0,1.4,380.0
274,tarsgo-drone,tarsgo-rmuc-2026-region,drone,24914.207,500.001,robot:opponent-engineer,,,空中压制敌方工程,0,0.0,none,0,0,True,True,False,legal wait: no active movement route,0.0,0.0,0.0
274,opponent-hero,opponent-rmuc-2026-region,hero,6399.779,3249.526,zone:supply:blue,25994.0,1950.0,前往补给区,3,21825.005,active,0,0,True,True,False,moving,0.0,0.0,1900.0
274,opponent-engineer,opponent-rmuc-2026-region,engineer,24806.0,1950.0,zone:supply:blue,,,后方待命,0,0.0,none,0,0,True,True,False,legal wait: no active movement route,0.0,0.0,0.0
274,opponent-infantry-1,opponent-rmuc-2026-region,infantry,8911.573,13749.234,robot:tarsgo-infantry-2,3195.0,12164.0,追击敌方步兵,1,5932.299,active,0,0,True,False,False,movement permission or chassis power lock,0.0,1.117,0.0
274,opponent-infantry-2,opponent-rmuc-2026-region,infantry,12406.412,500.0,zone:supply:blue,25076.0,1268.0,前往补给区,2,13461.962,active,0,0,True,True,False,moving,0.0,1.783,570.0
274,opponent-sentry,opponent-rmuc-2026-region,sentry,25075.0,2836.0,zone:fortress:blue,,,占领堡垒,0,0.0,none,0,0,True,True,False,legal wait: no active movement route,0.0,0.0,0.0
274,opponent-drone,opponent-rmuc-2026-region,drone,4495.391,13346.856,robot:tarsgo-engineer,,,空中压制敌方工程,0,0.0,none,0,0,True,True,False,legal wait: no active movement route,0.0,0.0,0.0
275,tarsgo-hero,tarsgo-rmuc-2026-region,hero,7099.202,13962.422,,,,等待复活,0,0.0,none,0,0,False,False,False,dead/respawning,0.0,1.483,0.0
275,tarsgo-engineer,tarsgo-rmuc-2026-region,engineer,3194.0,13050.0,zone:supply:red,,,后方待命,0,0.0,none,0,0,True,True,False,legal wait: no active movement route,0.0,0.083,0.0
275,tarsgo-infantry-1,tarsgo-rmuc-2026-region,infantry,5289.802,4880.76,robot:opponent-hero,7460.933,2501.447,追击敌方英雄,1,3221.015,active,0,0,True,True,False,moving,0.0,0.217,1896.76
275,tarsgo-infantry-2,tarsgo-rmuc-2026-region,infantry,3195.0,12164.0,zone:fortress:red,,,占领堡垒,0,0.0,none,0,0,True,True,False,legal wait: no active movement route,0.0,0.383,0.0
275,tarsgo-sentry,tarsgo-rmuc-2026-region,sentry,4879.992,13738.225,robot:opponent-infantry-1,8911.573,13749.234,追击敌方步兵,1,4031.597,active,0,0,True,True,False,moving,0.0,1.4,1900.0
275,tarsgo-drone,tarsgo-rmuc-2026-region,drone,24914.207,500.001,robot:opponent-engineer,,,空中压制敌方工程,0,0.0,none,0,0,True,True,False,legal wait: no active movement route,0.0,0.0,0.0
275,opponent-hero,opponent-rmuc-2026-region,hero,7952.688,2154.777,zone:supply:blue,25994.0,1950.0,前往补给区,3,19925.005,active,0,0,True,True,False,moving,0.0,0.0,1900.0
275,opponent-engineer,opponent-rmuc-2026-region,engineer,24806.0,1950.0,zone:supply:blue,,,后方待命,0,0.0,none,0,0,True,True,False,legal wait: no active movement route,0.0,0.0,0.0
275,opponent-infantry-1,opponent-rmuc-2026-region,infantry,8728.482,13698.462,robot:tarsgo-infantry-2,3195.0,12164.0,追击敌方步兵,1,5742.299,active,0,0,True,True,False,moving,0.0,1.117,190.0
275,opponent-infantry-2,opponent-rmuc-2026-region,infantry,14306.412,500.0,zone:supply:blue,25076.0,1268.0,前往补给区,2,11561.962,active,0,0,True,True,False,moving,0.0,1.783,1900.0
275,opponent-sentry,opponent-rmuc-2026-region,sentry,25075.0,2836.0,zone:fortress:blue,,,占领堡垒,0,0.0,none,0,0,True,True,False,legal wait: no active movement route,0.0,0.0,0.0
275,opponent-drone,opponent-rmuc-2026-region,drone,4495.391,13346.856,robot:tarsgo-engineer,,,空中压制敌方工程,0,0.0,none,0,0,True,True,False,legal wait: no active movement route,0.0,0.0,0.0
276,tarsgo-hero,tarsgo-rmuc-2026-region,hero,7099.202,13962.422,,,,等待复活,0,0.0,none,0,0,False,False,False,dead/respawning,0.0,1.483,0.0
276,tarsgo-engineer,tarsgo-rmuc-2026-region,engineer,3194.0,13050.0,zone:supply:red,,,后方待命,0,0.0,none,0,0,True,True,False,legal wait: no active movement route,0.0,0.083,0.0
276,tarsgo-infantry-1,tarsgo-rmuc-2026-region,infantry,6632.335,3538.441,robot:opponent-hero,8625.615,1680.386,追击敌方英雄,1,2724.983,active,0,0,True,True,False,moving,0.0,0.217,1898.477
276,tarsgo-infantry-2,tarsgo-rmuc-2026-region,infantry,3195.0,12164.0,zone:fortress:red,,,占领堡垒,0,0.0,none,0,0,True,True,False,legal wait: no active movement route,0.0,0.383,0.0
276,tarsgo-sentry,tarsgo-rmuc-2026-region,sentry,6776.654,13645.656,robot:opponent-infantry-1,8179.21,13546.146,追击敌方步兵,1,1406.081,active,0,0,True,True,False,moving,0.0,1.4,1898.921
276,tarsgo-drone,tarsgo-rmuc-2026-region,drone,24914.207,500.001,robot:opponent-engineer,,,空中压制敌方工程,0,0.0,none,0,0,True,True,False,legal wait: no active movement route,0.0,0.0,0.0
276,opponent-hero,opponent-rmuc-2026-region,hero,9479.714,1078.274,zone:supply:blue,25994.0,1950.0,前往补给区,0,0.0,none,0,0,True,True,False,legal wait: no active movement route,0.0,0.0,1868.333
276,opponent-engineer,opponent-rmuc-2026-region,engineer,24806.0,1950.0,zone:supply:blue,,,后方待命,0,0.0,none,0,0,True,True,False,legal wait: no active movement route,0.0,0.0,0.0
276,opponent-infantry-1,opponent-rmuc-2026-region,infantry,6957.635,13210.602,zone:supply:blue,25724.0,2632.0,前往补给区,3,25397.386,active,0,0,True,True,False,moving,0.0,1.117,1836.82
276,opponent-infantry-2,opponent-rmuc-2026-region,infantry,16206.412,500.0,zone:supply:blue,25076.0,1268.0,前往补给区,2,9661.962,active,0,0,True,True,False,moving,0.0,1.783,1900.0
276,opponent-sentry,opponent-rmuc-2026-region,sentry,25075.0,2836.0,zone:fortress:blue,,,占领堡垒,0,0.0,none,0,0,True,True,False,legal wait: no active movement route,0.0,0.0,0.0
276,opponent-drone,opponent-rmuc-2026-region,drone,4495.391,13346.856,robot:tarsgo-engineer,,,空中压制敌方工程,0,0.0,none,0,0,True,True,False,legal wait: no active movement route,0.0,0.0,0.0
277,tarsgo-hero,tarsgo-rmuc-2026-region,hero,7099.202,13962.422,,,,等待复活,0,0.0,none,0,0,False,False,False,dead/respawning,0.0,1.483,0.0
277,tarsgo-engineer,tarsgo-rmuc-2026-region,engineer,3194.0,13050.0,zone:supply:red,,,后方待命,0,0.0,none,0,0,True,True,False,legal wait: no active movement route,0.0,0.083,0.0
277,tarsgo-infantry-1,tarsgo-rmuc-2026-region,infantry,7976.073,2499.911,robot:opponent-infantry-1,8612.125,13848.861,集火残血目标,1,11366.76,active,0,0,True,True,False,moving,0.0,0.217,1698.286
277,tarsgo-infantry-2,tarsgo-rmuc-2026-region,infantry,3437.017,12238.87,robot:opponent-infantry-1,8493.947,13803.271,集火残血目标,1,5293.382,active,0,0,True,True,False,moving,0.0,0.383,253.333
277,tarsgo-sentry,tarsgo-rmuc-2026-region,sentry,6871.416,13638.933,robot:opponent-infantry-1,,,集火残血目标,0,0.0,none,0,0,True,True,False,legal wait: no active movement route,0.0,1.4,95.0
277,tarsgo-drone,tarsgo-rmuc-2026-region,drone,24914.207,500.001,robot:opponent-engineer,,,空中压制敌方工程,0,0.0,none,0,0,True,True,False,legal wait: no active movement route,0.0,0.0,0.0
277,opponent-hero,opponent-rmuc-2026-region,hero,9989.286,603.215,zone:supply:blue,25994.0,1950.0,前往补给区,3,17404.407,active,0,0,True,True,False,moving,0.0,0.0,696.667
277,opponent-engineer,opponent-rmuc-2026-region,engineer,24806.0,1950.0,zone:supply:blue,,,后方待命,0,0.0,none,0,0,True,True,False,legal wait: no active movement route,0.0,0.0,0.0
277,opponent-infantry-1,opponent-rmuc-2026-region,infantry,8730.302,13894.451,zone:supply:blue,25724.0,2632.0,前往补给区,3,23497.386,active,0,0,True,True,False,moving,0.0,1.117,1900.0
277,opponent-infantry-2,opponent-rmuc-2026-region,infantry,18106.412,500.0,zone:supply:blue,25076.0,1268.0,前往补给区,2,7761.962,active,0,0,True,True,False,moving,0.0,1.783,1900.0
277,opponent-sentry,opponent-rmuc-2026-region,sentry,25075.0,2836.0,zone:fortress:blue,,,占领堡垒,0,0.0,none,0,0,True,True,False,legal wait: no active movement route,0.0,0.0,0.0
277,opponent-drone,opponent-rmuc-2026-region,drone,4495.391,13346.856,robot:tarsgo-engineer,,,空中压制敌方工程,0,0.0,none,0,0,True,True,False,legal wait: no active movement route,0.0,0.0,0.0
278,tarsgo-hero,tarsgo-rmuc-2026-region,hero,7099.202,13962.422,,,,等待复活,0,0.0,none,0,0,False,False,False,dead/respawning,0.0,1.483,0.0
278,tarsgo-engineer,tarsgo-rmuc-2026-region,engineer,3194.0,13050.0,zone:supply:red,,,后方待命,0,0.0,none,0,0,True,True,False,legal wait: no active movement route,0.0,0.083,0.0
278,tarsgo-infantry-1,tarsgo-rmuc-2026-region,infantry,8151.216,4388.858,robot:opponent-infantry-1,9941.625,14361.748,集火残血目标,1,10132.33,active,0,0,True,True,False,moving,0.0,0.217,1897.049
278,tarsgo-infantry-2,tarsgo-rmuc-2026-region,infantry,5248.271,12812.542,robot:opponent-infantry-1,9823.447,14316.158,集火残血目标,1,4815.922,active,0,0,True,True,False,moving,0.0,0.383,1899.931
278,tarsgo-sentry,tarsgo-rmuc-2026-region,sentry,6103.824,13445.137,robot:opponent-infantry-1,9705.269,14270.568,集火残血目标,2,3758.154,active,0,0,True,True,False,moving,0.0,1.4,791.679
278,tarsgo-drone,tarsgo-rmuc-2026-region,drone,24914.207,500.001,robot:opponent-engineer,,,空中压制敌方工程,0,0.0,none,0,0,True,True,False,legal wait: no active movement route,0.0,0.0,0.0
278,opponent-hero,opponent-rmuc-2026-region,hero,11848.637,500.0,zone:supply:blue,25994.0,1950.0,前往补给区,2,15504.407,active,0,0,True,True,False,moving,0.0,0.0,1862.213
278,opponent-engineer,opponent-rmuc-2026-region,engineer,24806.0,1950.0,zone:supply:blue,,,后方待命,0,0.0,none,0,0,True,True,False,legal wait: no active movement route,0.0,0.0,0.0
278,opponent-infantry-1,opponent-rmuc-2026-region,infantry,10517.549,14500.0,zone:supply:blue,25724.0,2632.0,回撤补给,2,21597.386,active,0,0,True,True,False,moving,0.0,1.117,1887.046
278,opponent-infantry-2,opponent-rmuc-2026-region,infantry,20006.412,500.0,zone:supply:blue,25076.0,1268.0,前往补给区,2,5861.962,active,0,0,True,True,False,moving,0.0,1.783,1900.0
278,opponent-sentry,opponent-rmuc-2026-region,sentry,25075.0,2836.0,zone:fortress:blue,,,占领堡垒,0,0.0,none,0,0,True,True,False,legal wait: no active movement route,0.0,0.0,0.0
278,opponent-drone,opponent-rmuc-2026-region,drone,4495.391,13346.856,robot:tarsgo-engineer,,,空中压制敌方工程,0,0.0,none,0,0,True,True,False,legal wait: no active movement route,0.0,0.0,0.0
279,tarsgo-hero,tarsgo-rmuc-2026-region,hero,7099.202,13962.422,,,,等待复活,0,0.0,none,0,0,False,False,False,dead/respawning,0.0,1.483,0.0
279,tarsgo-engineer,tarsgo-rmuc-2026-region,engineer,3194.0,13050.0,zone:supply:red,,,后方待命,0,0.0,none,0,0,True,True,False,legal wait: no active movement route,0.0,0.083,0.0
279,tarsgo-infantry-1,tarsgo-rmuc-2026-region,infantry,8501.637,6256.218,robot:opponent-infantry-1,11340.883,14500.0,集火残血目标,2,9638.186,active,0,0,True,True,False,moving,0.0,0.217,1899.955
279,tarsgo-infantry-2,tarsgo-rmuc-2026-region,infantry,6420.587,13200.985,robot:opponent-infantry-1,11214.216,14500.0,集火残血目标,2,5005.339,active,0,0,True,True,True,collision/yield,0.35,0.383,1234.995
279,tarsgo-sentry,tarsgo-rmuc-2026-region,sentry,6568.54,13544.605,robot:opponent-infantry-1,11087.549,14500.0,集火残血目标,3,5652.663,active,0,0,True,True,True,collision/yield,0.35,1.4,475.242
279,tarsgo-drone,tarsgo-rmuc-2026-region,drone,24914.207,500.001,robot:opponent-engineer,,,空中压制敌方工程,0,0.0,none,0,0,True,True,False,legal wait: no active movement route,0.0,0.0,0.0
279,opponent-hero,opponent-rmuc-2026-region,hero,13748.637,500.0,zone:supply:blue,25994.0,1950.0,前往补给区,2,13604.407,active,0,0,True,True,False,moving,0.0,0.0,1900.0
279,opponent-engineer,opponent-rmuc-2026-region,engineer,24806.0,1950.0,zone:supply:blue,,,后方待命,0,0.0,none,0,0,True,True,False,legal wait: no active movement route,0.0,0.0,0.0
279,opponent-infantry-1,opponent-rmuc-2026-region,infantry,12417.549,14500.0,zone:supply:blue,25724.0,2632.0,回撤补给,2,19697.386,active,0,0,True,True,False,moving,0.0,1.117,1900.0
279,opponent-infantry-2,opponent-rmuc-2026-region,infantry,21906.412,500.0,zone:supply:blue,25076.0,1268.0,前往补给区,2,3961.962,active,0,0,True,True,False,moving,0.0,1.783,1900.0
279,opponent-sentry,opponent-rmuc-2026-region,sentry,25075.0,2836.0,zone:fortress:blue,,,占领堡垒,0,0.0,none,0,0,True,True,False,legal wait: no active movement route,0.0,0.0,0.0
279,opponent-drone,opponent-rmuc-2026-region,drone,4495.391,13346.856,robot:tarsgo-engineer,,,空中压制敌方工程,0,0.0,none,0,0,True,True,False,legal wait: no active movement route,0.0,0.0,0.0
280,tarsgo-hero,tarsgo-rmuc-2026-region,hero,7099.202,13962.422,,,,等待复活,0,0.0,none,0,0,False,False,False,dead/respawning,0.0,1.483,0.0
280,tarsgo-engineer,tarsgo-rmuc-2026-region,engineer,3194.0,13050.0,zone:supply:red,,,后方待命,0,0.0,none,0,0,True,True,False,legal wait: no active movement route,0.0,0.083,0.0
280,tarsgo-infantry-1,tarsgo-rmuc-2026-region,infantry,8863.287,8121.482,robot:opponent-infantry-1,14190.883,14500.0,集火残血目标,2,10588.186,active,0,0,True,True,False,moving,0.0,0.217,1900.0
280,tarsgo-infantry-2,tarsgo-rmuc-2026-region,infantry,6197.861,13073.096,robot:opponent-infantry-1,14064.216,14500.0,集火残血目标,2,8107.441,active,0,0,True,True,False,moving,0.0,0.383,256.831
280,tarsgo-sentry,tarsgo-rmuc-2026-region,sentry,6589.67,13476.472,robot:opponent-infantry-1,13937.549,14500.0,集火残血目标,2,7486.466,active,0,0,True,True,False,moving,0.0,1.4,71.335
280,tarsgo-drone,tarsgo-rmuc-2026-region,drone,24914.207,500.001,robot:opponent-engineer,,,空中压制敌方工程,0,0.0,none,0,0,True,True,False,legal wait: no active movement route,0.0,0.0,0.0
280,opponent-hero,opponent-rmuc-2026-region,hero,15648.637,500.0,zone:supply:blue,25994.0,1950.0,前往补给区,2,11704.407,active,0,0,True,True,False,moving,0.0,0.0,1900.0
280,opponent-engineer,opponent-rmuc-2026-region,engineer,24806.0,1950.0,zone:supply:blue,,,后方待命,0,0.0,none,0,0,True,True,False,legal wait: no active movement route,0.0,0.0,0.0
280,opponent-infantry-1,opponent-rmuc-2026-region,infantry,14317.549,14500.0,zone:supply:blue,25724.0,2632.0,回撤补给,2,17797.386,active,0,0,True,True,False,moving,0.0,1.117,1900.0
280,opponent-infantry-2,opponent-rmuc-2026-region,infantry,23806.412,500.0,zone:supply:blue,25076.0,1268.0,前往补给区,2,2061.962,active,0,0,True,True,False,moving,0.0,1.783,1900.0
280,opponent-sentry,opponent-rmuc-2026-region,sentry,25075.0,2836.0,zone:fortress:blue,,,占领堡垒,0,0.0,none,0,0,True,True,False,legal wait: no active movement route,0.0,0.0,0.0
280,opponent-drone,opponent-rmuc-2026-region,drone,4495.391,13346.856,robot:tarsgo-engineer,,,空中压制敌方工程,0,0.0,none,0,0,True,True,False,legal wait: no active movement route,0.0,0.0,0.0
281,tarsgo-hero,tarsgo-rmuc-2026-region,hero,7099.202,13962.422,,,,等待复活,0,0.0,none,0,0,False,False,False,dead/respawning,0.0,1.483,0.0
281,tarsgo-engineer,tarsgo-rmuc-2026-region,engineer,3194.0,13050.0,zone:supply:red,,,后方待命,0,0.0,none,0,0,True,True,False,legal wait: no active movement route,0.0,0.083,0.0
281,tarsgo-infantry-1,tarsgo-rmuc-2026-region,infantry,9224.938,9986.746,robot:opponent-infantry-1,15615.883,14500.0,集火残血目标,2,10113.186,active,0,0,True,True,False,moving,0.0,0.217,1900.0
281,tarsgo-infantry-2,tarsgo-rmuc-2026-region,infantry,7483.944,13520.452,robot:opponent-infantry-1,15489.216,14500.0,集火残血目标,2,8170.774,active,0,0,True,True,False,moving,0.0,0.383,1361.667
281,tarsgo-sentry,tarsgo-rmuc-2026-region,sentry,7822.102,13653.537,robot:opponent-infantry-1,15362.549,14500.0,集火残血目标,3,7692.001,active,0,0,True,True,False,moving,0.0,1.4,1245.087
281,tarsgo-drone,tarsgo-rmuc-2026-region,drone,24914.207,500.001,robot:opponent-engineer,,,空中压制敌方工程,0,0.0,none,0,0,True,True,False,legal wait: no active movement route,0.0,0.0,0.0
281,opponent-hero,opponent-rmuc-2026-region,hero,17548.637,500.0,zone:supply:blue,25994.0,1950.0,前往补给区,2,9804.407,active,0,0,True,True,False,moving,0.0,0.0,1900.0
281,opponent-engineer,opponent-rmuc-2026-region,engineer,24806.0,1950.0,zone:supply:blue,,,后方待命,0,0.0,none,0,0,True,True,False,legal wait: no active movement route,0.0,0.0,0.0
281,opponent-infantry-1,opponent-rmuc-2026-region,infantry,16217.549,14500.0,zone:supply:blue,25724.0,2632.0,回撤补给,2,15897.386,active,0,0,True,True,False,moving,0.0,1.117,1900.0
281,opponent-infantry-2,opponent-rmuc-2026-region,infantry,24249.746,500.0,zone:central:blue,,,前往中央区域,0,0.0,searching,1,1,True,True,False,waiting for path search,0.0,1.783,443.333
281,opponent-sentry,opponent-rmuc-2026-region,sentry,25075.0,2836.0,zone:fortress:blue,,,占领堡垒,0,0.0,none,0,0,True,True,False,legal wait: no active movement route,0.0,0.0,0.0
281,opponent-drone,opponent-rmuc-2026-region,drone,4495.391,13346.856,robot:tarsgo-engineer,,,空中压制敌方工程,0,0.0,none,0,0,True,True,False,legal wait: no active movement route,0.0,0.0,0.0
282,tarsgo-hero,tarsgo-rmuc-2026-region,hero,7099.202,13962.422,,,,等待复活,0,0.0,none,0,0,True,True,False,legal wait: no active movement route,0.0,1.483,0.0
282,tarsgo-engineer,tarsgo-rmuc-2026-region,engineer,3194.0,13050.0,zone:supply:red,,,后方待命,0,0.0,none,0,0,True,True,False,legal wait: no active movement route,0.0,0.083,0.0
282,tarsgo-infantry-1,tarsgo-rmuc-2026-region,infantry,9586.589,11852.009,robot:opponent-infantry-1,17040.883,14500.0,集火残血目标,2,9638.186,active,0,0,True,True,False,moving,0.0,0.217,1900.0
282,tarsgo-infantry-2,tarsgo-rmuc-2026-region,infantry,8396.415,13957.566,robot:opponent-infantry-1,16914.216,14500.0,集火残血目标,2,8593.578,active,0,0,True,True,False,moving,0.0,0.383,1011.767
282,tarsgo-sentry,tarsgo-rmuc-2026-region,sentry,9617.508,14242.503,robot:opponent-infantry-1,16787.549,14500.0,集火残血目标,2,7217.001,active,0,0,True,True,False,moving,0.0,1.4,1889.54
282,tarsgo-drone,tarsgo-rmuc-2026-region,drone,24914.207,500.001,robot:opponent-engineer,,,空中压制敌方工程,0,0.0,none,0,0,True,True,False,legal wait: no active movement route,0.0,0.0,0.0
282,opponent-hero,opponent-rmuc-2026-region,hero,19448.637,500.0,zone:supply:blue,25994.0,1950.0,前往补给区,2,7904.407,active,0,0,True,True,False,moving,0.0,0.0,1900.0
282,opponent-engineer,opponent-rmuc-2026-region,engineer,24806.0,1950.0,zone:supply:blue,,,后方待命,0,0.0,none,0,0,True,True,False,legal wait: no active movement route,0.0,0.0,0.0
282,opponent-infantry-1,opponent-rmuc-2026-region,infantry,18019.741,14318.369,zone:supply:blue,25724.0,2632.0,回撤补给,1,13997.386,active,0,0,True,True,False,moving,0.0,1.117,1811.321
282,opponent-infantry-2,opponent-rmuc-2026-region,infantry,22413.079,500.0,robot:tarsgo-hero,7099.202,13962.422,集火残血目标,2,28775.501,active,0,0,True,True,False,moving,0.0,1.783,1836.667
282,opponent-sentry,opponent-rmuc-2026-region,sentry,24859.309,3186.638,robot:tarsgo-hero,7099.202,13962.422,集火残血目标,3,24131.045,active,0,0,True,True,False,moving,0.0,0.0,411.667
282,opponent-drone,opponent-rmuc-2026-region,drone,4526.208,13354.142,robot:tarsgo-hero,7099.202,13962.422,空中压制残血目标,1,2643.918,active,0,0,True,True,False,moving,0.0,0.0,31.667
283,tarsgo-hero,tarsgo-rmuc-2026-region,hero,5665.361,13705.556,zone:supply:red,2006.0,13050.0,回撤补给,1,3717.618,active,0,0,True,True,False,moving,0.0,1.483,1456.667
283,tarsgo-engineer,tarsgo-rmuc-2026-region,engineer,3194.0,13050.0,zone:supply:red,,,后方待命,0,0.0,none,0,0,True,True,False,legal wait: no active movement route,0.0,0.083,0.0
283,tarsgo-infantry-1,tarsgo-rmuc-2026-region,infantry,9906.047,13499.659,robot:opponent-infantry-1,18995.796,12837.819,集火残血目标,3,10809.853,active,0,0,True,False,False,movement permission or chassis power lock,0.0,0.217,1678.333
283,tarsgo-infantry-2,tarsgo-rmuc-2026-region,infantry,10231.368,14440.654,robot:opponent-infantry-1,18926.078,12943.573,集火残血目标,3,9536.591,active,0,0,True,True,False,moving,0.0,0.383,1897.479
283,tarsgo-sentry,tarsgo-rmuc-2026-region,sentry,11470.548,14500.0,robot:opponent-infantry-1,18856.359,13049.326,集火残血目标,2,8167.001,active,0,0,True,True,False,moving,0.0,1.4,1870.845
283,tarsgo-drone,tarsgo-rmuc-2026-region,drone,24914.207,500.001,robot:opponent-engineer,,,空中压制敌方工程,0,0.0,none,0,0,True,True,False,legal wait: no active movement route,0.0,0.0,0.0
283,opponent-hero,opponent-rmuc-2026-region,hero,21316.97,500.0,zone:supply:blue,25994.0,1950.0,前往补给区,2,6036.074,active,0,0,True,True,False,moving,0.0,0.017,1868.333
283,opponent-engineer,opponent-rmuc-2026-region,engineer,24806.0,1950.0,zone:supply:blue,,,后方待命,0,0.0,none,0,0,True,True,False,legal wait: no active movement route,0.0,0.0,0.0
283,opponent-infantry-1,opponent-rmuc-2026-region,infantry,19065.514,12732.065,zone:supply:blue,25724.0,2632.0,回撤补给,1,12097.386,active,0,0,True,True,False,moving,0.0,1.117,1900.0
283,opponent-infantry-2,opponent-rmuc-2026-region,infantry,21608.78,843.414,robot:tarsgo-hero,6631.645,13878.661,集火残血目标,6,28776.688,active,0,0,True,True,False,moving,0.0,1.783,874.546
283,opponent-sentry,opponent-rmuc-2026-region,sentry,23863.81,4804.965,robot:tarsgo-hero,6725.156,13895.413,集火残血目标,3,22611.045,active,0,0,True,True,False,moving,0.0,0.0,1900.0
283,opponent-drone,opponent-rmuc-2026-region,drone,5882.165,13674.703,robot:tarsgo-hero,,,空中压制残血目标,0,0.0,none,0,0,True,True,False,legal wait: no active movement route,0.0,0.0,1393.333
284,tarsgo-hero,tarsgo-rmuc-2026-region,hero,3795.135,13370.515,zone:supply:red,2006.0,13050.0,回撤补给,1,1817.618,active,0,0,True,True,False,moving,0.0,1.483,1900.0
284,tarsgo-engineer,tarsgo-rmuc-2026-region,engineer,3194.0,13050.0,zone:supply:red,,,后方待命,0,0.0,none,0,0,True,True,False,legal wait: no active movement route,0.0,0.083,0.0
284,tarsgo-infantry-1,tarsgo-rmuc-2026-region,infantry,9906.047,13499.659,robot:opponent-infantry-1,19780.126,11648.092,集火残血目标,3,12234.853,active,0,0,True,False,False,movement permission or chassis power lock,0.0,0.217,0.0
284,tarsgo-infantry-2,tarsgo-rmuc-2026-region,infantry,12127.625,14500.0,robot:opponent-infantry-1,19710.407,11753.845,集火残血目标,2,9061.591,active,0,0,True,True,False,moving,0.0,0.383,1897.186
284,tarsgo-sentry,tarsgo-rmuc-2026-region,sentry,13370.548,14500.0,robot:opponent-infantry-1,19640.689,11859.599,集火残血目标,2,7692.001,active,0,0,True,True,False,moving,0.0,1.4,1900.0
284,tarsgo-drone,tarsgo-rmuc-2026-region,drone,24914.207,500.001,robot:opponent-engineer,,,空中压制敌方工程,0,0.0,none,0,0,True,True,False,legal wait: no active movement route,0.0,0.0,0.0
284,opponent-hero,opponent-rmuc-2026-region,hero,23216.97,500.0,zone:supply:blue,25994.0,1950.0,前往补给区,2,4136.074,active,0,0,True,True,False,moving,0.0,0.017,1900.0
284,opponent-engineer,opponent-rmuc-2026-region,engineer,24806.0,1950.0,zone:supply:blue,,,后方待命,0,0.0,none,0,0,True,True,False,legal wait: no active movement route,0.0,0.0,0.0
284,opponent-infantry-1,opponent-rmuc-2026-region,infantry,20111.287,11145.762,zone:supply:blue,25724.0,2632.0,回撤补给,1,10197.386,active,0,0,True,True,False,moving,0.0,1.117,1900.0
284,opponent-infantry-2,opponent-rmuc-2026-region,infantry,20178.165,831.718,robot:tarsgo-hero,5228.975,13627.38,集火残血目标,3,28024.79,searching,1,1,True,True,False,moving,0.0,1.783,1430.663
284,opponent-sentry,opponent-rmuc-2026-region,sentry,22868.311,6423.292,robot:tarsgo-hero,5322.487,13644.132,集火残血目标,3,22136.045,searching,1,1,True,True,False,moving,0.0,0.0,1900.0
284,opponent-drone,opponent-rmuc-2026-region,drone,5882.165,13674.703,robot:tarsgo-hero,,,空中压制残血目标,0,0.0,none,0,0,True,True,False,legal wait: no active movement route,0.0,0.0,0.0
285,tarsgo-hero,tarsgo-rmuc-2026-region,hero,3615.476,13248.558,zone:supply:red,2006.0,13050.0,回撤补给,1,1621.678,active,0,0,True,True,False,moving,0.0,1.483,217.142
285,tarsgo-engineer,tarsgo-rmuc-2026-region,engineer,3194.0,13050.0,zone:supply:red,,,后方待命,0,0.0,none,0,0,True,True,False,legal wait: no active movement route,0.0,0.083,0.0
285,tarsgo-infantry-1,tarsgo-rmuc-2026-region,infantry,9906.047,13499.659,robot:opponent-infantry-1,20564.456,10458.364,集火残血目标,3,13659.853,active,0,0,True,False,False,movement permission or chassis power lock,0.0,0.217,0.0
285,tarsgo-infantry-2,tarsgo-rmuc-2026-region,infantry,14027.625,14500.0,robot:opponent-infantry-1,20494.737,10564.118,集火残血目标,2,8586.591,active,0,0,True,True,False,moving,0.0,0.383,1900.0
285,tarsgo-sentry,tarsgo-rmuc-2026-region,sentry,15270.548,14500.0,robot:opponent-infantry-1,20425.019,10669.871,集火残血目标,2,7217.001,active,0,0,True,True,False,moving,0.0,1.4,1900.0
285,tarsgo-drone,tarsgo-rmuc-2026-region,drone,24914.207,500.001,robot:opponent-engineer,,,空中压制敌方工程,0,0.0,none,0,0,True,True,False,legal wait: no active movement route,0.0,0.0,0.0
285,opponent-hero,opponent-rmuc-2026-region,hero,24863.637,500.0,zone:supply:blue,,,补充弹量,0,0.0,none,0,0,True,True,False,legal wait: no active movement route,0.0,0.017,1646.667
285,opponent-engineer,opponent-rmuc-2026-region,engineer,24806.0,1950.0,zone:supply:blue,,,后方待命,0,0.0,none,0,0,True,True,False,legal wait: no active movement route,0.0,0.0,0.0
285,opponent-infantry-1,opponent-rmuc-2026-region,infantry,21157.061,9559.459,zone:supply:blue,25724.0,2632.0,回撤补给,1,8297.386,active,0,0,True,True,False,moving,0.0,1.117,1900.0
285,opponent-infantry-2,opponent-rmuc-2026-region,infantry,18290.279,617.737,robot:tarsgo-hero,4118.331,13310.594,集火残血目标,3,27006.695,active,0,0,True,True,False,moving,0.0,1.783,1899.974
285,opponent-sentry,opponent-rmuc-2026-region,sentry,21872.813,8041.619,robot:tarsgo-hero,4212.616,13322.226,集火残血目标,3,21386.511,active,0,0,True,True,False,moving,0.0,0.0,1900.0
285,opponent-drone,opponent-rmuc-2026-region,drone,26000.0,12600.0,,,,空中弹量耗尽,0,0.0,none,0,0,False,False,False,dead/respawning,0.0,0.0,20146.52
286,tarsgo-hero,tarsgo-rmuc-2026-region,hero,3699.387,12973.541,zone:supply:red,2006.0,13050.0,回撤补给,2,3017.094,active,0,0,True,True,False,moving,0.0,1.483,287.534
286,tarsgo-engineer,tarsgo-rmuc-2026-region,engineer,3194.0,13050.0,zone:supply:red,,,后方待命,0,0.0,none,0,0,True,True,False,legal wait: no active movement route,0.0,0.083,0.0
286,tarsgo-infantry-1,tarsgo-rmuc-2026-region,infantry,9906.047,13499.659,robot:opponent-infantry-1,21348.786,9268.637,集火残血目标,3,15084.853,searching,1,1,True,False,False,movement permission or chassis power lock,0.0,0.217,0.0
286,tarsgo-infantry-2,tarsgo-rmuc-2026-region,infantry,15927.625,14500.0,robot:opponent-infantry-1,21279.067,9374.39,集火残血目标,2,8111.591,searching,1,1,True,True,False,moving,0.0,0.383,1900.0
286,tarsgo-sentry,tarsgo-rmuc-2026-region,sentry,17170.548,14500.0,robot:opponent-infantry-1,21958.82,8343.293,集火残血目标,2,8103.668,active,0,0,True,True,False,moving,0.0,1.4,1900.0
286,tarsgo-drone,tarsgo-rmuc-2026-region,drone,24914.207,500.001,robot:opponent-engineer,,,空中压制敌方工程,0,0.0,none,0,0,True,True,False,legal wait: no active movement route,0.0,0.0,0.0
286,opponent-hero,opponent-rmuc-2026-region,hero,24863.637,500.0,structure:red-base,,,进攻基地,0,0.0,searching,4,4,True,True,False,waiting for path search,0.0,0.017,0.0
286,opponent-engineer,opponent-rmuc-2026-region,engineer,24806.0,1950.0,zone:supply:blue,,,后方待命,0,0.0,none,0,0,True,True,False,legal wait: no active movement route,0.0,0.0,0.0
286,opponent-infantry-1,opponent-rmuc-2026-region,infantry,22150.545,8052.471,zone:supply:blue,25724.0,2632.0,回撤补给,1,6492.386,active,0,0,True,True,False,moving,0.0,1.117,1805.0
286,opponent-infantry-2,opponent-rmuc-2026-region,infantry,17598.43,536.11,robot:tarsgo-hero,4328.019,13072.893,集火残血目标,3,25873.531,active,0,0,True,True,False,moving,0.0,1.783,696.647
286,opponent-sentry,opponent-rmuc-2026-region,sentry,22302.46,7703.838,robot:tarsgo-hero,4234.923,13091.82,集火残血目标,4,23223.634,active,0,0,True,True,False,moving,0.0,0.0,546.528
286,opponent-drone,opponent-rmuc-2026-region,drone,26000.0,12600.0,,,,空中弹量耗尽,0,0.0,none,0,0,False,False,False,dead/respawning,0.0,0.0,0.0
287,tarsgo-hero,tarsgo-rmuc-2026-region,hero,3558.35,12430.284,zone:supply:red,2006.0,13050.0,回撤补给,2,2548.039,active,0,0,True,True,False,moving,0.0,1.483,561.266
287,tarsgo-engineer,tarsgo-rmuc-2026-region,engineer,3194.0,13050.0,zone:supply:red,,,后方待命,0,0.0,none,0,0,True,True,False,legal wait: no active movement route,0.0,0.083,0.0
287,tarsgo-infantry-1,tarsgo-rmuc-2026-region,infantry,9906.047,13499.659,robot:opponent-infantry-1,22865.157,6968.497,集火残血目标,3,17839.853,active,0,0,True,False,False,movement permission or chassis power lock,0.0,0.217,0.0
287,tarsgo-infantry-2,tarsgo-rmuc-2026-region,infantry,17827.625,14500.0,robot:opponent-infantry-1,22795.439,7074.25,集火残血目标,2,8966.591,active,0,0,True,True,False,moving,0.0,0.383,1900.0
287,tarsgo-sentry,tarsgo-rmuc-2026-region,sentry,18544.278,13522.714,robot:opponent-infantry-1,22725.72,7180.004,集火残血目标,1,7597.001,active,0,0,True,True,False,moving,0.0,1.4,1685.889
287,tarsgo-drone,tarsgo-rmuc-2026-region,drone,24914.207,500.001,robot:opponent-engineer,,,空中压制敌方工程,0,0.0,none,0,0,True,True,False,legal wait: no active movement route,0.0,0.0,0.0
287,opponent-hero,opponent-rmuc-2026-region,hero,24768.637,500.0,structure:red-base,2407.0,7500.0,进攻基地,2,28279.856,active,0,0,True,True,False,moving,0.0,0.017,95.0
287,opponent-engineer,opponent-rmuc-2026-region,engineer,24806.0,1950.0,zone:supply:blue,,,后方待命,0,0.0,none,0,0,True,True,False,legal wait: no active movement route,0.0,0.0,0.0
287,opponent-infantry-1,opponent-rmuc-2026-region,infantry,23074.312,6651.236,zone:supply:blue,25724.0,2632.0,回撤补给,1,4814.053,active,0,0,True,False,False,movement permission or chassis power lock,0.0,1.117,1678.333
287,opponent-infantry-2,opponent-rmuc-2026-region,infantry,15700.607,500.0,robot:tarsgo-hero,4068.939,12728.642,集火残血目标,2,23829.289,searching,1,1,True,True,False,moving,0.0,1.783,1898.167
287,opponent-sentry,opponent-rmuc-2026-region,sentry,23080.756,6025.442,zone:fortress:blue,25075.0,2836.0,占领堡垒,1,3761.589,active,0,0,True,True,False,moving,0.0,0.0,1850.07
287,opponent-drone,opponent-rmuc-2026-region,drone,26000.0,12600.0,,,,空中弹量耗尽,0,0.0,none,0,0,False,False,False,dead/respawning,0.0,0.0,0.0
288,tarsgo-hero,tarsgo-rmuc-2026-region,hero,3380.202,12173.924,zone:supply:red,,,补充弹量,0,0.0,none,0,0,True,True,False,legal wait: no active movement route,0.0,1.483,312.181
288,tarsgo-engineer,tarsgo-rmuc-2026-region,engineer,3194.0,13050.0,zone:supply:red,,,后方待命,0,0.0,none,0,0,True,True,False,legal wait: no active movement route,0.0,0.083,0.0
288,tarsgo-infantry-1,tarsgo-rmuc-2026-region,infantry,9942.212,13686.185,robot:opponent-infantry-1,23074.312,6651.236,集火残血目标,3,18029.853,active,0,0,True,True,False,moving,0.0,0.217,190.0
288,tarsgo-infantry-2,tarsgo-rmuc-2026-region,infantry,18905.938,12974.122,robot:opponent-infantry-1,23074.312,6651.236,集火残血目标,1,7573.258,active,0,0,True,True,False,moving,0.0,0.383,1868.438
288,tarsgo-sentry,tarsgo-rmuc-2026-region,sentry,19590.051,11936.41,robot:opponent-infantry-1,23074.312,6651.236,集火残血目标,1,6330.335,active,0,0,True,True,False,moving,0.0,1.4,1900.0
288,tarsgo-drone,tarsgo-rmuc-2026-region,drone,24914.207,500.001,robot:opponent-engineer,,,空中压制敌方工程,0,0.0,none,0,0,True,True,False,legal wait: no active movement route,0.0,0.0,0.0
288,opponent-hero,opponent-rmuc-2026-region,hero,22868.637,500.0,structure:red-base,2407.0,7500.0,进攻基地,2,26379.856,active,0,0,True,True,False,moving,0.0,0.017,1900.0
288,opponent-engineer,opponent-rmuc-2026-region,engineer,24806.0,1950.0,zone:supply:blue,,,后方待命,0,0.0,none,0,0,True,True,False,legal wait: no active movement route,0.0,0.0,0.0
288,opponent-infantry-1,opponent-rmuc-2026-region,infantry,23074.312,6651.236,zone:supply:blue,25724.0,2632.0,回撤补给,1,4814.053,active,0,0,True,False,False,movement permission or chassis power lock,0.0,1.117,0.0
288,opponent-infantry-2,opponent-rmuc-2026-region,infantry,13800.607,500.0,robot:tarsgo-hero,3380.202,12173.924,追击敌方英雄,3,21785.946,active,0,0,True,True,False,moving,0.0,1.783,1900.0
288,opponent-sentry,opponent-rmuc-2026-region,sentry,24088.06,4414.437,zone:fortress:blue,25075.0,2836.0,占领堡垒,1,1861.589,active,0,0,True,True,False,moving,0.0,0.0,1900.0
288,opponent-drone,opponent-rmuc-2026-region,drone,26000.0,12600.0,,,,空中弹量耗尽,0,0.0,none,0,0,False,False,False,dead/respawning,0.0,0.0,0.0
289,tarsgo-hero,tarsgo-rmuc-2026-region,hero,3380.202,12173.924,structure:blue-base,,,进攻基地,0,0.0,searching,2,2,True,True,False,waiting for path search,0.0,1.483,0.0
289,tarsgo-engineer,tarsgo-rmuc-2026-region,engineer,3194.0,13050.0,zone:supply:red,,,后方待命,0,0.0,none,0,0,True,True,False,legal wait: no active movement route,0.0,0.083,0.0
289,tarsgo-infantry-1,tarsgo-rmuc-2026-region,infantry,11171.03,14500.0,robot:opponent-infantry-1,23074.312,6651.236,集火残血目标,2,16129.853,active,0,0,True,True,False,moving,0.0,0.217,1473.868
289,tarsgo-infantry-2,tarsgo-rmuc-2026-region,infantry,19725.127,11731.518,robot:opponent-infantry-1,23074.312,6651.236,集火残血目标,1,6084.924,active,0,0,True,False,False,movement permission or chassis power lock,0.0,0.383,1488.333
289,tarsgo-sentry,tarsgo-rmuc-2026-region,sentry,20635.824,10350.107,robot:opponent-infantry-1,23074.312,6651.236,集火残血目标,1,4430.335,active,0,0,True,True,False,moving,0.0,1.4,1900.0
289,tarsgo-drone,tarsgo-rmuc-2026-region,drone,24914.207,500.001,robot:opponent-engineer,,,空中压制敌方工程,0,0.0,none,0,0,True,True,False,legal wait: no active movement route,0.0,0.0,0.0
289,opponent-hero,opponent-rmuc-2026-region,hero,20968.637,500.0,structure:red-base,2407.0,7500.0,进攻基地,2,24479.856,active,0,0,True,True,False,moving,0.0,0.017,1900.0
289,opponent-engineer,opponent-rmuc-2026-region,engineer,24806.0,1950.0,zone:supply:blue,,,后方待命,0,0.0,none,0,0,True,True,False,legal wait: no active movement route,0.0,0.0,0.0
289,opponent-infantry-1,opponent-rmuc-2026-region,infantry,23074.312,6651.236,zone:supply:blue,25724.0,2632.0,回撤补给,1,4814.053,active,0,0,True,False,False,movement permission or chassis power lock,0.0,1.117,0.0
289,opponent-infantry-2,opponent-rmuc-2026-region,infantry,13063.775,1199.087,zone:central:blue,17188.0,8960.0,前往中央区域,1,8788.686,active,0,0,True,True,False,moving,0.0,1.783,1015.699
289,opponent-sentry,opponent-rmuc-2026-region,sentry,25075.0,2836.0,zone:fortress:blue,25075.0,2836.0,占领堡垒,0,0.0,none,0,0,True,True,False,legal wait: no active movement route,0.0,0.0,1861.589
289,opponent-drone,opponent-rmuc-2026-region,drone,26000.0,12600.0,,,,空中弹量耗尽,0,0.0,none,0,0,False,False,False,dead/respawning,0.0,0.0,0.0
290,tarsgo-hero,tarsgo-rmuc-2026-region,hero,4790.963,12648.148,structure:blue-base,25593.0,7500.0,进攻基地,3,23174.557,active,0,0,True,True,False,moving,0.0,1.483,1488.333
290,tarsgo-engineer,tarsgo-rmuc-2026-region,engineer,3194.0,13050.0,zone:supply:red,,,后方待命,0,0.0,none,0,0,True,True,False,legal wait: no active movement route,0.0,0.083,0.0
290,tarsgo-infantry-1,tarsgo-rmuc-2026-region,infantry,13071.03,14500.0,robot:opponent-infantry-1,23074.312,6651.236,集火残血目标,2,14229.853,active,0,0,True,True,False,moving,0.0,0.217,1900.0
290,tarsgo-infantry-2,tarsgo-rmuc-2026-region,infantry,19725.127,11731.518,robot:opponent-infantry-1,23074.312,6651.236,集火残血目标,1,6084.924,active,0,0,True,False,False,movement permission or chassis power lock,0.0,0.383,0.0
290,tarsgo-sentry,tarsgo-rmuc-2026-region,sentry,21141.281,9583.394,robot:opponent-infantry-1,23074.312,6651.236,集火残血目标,1,3512.001,active,0,0,True,False,False,movement permission or chassis power lock,0.0,1.4,918.333
290,tarsgo-drone,tarsgo-rmuc-2026-region,drone,24442.329,2077.607,robot:opponent-infantry-1,23074.312,6651.236,空中压制残血目标,1,4773.84,active,0,0,True,True,False,moving,0.0,0.0,1646.667
290,opponent-hero,opponent-rmuc-2026-region,hero,19068.637,500.0,structure:red-base,2407.0,7500.0,进攻基地,2,22579.856,active,0,0,True,True,False,moving,0.0,0.017,1900.0
290,opponent-engineer,opponent-rmuc-2026-region,engineer,24806.0,1950.0,zone:supply:blue,,,后方待命,0,0.0,none,0,0,True,True,False,legal wait: no active movement route,0.0,0.0,0.0
290,opponent-infantry-1,opponent-rmuc-2026-region,infantry,23074.312,6651.236,zone:supply:blue,25724.0,2632.0,回撤补给,1,4814.053,active,0,0,True,False,False,movement permission or chassis power lock,0.0,1.117,0.0
290,opponent-infantry-2,opponent-rmuc-2026-region,infantry,13955.379,2876.896,zone:central:blue,17188.0,8960.0,前往中央区域,1,6888.686,active,0,0,True,True,False,moving,0.0,1.783,1900.0
290,opponent-sentry,opponent-rmuc-2026-region,sentry,25075.0,2836.0,zone:fortress:blue,,,占领堡垒,0,0.0,none,0,0,True,True,False,legal wait: no active movement route,0.0,0.0,0.0
290,opponent-drone,opponent-rmuc-2026-region,drone,26000.0,12600.0,,,,空中弹量耗尽,0,0.0,none,0,0,False,False,False,dead/respawning,0.0,0.0,0.0
291,tarsgo-hero,tarsgo-rmuc-2026-region,hero,6591.935,13253.541,structure:blue-base,25593.0,7500.0,进攻基地,3,21274.557,active,0,0,True,True,False,moving,0.0,1.483,1900.0
291,tarsgo-engineer,tarsgo-rmuc-2026-region,engineer,3194.0,13050.0,zone:supply:red,,,后方待命,0,0.0,none,0,0,True,True,False,legal wait: no active movement route,0.0,0.083,0.0
291,tarsgo-infantry-1,tarsgo-rmuc-2026-region,infantry,14971.03,14500.0,robot:opponent-infantry-1,23074.312,6651.236,集火残血目标,2,12329.853,active,0,0,True,True,False,moving,0.0,0.217,1900.0
291,tarsgo-infantry-2,tarsgo-rmuc-2026-region,infantry,19725.127,11731.518,robot:opponent-infantry-1,23074.312,6651.236,集火残血目标,1,6084.924,active,0,0,True,False,False,movement permission or chassis power lock,0.0,0.383,0.0
291,tarsgo-sentry,tarsgo-rmuc-2026-region,sentry,21141.281,9583.394,robot:opponent-infantry-1,23074.312,6651.236,集火残血目标,1,3512.001,active,0,0,True,False,False,movement permission or chassis power lock,0.0,1.4,0.0
291,tarsgo-drone,tarsgo-rmuc-2026-region,drone,23897.855,3897.923,robot:opponent-infantry-1,23074.312,6651.236,空中压制残血目标,1,2873.84,active,0,0,True,True,False,moving,0.0,0.0,1900.0
291,opponent-hero,opponent-rmuc-2026-region,hero,17168.637,500.0,structure:red-base,2407.0,7500.0,进攻基地,2,20679.856,active,0,0,True,True,False,moving,0.0,0.017,1900.0
291,opponent-engineer,opponent-rmuc-2026-region,engineer,24806.0,1950.0,zone:supply:blue,,,后方待命,0,0.0,none,0,0,True,True,False,legal wait: no active movement route,0.0,0.0,0.0
291,opponent-infantry-1,opponent-rmuc-2026-region,infantry,23074.312,6651.236,zone:supply:blue,25724.0,2632.0,回撤补给,1,4814.053,active,0,0,True,False,False,movement permission or chassis power lock,0.0,1.117,0.0
291,opponent-infantry-2,opponent-rmuc-2026-region,infantry,14846.983,4554.705,zone:central:blue,17188.0,8960.0,前往中央区域,1,4988.686,active,0,0,True,True,False,moving,0.0,1.783,1900.0
291,opponent-sentry,opponent-rmuc-2026-region,sentry,25075.0,2836.0,zone:fortress:blue,,,占领堡垒,0,0.0,none,0,0,True,True,False,legal wait: no active movement route,0.0,0.0,0.0
291,opponent-drone,opponent-rmuc-2026-region,drone,26000.0,12600.0,,,,空中弹量耗尽,0,0.0,none,0,0,False,False,False,dead/respawning,0.0,0.0,0.0
292,tarsgo-hero,tarsgo-rmuc-2026-region,hero,8392.907,13858.934,structure:blue-base,25593.0,7500.0,进攻基地,3,19374.557,active,0,0,True,True,False,moving,0.0,1.483,1900.0
292,tarsgo-engineer,tarsgo-rmuc-2026-region,engineer,3194.0,13050.0,zone:supply:red,,,后方待命,0,0.0,none,0,0,True,True,False,legal wait: no active movement route,0.0,0.083,0.0
292,tarsgo-infantry-1,tarsgo-rmuc-2026-region,infantry,16871.03,14500.0,robot:opponent-infantry-1,23074.312,6651.236,集火残血目标,2,10429.853,active,0,0,True,True,False,moving,0.0,0.217,1900.0
292,tarsgo-infantry-2,tarsgo-rmuc-2026-region,infantry,19725.127,11731.518,robot:opponent-infantry-1,23074.312,6651.236,集火残血目标,1,6084.924,active,0,0,True,False,False,movement permission or chassis power lock,0.0,0.383,0.0
292,tarsgo-sentry,tarsgo-rmuc-2026-region,sentry,21141.281,9583.394,robot:opponent-infantry-1,23074.312,6651.236,集火残血目标,1,3512.001,active,0,0,True,False,False,movement permission or chassis power lock,0.0,1.4,0.0
292,tarsgo-drone,tarsgo-rmuc-2026-region,drone,23698.214,4565.372,robot:opponent-infantry-1,,,空中压制残血目标,0,0.0,none,0,0,True,True,False,legal wait: no active movement route,0.0,0.0,696.667
292,opponent-hero,opponent-rmuc-2026-region,hero,15268.637,500.0,structure:red-base,2407.0,7500.0,进攻基地,2,18779.856,active,0,0,True,True,False,moving,0.0,0.017,1900.0
292,opponent-engineer,opponent-rmuc-2026-region,engineer,24806.0,1950.0,zone:supply:blue,,,后方待命,0,0.0,none,0,0,True,True,False,legal wait: no active movement route,0.0,0.0,0.0
292,opponent-infantry-1,opponent-rmuc-2026-region,infantry,23178.889,6492.606,zone:supply:blue,25724.0,2632.0,回撤补给,1,4624.053,active,0,0,True,True,False,moving,0.0,1.117,190.0
292,opponent-infantry-2,opponent-rmuc-2026-region,infantry,14892.264,6224.823,robot:tarsgo-hero,7462.404,13546.148,追击敌方英雄,2,12457.631,active,0,0,True,True,False,moving,0.0,1.783,1670.732
292,opponent-sentry,opponent-rmuc-2026-region,sentry,25075.0,2836.0,zone:fortress:blue,,,占领堡垒,0,0.0,none,0,0,True,True,False,legal wait: no active movement route,0.0,0.0,0.0
292,opponent-drone,opponent-rmuc-2026-region,drone,26000.0,12600.0,,,,空中弹量耗尽,0,0.0,none,0,0,False,False,False,dead/respawning,0.0,0.0,0.0
293,tarsgo-hero,tarsgo-rmuc-2026-region,hero,10193.878,14464.327,structure:blue-base,25593.0,7500.0,进攻基地,3,17474.557,active,0,0,True,True,False,moving,0.0,1.483,1900.0
293,tarsgo-engineer,tarsgo-rmuc-2026-region,engineer,3194.0,13050.0,zone:supply:red,,,后方待命,0,0.0,none,0,0,True,True,False,legal wait: no active movement route,0.0,0.083,0.0
293,tarsgo-infantry-1,tarsgo-rmuc-2026-region,infantry,18379.421,13772.78,robot:opponent-infantry-1,23893.501,5408.632,集火残血目标,1,10018.186,active,0,0,True,True,False,moving,0.0,0.217,1674.542
293,tarsgo-infantry-2,tarsgo-rmuc-2026-region,infantry,19725.127,11731.518,robot:opponent-infantry-1,23823.782,5514.385,集火残血目标,1,7446.591,active,0,0,True,False,False,movement permission or chassis power lock,0.0,0.383,0.0
293,tarsgo-sentry,tarsgo-rmuc-2026-region,sentry,21141.281,9583.394,robot:opponent-infantry-1,23754.064,5620.139,集火残血目标,1,4747.001,active,0,0,True,False,False,movement permission or chassis power lock,0.0,1.4,0.0
293,tarsgo-drone,tarsgo-rmuc-2026-region,drone,23698.214,4565.372,robot:opponent-infantry-1,,,空中压制残血目标,0,0.0,none,0,0,True,True,False,legal wait: no active movement route,0.0,0.0,0.0
293,opponent-hero,opponent-rmuc-2026-region,hero,13368.637,500.0,structure:red-base,2407.0,7500.0,进攻基地,2,16879.856,active,0,0,True,True,False,moving,0.0,0.017,1900.0
293,opponent-engineer,opponent-rmuc-2026-region,engineer,24806.0,1950.0,zone:supply:blue,,,后方待命,0,0.0,none,0,0,True,True,False,legal wait: no active movement route,0.0,0.0,0.0
293,opponent-infantry-1,opponent-rmuc-2026-region,infantry,24224.662,4906.302,zone:supply:blue,25724.0,2632.0,回撤补给,1,2724.053,active,0,0,True,True,False,moving,0.0,1.117,1900.0
293,opponent-infantry-2,opponent-rmuc-2026-region,infantry,13970.318,7886.153,robot:tarsgo-hero,8813.133,14000.193,追击敌方英雄,2,9132.631,searching,1,1,True,True,False,moving,0.0,1.783,1900.0
293,opponent-sentry,opponent-rmuc-2026-region,sentry,25075.0,2836.0,zone:fortress:blue,,,占领堡垒,0,0.0,none,0,0,True,True,False,legal wait: no active movement route,0.0,0.0,0.0
293,opponent-drone,opponent-rmuc-2026-region,drone,26000.0,12600.0,,,,空中弹量耗尽,0,0.0,none,0,0,False,False,False,dead/respawning,0.0,0.0,0.0
294,tarsgo-hero,tarsgo-rmuc-2026-region,hero,12088.043,14500.0,structure:blue-base,25593.0,7500.0,进攻基地,2,15574.557,active,0,0,True,True,False,moving,0.0,1.483,1894.501
294,tarsgo-engineer,tarsgo-rmuc-2026-region,engineer,3194.0,13050.0,zone:supply:red,,,后方待命,0,0.0,none,0,0,True,True,False,legal wait: no active movement route,0.0,0.083,0.0
294,tarsgo-infantry-1,tarsgo-rmuc-2026-region,infantry,19425.194,12186.477,robot:opponent-infantry-1,24677.831,4218.904,集火残血目标,1,9543.186,active,0,0,True,True,False,moving,0.0,0.217,1900.0
294,tarsgo-infantry-2,tarsgo-rmuc-2026-region,infantry,19934.281,11414.257,robot:opponent-infantry-1,24608.112,4324.658,集火残血目标,1,8491.591,active,0,0,True,True,False,moving,0.0,0.383,380.0
294,tarsgo-sentry,tarsgo-rmuc-2026-region,sentry,21141.281,9583.394,robot:opponent-infantry-1,24538.394,4430.411,集火残血目标,1,6172.001,active,0,0,True,False,False,movement permission or chassis power lock,0.0,1.4,0.0
294,tarsgo-drone,tarsgo-rmuc-2026-region,drone,23698.214,4565.372,robot:opponent-infantry-1,,,空中压制残血目标,0,0.0,none,0,0,True,True,False,legal wait: no active movement route,0.0,0.0,0.0
294,opponent-hero,opponent-rmuc-2026-region,hero,11468.637,500.0,structure:red-base,2407.0,7500.0,进攻基地,2,14979.856,active,0,0,True,True,False,moving,0.0,0.017,1900.0
294,opponent-engineer,opponent-rmuc-2026-region,engineer,24806.0,1950.0,zone:supply:blue,,,后方待命,0,0.0,none,0,0,True,True,False,legal wait: no active movement route,0.0,0.0,0.0
294,opponent-infantry-1,opponent-rmuc-2026-region,infantry,25270.435,3319.999,zone:supply:blue,25724.0,2632.0,回撤补给,1,824.053,active,0,0,True,True,False,moving,0.0,1.117,1900.0
294,opponent-infantry-2,opponent-rmuc-2026-region,infantry,13120.532,9575.269,robot:tarsgo-hero,11581.376,14500.0,追击敌方英雄,1,5159.649,active,0,0,True,True,False,moving,0.0,1.783,1890.833
294,opponent-sentry,opponent-rmuc-2026-region,sentry,25075.0,2836.0,zone:fortress:blue,,,占领堡垒,0,0.0,none,0,0,True,True,False,legal wait: no active movement route,0.0,0.0,0.0
294,opponent-drone,opponent-rmuc-2026-region,drone,26000.0,12600.0,,,,空中弹量耗尽,0,0.0,none,0,0,False,False,False,dead/respawning,0.0,0.0,0.0
295,tarsgo-hero,tarsgo-rmuc-2026-region,hero,13988.043,14500.0,structure:blue-base,25593.0,7500.0,进攻基地,2,13674.557,active,0,0,True,True,False,moving,0.0,1.483,1900.0
295,tarsgo-engineer,tarsgo-rmuc-2026-region,engineer,3194.0,13050.0,zone:supply:red,,,后方待命,0,0.0,none,0,0,True,True,False,legal wait: no active movement route,0.0,0.083,0.0
295,tarsgo-infantry-1,tarsgo-rmuc-2026-region,infantry,20401.249,10705.927,robot:opponent-infantry-2,12880.31,11306.126,追击敌方步兵,2,10493.996,active,0,0,True,True,False,moving,0.0,0.217,1773.333
295,tarsgo-infantry-2,tarsgo-rmuc-2026-region,infantry,20980.055,9827.954,robot:opponent-infantry-1,25724.0,2632.0,集火残血目标,1,8618.977,active,0,0,True,True,False,moving,0.0,0.383,1900.0
295,tarsgo-sentry,tarsgo-rmuc-2026-region,sentry,21350.436,9266.133,zone:fortress:red,2925.0,12164.0,占领堡垒,3,21614.577,active,0,0,True,True,False,moving,0.0,1.4,380.0
295,tarsgo-drone,tarsgo-rmuc-2026-region,drone,24167.542,3457.336,robot:opponent-engineer,24806.0,1950.0,空中压制敌方工程,1,1636.976,active,0,0,True,True,False,moving,0.0,0.0,1203.333
295,opponent-hero,opponent-rmuc-2026-region,hero,9568.637,500.0,structure:red-base,2407.0,7500.0,进攻基地,2,13079.856,active,0,0,True,True,False,moving,0.0,0.017,1900.0
295,opponent-engineer,opponent-rmuc-2026-region,engineer,24806.0,1950.0,zone:supply:blue,,,后方待命,0,0.0,none,0,0,True,True,False,legal wait: no active movement route,0.0,0.0,0.0
295,opponent-infantry-1,opponent-rmuc-2026-region,infantry,25724.0,2632.0,zone:supply:blue,,,回撤补给,0,0.0,none,0,0,True,True,False,legal wait: no active movement route,0.0,1.117,824.053
295,opponent-infantry-2,opponent-rmuc-2026-region,infantry,12885.305,11432.694,robot:tarsgo-hero,13006.376,14500.0,追击敌方英雄,1,3069.695,active,0,0,True,True,False,moving,0.0,1.783,1872.26
295,opponent-sentry,opponent-rmuc-2026-region,sentry,25075.0,2836.0,zone:fortress:blue,,,占领堡垒,0,0.0,none,0,0,True,True,False,legal wait: no active movement route,0.0,0.0,0.0
295,opponent-drone,opponent-rmuc-2026-region,drone,26000.0,12600.0,,,,空中弹量耗尽,0,0.0,none,0,0,False,False,False,dead/respawning,0.0,0.0,0.0
296,tarsgo-hero,tarsgo-rmuc-2026-region,hero,15888.043,14500.0,structure:blue-base,25593.0,7500.0,进攻基地,2,11774.557,active,0,0,True,True,False,moving,0.0,1.483,1900.0
296,tarsgo-engineer,tarsgo-rmuc-2026-region,engineer,3194.0,13050.0,zone:supply:red,,,后方待命,0,0.0,none,0,0,True,True,False,legal wait: no active movement route,0.0,0.083,0.0
296,tarsgo-infantry-1,tarsgo-rmuc-2026-region,infantry,19355.476,12292.23,robot:opponent-infantry-2,13333.124,12614.491,追击敌方步兵,2,7585.163,active,0,0,True,True,False,moving,0.0,0.217,1900.0
296,tarsgo-infantry-2,tarsgo-rmuc-2026-region,infantry,20963.265,9724.502,robot:opponent-hero,8396.97,500.0,追击敌方英雄,2,19222.857,active,0,0,True,True,False,moving,0.0,0.383,104.805
296,tarsgo-sentry,tarsgo-rmuc-2026-region,sentry,20304.663,10852.436,zone:fortress:red,2925.0,12164.0,占领堡垒,3,19714.577,active,0,0,True,True,False,moving,0.0,1.4,1900.0
296,tarsgo-drone,tarsgo-rmuc-2026-region,drone,24253.997,3253.224,robot:opponent-engineer,,,空中压制敌方工程,0,0.0,none,0,0,True,True,False,legal wait: no active movement route,0.0,0.0,221.667
296,opponent-hero,opponent-rmuc-2026-region,hero,7668.637,500.0,structure:red-base,2407.0,7500.0,进攻基地,2,11179.856,active,0,0,True,True,False,moving,0.0,0.017,1900.0
296,opponent-engineer,opponent-rmuc-2026-region,engineer,24806.0,1950.0,zone:supply:blue,,,后方待命,0,0.0,none,0,0,True,True,False,legal wait: no active movement route,0.0,0.0,0.0
296,opponent-infantry-1,opponent-rmuc-2026-region,infantry,25724.0,2632.0,zone:supply:blue,,,补充弹量,0,0.0,none,0,0,True,True,False,legal wait: no active movement route,0.0,1.117,0.0
296,opponent-infantry-2,opponent-rmuc-2026-region,infantry,13646.892,13123.772,robot:tarsgo-hero,15856.376,14500.0,追击敌方英雄,1,2603.041,active,0,0,True,True,False,moving,0.0,1.783,1854.659
296,opponent-sentry,opponent-rmuc-2026-region,sentry,25075.0,2836.0,zone:fortress:blue,,,占领堡垒,0,0.0,none,0,0,True,True,False,legal wait: no active movement route,0.0,0.0,0.0
296,opponent-drone,opponent-rmuc-2026-region,drone,26000.0,12600.0,,,,空中弹量耗尽,0,0.0,none,0,0,False,False,False,dead/respawning,0.0,0.0,0.0
297,tarsgo-hero,tarsgo-rmuc-2026-region,hero,17788.043,14500.0,structure:blue-base,25593.0,7500.0,进攻基地,2,9874.557,active,0,0,True,True,False,moving,0.0,1.483,1900.0
297,tarsgo-engineer,tarsgo-rmuc-2026-region,engineer,3194.0,13050.0,zone:supply:red,,,后方待命,0,0.0,none,0,0,True,True,False,legal wait: no active movement route,0.0,0.083,0.0
297,tarsgo-infantry-1,tarsgo-rmuc-2026-region,infantry,18309.703,13878.534,robot:opponent-infantry-2,14345.745,13559.068,追击敌方步兵,2,4421.058,active,0,0,True,True,False,moving,0.0,0.217,1900.0
297,tarsgo-infantry-2,tarsgo-rmuc-2026-region,infantry,20364.468,7921.327,robot:opponent-hero,6971.97,500.0,追击敌方英雄,2,18747.857,active,0,0,True,True,False,moving,0.0,0.383,1900.0
297,tarsgo-sentry,tarsgo-rmuc-2026-region,sentry,19258.89,12438.74,zone:fortress:red,2925.0,12164.0,占领堡垒,3,17814.577,active,0,0,True,True,False,moving,0.0,1.4,1900.0
297,tarsgo-drone,tarsgo-rmuc-2026-region,drone,24253.997,3253.224,robot:opponent-engineer,,,空中压制敌方工程,0,0.0,none,0,0,True,True,False,legal wait: no active movement route,0.0,0.0,0.0
297,opponent-hero,opponent-rmuc-2026-region,hero,5768.637,500.0,structure:red-base,2407.0,7500.0,进攻基地,2,9279.856,active,0,0,True,True,False,moving,0.0,0.017,1900.0
297,opponent-engineer,opponent-rmuc-2026-region,engineer,24806.0,1950.0,zone:supply:blue,,,后方待命,0,0.0,none,0,0,True,True,False,legal wait: no active movement route,0.0,0.0,0.0
297,opponent-infantry-1,opponent-rmuc-2026-region,infantry,24645.985,4026.016,robot:tarsgo-infantry-2,20484.227,8281.962,追击敌方步兵,2,6191.165,active,0,0,True,True,False,moving,0.0,1.117,1762.213
297,opponent-infantry-2,opponent-rmuc-2026-region,infantry,15319.827,13988.316,robot:tarsgo-hero,17281.376,14500.0,追击敌方英雄,1,2027.19,active,0,0,True,True,False,moving,0.0,1.783,1883.121
297,opponent-sentry,opponent-rmuc-2026-region,sentry,25075.0,2836.0,zone:fortress:blue,,,占领堡垒,0,0.0,none,0,0,True,True,False,legal wait: no active movement route,0.0,0.0,0.0
297,opponent-drone,opponent-rmuc-2026-region,drone,26000.0,12600.0,,,,空中弹量耗尽,0,0.0,none,0,0,False,False,False,dead/respawning,0.0,0.0,0.0
298,tarsgo-hero,tarsgo-rmuc-2026-region,hero,19284.037,13418.659,structure:blue-base,25593.0,7500.0,进攻基地,1,8006.224,active,0,0,True,True,False,moving,0.0,1.483,1845.887
298,tarsgo-engineer,tarsgo-rmuc-2026-region,engineer,3194.0,13050.0,zone:supply:red,,,后方待命,0,0.0,none,0,0,True,True,False,legal wait: no active movement route,0.0,0.083,0.0
298,tarsgo-infantry-1,tarsgo-rmuc-2026-region,infantry,19544.089,13944.83,robot:opponent-infantry-2,16395.876,14251.128,追击敌方步兵,2,3253.503,active,0,0,True,True,False,moving,0.0,0.217,1236.165
298,tarsgo-infantry-2,tarsgo-rmuc-2026-region,infantry,19765.671,6118.151,robot:opponent-hero,4121.97,500.0,追击敌方英雄,2,19697.857,active,0,0,True,True,False,moving,0.0,0.383,1900.0
298,tarsgo-sentry,tarsgo-rmuc-2026-region,sentry,18213.116,14025.043,zone:fortress:red,2925.0,12164.0,占领堡垒,3,15914.577,active,0,0,True,True,False,moving,0.0,1.4,1900.0
298,tarsgo-drone,tarsgo-rmuc-2026-region,drone,24253.997,3253.224,robot:opponent-engineer,,,空中压制敌方工程,0,0.0,none,0,0,True,True,False,legal wait: no active movement route,0.0,0.0,0.0
298,opponent-hero,opponent-rmuc-2026-region,hero,3868.637,500.0,structure:red-base,2407.0,7500.0,进攻基地,2,7379.856,active,0,0,True,True,False,moving,0.0,0.017,1900.0
298,opponent-engineer,opponent-rmuc-2026-region,engineer,24806.0,1950.0,zone:supply:blue,,,后方待命,0,0.0,none,0,0,True,True,False,legal wait: no active movement route,0.0,0.0,0.0
298,opponent-infantry-1,opponent-rmuc-2026-region,infantry,23107.314,5129.423,robot:tarsgo-infantry-2,20035.13,6929.58,追击敌方步兵,1,3560.742,active,0,0,True,True,False,moving,0.0,1.117,1893.414
298,opponent-infantry-2,opponent-rmuc-2026-region,infantry,16395.876,14251.128,robot:tarsgo-hero,18510.477,14023.038,追击敌方英雄,2,2299.284,active,0,0,True,False,False,movement permission or chassis power lock,0.0,1.783,1107.679
298,opponent-sentry,opponent-rmuc-2026-region,sentry,25075.0,2836.0,zone:fortress:blue,,,占领堡垒,0,0.0,none,0,0,True,True,False,legal wait: no active movement route,0.0,0.0,0.0
298,opponent-drone,opponent-rmuc-2026-region,drone,26000.0,12600.0,,,,空中弹量耗尽,0,0.0,none,0,0,False,False,False,dead/respawning,0.0,0.0,0.0
299,tarsgo-hero,tarsgo-rmuc-2026-region,hero,20781.251,12248.894,structure:blue-base,25593.0,7500.0,进攻基地,1,6106.224,active,0,0,True,True,False,moving,0.0,1.483,1900.0
299,tarsgo-engineer,tarsgo-rmuc-2026-region,engineer,3194.0,13050.0,zone:supply:red,,,后方待命,0,0.0,none,0,0,True,True,False,legal wait: no active movement route,0.0,0.083,0.0
299,tarsgo-infantry-1,tarsgo-rmuc-2026-region,infantry,17724.747,14492.55,robot:opponent-infantry-2,16395.876,14251.128,追击敌方步兵,2,1353.503,active,0,0,True,True,False,moving,0.0,0.217,1900.0
299,tarsgo-infantry-2,tarsgo-rmuc-2026-region,infantry,20114.537,5127.711,robot:opponent-infantry-1,22014.688,5449.245,追击敌方步兵,1,1927.163,active,0,0,True,True,False,moving,0.0,0.383,1050.086
299,tarsgo-sentry,tarsgo-rmuc-2026-region,sentry,16758.862,14498.1,zone:fortress:red,2925.0,12164.0,占领堡垒,3,15724.426,active,0,0,True,True,False,moving,0.0,1.4,1529.26
299,tarsgo-drone,tarsgo-rmuc-2026-region,drone,24253.997,3253.224,robot:opponent-engineer,,,空中压制敌方工程,0,0.0,none,0,0,True,True,False,legal wait: no active movement route,0.0,0.0,0.0
299,opponent-hero,opponent-rmuc-2026-region,hero,2495.209,809.66,structure:red-base,2407.0,7500.0,进攻基地,1,5701.523,active,0,0,True,False,False,movement permission or chassis power lock,0.0,0.017,1407.904
299,opponent-engineer,opponent-rmuc-2026-region,engineer,24806.0,1950.0,zone:supply:blue,,,后方待命,0,0.0,none,0,0,True,True,False,legal wait: no active movement route,0.0,0.0,0.0
299,opponent-infantry-1,opponent-rmuc-2026-region,infantry,21287.364,5487.564,robot:tarsgo-infantry-2,19586.032,5577.198,追击敌方步兵,1,1703.691,active,0,0,True,True,False,moving,0.0,1.117,1854.854
299,opponent-infantry-2,opponent-rmuc-2026-region,infantry,16395.876,14251.128,robot:tarsgo-hero,20756.298,12268.39,追击敌方英雄,2,5149.284,active,0,0,True,False,False,movement permission or chassis power lock,0.0,1.783,0.0
299,opponent-sentry,opponent-rmuc-2026-region,sentry,25075.0,2836.0,zone:fortress:blue,,,占领堡垒,0,0.0,none,0,0,True,True,False,legal wait: no active movement route,0.0,0.0,0.0
299,opponent-drone,opponent-rmuc-2026-region,drone,26000.0,12600.0,,,,空中弹量耗尽,0,0.0,none,0,0,False,False,False,dead/respawning,0.0,0.0,0.0
300,tarsgo-hero,tarsgo-rmuc-2026-region,hero,22278.465,11079.128,structure:blue-base,25593.0,7500.0,进攻基地,1,4206.224,active,0,0,True,True,False,moving,0.0,1.483,1900.0
300,tarsgo-engineer,tarsgo-rmuc-2026-region,engineer,3194.0,13050.0,zone:supply:red,,,后方待命,0,0.0,none,0,0,True,True,False,legal wait: no active movement route,0.0,0.083,0.0
300,tarsgo-infantry-1,tarsgo-rmuc-2026-region,infantry,17445.438,14451.421,robot:opponent-infantry-2,,,追击敌方步兵,0,0.0,none,0,0,True,True,False,legal wait: no active movement route,0.0,0.283,282.321
300,tarsgo-infantry-2,tarsgo-rmuc-2026-region,infantry,20801.439,5243.945,robot:opponent-infantry-1,,,追击敌方步兵,0,0.0,none,0,0,True,True,False,legal wait: no active movement route,0.0,0.383,696.667
300,tarsgo-sentry,tarsgo-rmuc-2026-region,sentry,17075.466,14491.768,zone:fortress:red,2925.0,12164.0,占领堡垒,3,15407.759,active,0,0,True,True,True,collision/yield,0.833,1.4,316.667
300,tarsgo-drone,tarsgo-rmuc-2026-region,drone,24253.997,3253.224,robot:opponent-engineer,,,空中压制敌方工程,0,0.0,none,0,0,True,True,False,legal wait: no active movement route,0.0,0.0,0.0
300,opponent-hero,opponent-rmuc-2026-region,hero,2495.209,809.66,structure:red-base,2407.0,7500.0,进攻基地,1,5701.523,active,0,0,True,False,False,movement permission or chassis power lock,0.0,0.017,0.0
300,opponent-engineer,opponent-rmuc-2026-region,engineer,24806.0,1950.0,zone:supply:blue,,,后方待命,0,0.0,none,0,0,True,True,False,legal wait: no active movement route,0.0,0.0,0.0
300,opponent-infantry-1,opponent-rmuc-2026-region,infantry,21192.495,5492.562,robot:tarsgo-infantry-2,,,追击敌方步兵,0,0.0,none,0,0,True,True,False,legal wait: no active movement route,0.0,1.117,95.0
300,opponent-infantry-2,opponent-rmuc-2026-region,infantry,16395.876,14251.128,robot:tarsgo-hero,21879.208,11391.066,追击敌方英雄,2,6574.284,active,0,0,True,False,False,movement permission or chassis power lock,0.0,1.783,0.0
300,opponent-sentry,opponent-rmuc-2026-region,sentry,25075.0,2836.0,zone:fortress:blue,,,占领堡垒,0,0.0,none,0,0,True,True,False,legal wait: no active movement route,0.0,0.0,0.0
300,opponent-drone,opponent-rmuc-2026-region,drone,26000.0,12600.0,,,,空中弹量耗尽,0,0.0,none,0,0,False,False,False,dead/respawning,0.0,0.0,0.0
301,tarsgo-hero,tarsgo-rmuc-2026-region,hero,23775.679,9909.363,structure:blue-base,25593.0,7500.0,进攻基地,1,2306.224,active,0,0,True,True,False,moving,0.0,1.483,1900.0
301,tarsgo-engineer,tarsgo-rmuc-2026-region,engineer,3194.0,13050.0,zone:supply:red,,,后方待命,0,0.0,none,0,0,True,True,False,legal wait: no active movement route,0.0,0.083,0.0
301,tarsgo-infantry-1,tarsgo-rmuc-2026-region,infantry,17445.438,14451.421,robot:opponent-infantry-2,,,追击敌方步兵,0,0.0,none,0,0,True,True,False,legal wait: no active movement route,0.0,0.283,0.0
301,tarsgo-infantry-2,tarsgo-rmuc-2026-region,infantry,20801.439,5243.945,robot:opponent-infantry-1,,,追击敌方步兵,0,0.0,none,0,0,True,True,False,legal wait: no active movement route,0.0,0.383,0.0
301,tarsgo-sentry,tarsgo-rmuc-2026-region,sentry,16980.466,14491.88,zone:fortress:red,2925.0,12164.0,占领堡垒,2,14426.166,active,0,0,True,True,False,moving,0.0,1.783,95.0
301,tarsgo-drone,tarsgo-rmuc-2026-region,drone,24253.997,3253.224,robot:opponent-engineer,,,空中压制敌方工程,0,0.0,none,0,0,True,True,False,legal wait: no active movement route,0.0,0.0,0.0
301,opponent-hero,opponent-rmuc-2026-region,hero,2495.209,809.66,structure:red-base,2407.0,7500.0,进攻基地,1,5701.523,active,0,0,True,False,False,movement permission or chassis power lock,0.0,0.017,0.0
301,opponent-engineer,opponent-rmuc-2026-region,engineer,24806.0,1950.0,zone:supply:blue,,,后方待命,0,0.0,none,0,0,True,True,False,legal wait: no active movement route,0.0,0.0,0.0
301,opponent-infantry-1,opponent-rmuc-2026-region,infantry,21192.495,5492.562,robot:tarsgo-infantry-2,,,追击敌方步兵,0,0.0,none,0,0,True,True,False,legal wait: no active movement route,0.0,1.117,0.0
301,opponent-infantry-2,opponent-rmuc-2026-region,infantry,16395.876,14251.128,robot:tarsgo-hero,23002.118,10513.742,追击敌方英雄,2,7999.284,active,0,0,True,False,False,movement permission or chassis power lock,0.0,1.783,0.0
301,opponent-sentry,opponent-rmuc-2026-region,sentry,25075.0,2836.0,zone:fortress:blue,,,占领堡垒,0,0.0,none,0,0,True,True,False,legal wait: no active movement route,0.0,0.0,0.0
301,opponent-drone,opponent-rmuc-2026-region,drone,26000.0,12600.0,,,,空中弹量耗尽,0,0.0,none,0,0,False,False,False,dead/respawning,0.0,0.0,0.0
302,tarsgo-hero,tarsgo-rmuc-2026-region,hero,24050.168,9694.906,structure:blue-base,25593.0,7500.0,进攻基地,1,1957.89,active,0,0,True,False,False,movement permission or chassis power lock,0.0,1.483,348.333
302,tarsgo-engineer,tarsgo-rmuc-2026-region,engineer,3194.0,13050.0,zone:supply:red,,,后方待命,0,0.0,none,0,0,True,True,False,legal wait: no active movement route,0.0,0.083,0.0
302,tarsgo-infantry-1,tarsgo-rmuc-2026-region,infantry,17445.438,14451.421,robot:opponent-infantry-2,,,追击敌方步兵,0,0.0,none,0,0,True,True,False,legal wait: no active movement route,0.0,0.283,0.0
302,tarsgo-infantry-2,tarsgo-rmuc-2026-region,infantry,20801.439,5243.945,robot:opponent-infantry-1,,,追击敌方步兵,0,0.0,none,0,0,True,True,False,legal wait: no active movement route,0.0,0.383,0.0
302,tarsgo-sentry,tarsgo-rmuc-2026-region,sentry,17075.211,14477.755,zone:fortress:red,2925.0,12164.0,占领堡垒,3,15407.394,active,0,0,True,True,True,collision/yield,0.617,1.783,95.792
302,tarsgo-drone,tarsgo-rmuc-2026-region,drone,24253.997,3253.224,robot:opponent-engineer,,,空中压制敌方工程,0,0.0,none,0,0,True,True,False,legal wait: no active movement route,0.0,0.0,0.0
302,opponent-hero,opponent-rmuc-2026-region,hero,2495.209,809.66,structure:red-base,2407.0,7500.0,进攻基地,1,5701.523,active,0,0,True,False,False,movement permission or chassis power lock,0.0,0.017,0.0
302,opponent-engineer,opponent-rmuc-2026-region,engineer,24806.0,1950.0,zone:supply:blue,,,后方待命,0,0.0,none,0,0,True,True,False,legal wait: no active movement route,0.0,0.0,0.0
302,opponent-infantry-1,opponent-rmuc-2026-region,infantry,21922.575,6566.179,robot:tarsgo-hero,24050.168,9694.906,追击敌方英雄,1,3783.595,active,0,0,True,True,False,moving,0.0,1.117,1298.333
302,opponent-infantry-2,opponent-rmuc-2026-region,infantry,16395.876,14251.128,defense:blue-base,25076.0,1268.0,防守基地,3,17439.658,active,0,0,True,False,False,movement permission or chassis power lock,0.0,1.783,0.0
302,opponent-sentry,opponent-rmuc-2026-region,sentry,25075.0,2836.0,zone:fortress:blue,,,占领堡垒,0,0.0,none,0,0,True,True,False,legal wait: no active movement route,0.0,0.0,0.0
302,opponent-drone,opponent-rmuc-2026-region,drone,26000.0,12600.0,,,,空中弹量耗尽,0,0.0,none,0,0,False,False,False,dead/respawning,0.0,0.0,0.0
303,tarsgo-hero,tarsgo-rmuc-2026-region,hero,24050.168,9694.906,structure:blue-base,25593.0,7500.0,进攻基地,1,1957.89,active,0,0,True,False,False,movement permission or chassis power lock,0.0,1.483,0.0
303,tarsgo-engineer,tarsgo-rmuc-2026-region,engineer,3194.0,13050.0,zone:supply:red,,,后方待命,0,0.0,none,0,0,True,True,False,legal wait: no active movement route,0.0,0.083,0.0
303,tarsgo-infantry-1,tarsgo-rmuc-2026-region,infantry,17445.438,14451.421,robot:opponent-infantry-2,,,追击敌方步兵,0,0.0,none,0,0,True,True,False,legal wait: no active movement route,0.0,0.283,0.0
303,tarsgo-infantry-2,tarsgo-rmuc-2026-region,infantry,21551.41,6184.984,robot:opponent-infantry-1,22314.325,7142.266,追击敌方步兵,1,1224.103,active,0,0,True,True,False,moving,0.0,0.383,1203.333
303,tarsgo-sentry,tarsgo-rmuc-2026-region,sentry,17075.211,14477.755,zone:fortress:red,2925.0,12164.0,占领堡垒,3,15407.394,active,0,0,True,True,True,collision/yield,1.617,1.783,0.0
303,tarsgo-drone,tarsgo-rmuc-2026-region,drone,24253.997,3253.224,robot:opponent-engineer,,,空中压制敌方工程,0,0.0,none,0,0,True,True,False,legal wait: no active movement route,0.0,0.0,0.0
303,opponent-hero,opponent-rmuc-2026-region,hero,2495.209,809.66,structure:red-base,2407.0,7500.0,进攻基地,1,5701.523,active,0,0,True,False,False,movement permission or chassis power lock,0.0,0.017,0.0
303,opponent-engineer,opponent-rmuc-2026-region,engineer,24806.0,1950.0,zone:supply:blue,,,后方待命,0,0.0,none,0,0,True,True,False,legal wait: no active movement route,0.0,0.0,0.0
303,opponent-infantry-1,opponent-rmuc-2026-region,infantry,22777.302,7823.096,robot:tarsgo-hero,,,追击敌方英雄,0,0.0,none,0,0,True,True,False,legal wait: no active movement route,0.0,1.117,1520.0
303,opponent-infantry-2,opponent-rmuc-2026-region,infantry,16739.537,14307.99,zone:supply:blue,25076.0,1268.0,前往补给区,3,17091.324,active,0,0,True,True,True,collision/yield,0.217,1.783,348.333
303,opponent-sentry,opponent-rmuc-2026-region,sentry,25075.0,2836.0,zone:fortress:blue,,,占领堡垒,0,0.0,none,0,0,True,True,False,legal wait: no active movement route,0.0,0.0,0.0
303,opponent-drone,opponent-rmuc-2026-region,drone,26000.0,12600.0,,,,空中弹量耗尽,0,0.0,none,0,0,False,False,False,dead/respawning,0.0,0.0,0.0
304,tarsgo-hero,tarsgo-rmuc-2026-region,hero,24050.168,9694.906,zone:supply:red,2006.0,13050.0,前往补给区,3,23786.118,active,0,0,True,False,False,movement permission or chassis power lock,0.0,1.483,0.0
304,tarsgo-engineer,tarsgo-rmuc-2026-region,engineer,3194.0,13050.0,zone:supply:red,,,后方待命,0,0.0,none,0,0,True,True,False,legal wait: no active movement route,0.0,0.083,0.0
304,tarsgo-infantry-1,tarsgo-rmuc-2026-region,infantry,15988.804,14461.054,zone:supply:red,2276.0,12368.0,前往补给区,2,13998.211,active,0,0,True,True,False,moving,0.0,0.283,1456.667
304,tarsgo-infantry-2,tarsgo-rmuc-2026-region,infantry,21972.203,7712.51,zone:supply:red,2924.0,13732.0,前往补给区,3,22932.336,active,0,0,True,True,False,moving,0.0,0.383,1584.425
304,tarsgo-sentry,tarsgo-rmuc-2026-region,sentry,15460.219,14482.905,zone:fortress:red,2925.0,12164.0,占领堡垒,2,12905.942,active,0,0,True,True,False,moving,0.0,1.783,1615.0
304,tarsgo-drone,tarsgo-rmuc-2026-region,drone,24253.997,3253.224,robot:opponent-engineer,,,空中压制敌方工程,0,0.0,none,0,0,True,True,False,legal wait: no active movement route,0.0,0.0,0.0
304,opponent-hero,opponent-rmuc-2026-region,hero,2492.269,999.637,structure:red-base,2407.0,7500.0,进攻基地,1,5511.523,active,0,0,True,True,False,moving,0.0,0.017,190.0
304,opponent-engineer,opponent-rmuc-2026-region,engineer,24806.0,1950.0,zone:supply:blue,,,后方待命,0,0.0,none,0,0,True,True,False,legal wait: no active movement route,0.0,0.0,0.0
304,opponent-infantry-1,opponent-rmuc-2026-region,infantry,23183.746,7107.079,zone:supply:blue,25724.0,2632.0,前往补给区,1,5145.796,active,0,0,True,True,False,moving,0.0,1.117,823.333
304,opponent-infantry-2,opponent-rmuc-2026-region,infantry,15375.771,14056.797,zone:supply:blue,25076.0,1268.0,前往补给区,3,18477.925,active,0,0,True,True,False,moving,0.0,1.783,1386.706
304,opponent-sentry,opponent-rmuc-2026-region,sentry,25075.0,2836.0,zone:fortress:blue,,,占领堡垒,0,0.0,none,0,0,True,True,False,legal wait: no active movement route,0.0,0.0,0.0
304,opponent-drone,opponent-rmuc-2026-region,drone,26000.0,12600.0,,,,空中弹量耗尽,0,0.0,none,0,0,False,False,False,dead/respawning,0.0,0.0,0.0
305,tarsgo-hero,tarsgo-rmuc-2026-region,hero,24050.168,9694.906,zone:supply:red,2006.0,13050.0,前往补给区,3,23786.118,active,0,0,True,False,False,movement permission or chassis power lock,0.0,1.483,0.0
305,tarsgo-engineer,tarsgo-rmuc-2026-region,engineer,3194.0,13050.0,zone:supply:red,,,后方待命,0,0.0,none,0,0,True,True,False,legal wait: no active movement route,0.0,0.083,0.0
305,tarsgo-infantry-1,tarsgo-rmuc-2026-region,infantry,14088.845,14473.62,zone:supply:red,2276.0,12368.0,前往补给区,2,12098.211,active,0,0,True,True,False,moving,0.0,0.283,1900.0
305,tarsgo-infantry-2,tarsgo-rmuc-2026-region,infantry,20994.713,9341.777,zone:supply:red,2924.0,13732.0,前往补给区,3,21032.336,active,0,0,True,True,False,moving,0.0,0.383,1900.0
305,tarsgo-sentry,tarsgo-rmuc-2026-region,sentry,13560.229,14488.965,zone:fortress:red,2925.0,12164.0,占领堡垒,2,11005.942,active,0,0,True,True,False,moving,0.0,1.783,1900.0
305,tarsgo-drone,tarsgo-rmuc-2026-region,drone,24253.997,3253.224,robot:opponent-engineer,,,空中压制敌方工程,0,0.0,none,0,0,True,True,False,legal wait: no active movement route,0.0,0.0,0.0
305,opponent-hero,opponent-rmuc-2026-region,hero,2462.874,2899.41,structure:red-base,2407.0,7500.0,进攻基地,1,3611.523,active,0,0,True,True,False,moving,0.0,0.017,1900.0
305,opponent-engineer,opponent-rmuc-2026-region,engineer,24806.0,1950.0,zone:supply:blue,,,后方待命,0,0.0,none,0,0,True,True,False,legal wait: no active movement route,0.0,0.0,0.0
305,opponent-infantry-1,opponent-rmuc-2026-region,infantry,24121.693,5454.73,zone:supply:blue,25724.0,2632.0,前往补给区,1,3245.796,active,0,0,True,True,False,moving,0.0,1.117,1900.0
305,opponent-infantry-2,opponent-rmuc-2026-region,infantry,15672.182,13850.518,zone:supply:blue,25076.0,1268.0,前往补给区,3,18235.644,active,0,0,True,True,False,moving,0.0,1.783,361.124
305,opponent-sentry,opponent-rmuc-2026-region,sentry,25075.0,2836.0,zone:fortress:blue,,,占领堡垒,0,0.0,none,0,0,True,True,False,legal wait: no active movement route,0.0,0.0,0.0
305,opponent-drone,opponent-rmuc-2026-region,drone,26000.0,12600.0,,,,空中弹量耗尽,0,0.0,none,0,0,False,False,False,dead/respawning,0.0,0.0,0.0
306,tarsgo-hero,tarsgo-rmuc-2026-region,hero,24050.168,9694.906,zone:supply:red,2006.0,13050.0,前往补给区,3,23786.118,active,0,0,True,False,False,movement permission or chassis power lock,0.0,1.483,0.0
306,tarsgo-engineer,tarsgo-rmuc-2026-region,engineer,3194.0,13050.0,zone:supply:red,,,后方待命,0,0.0,none,0,0,True,True,False,legal wait: no active movement route,0.0,0.083,0.0
306,tarsgo-infantry-1,tarsgo-rmuc-2026-region,infantry,12188.887,14486.185,zone:supply:red,2276.0,12368.0,前往补给区,2,10198.211,active,0,0,True,True,False,moving,0.0,0.283,1900.0
306,tarsgo-infantry-2,tarsgo-rmuc-2026-region,infantry,20017.222,10971.045,zone:supply:red,2924.0,13732.0,前往补给区,3,19132.336,active,0,0,True,True,False,moving,0.0,0.383,1900.0
306,tarsgo-sentry,tarsgo-rmuc-2026-region,sentry,11660.238,14495.024,zone:fortress:red,2925.0,12164.0,占领堡垒,2,9105.942,active,0,0,True,True,False,moving,0.0,1.783,1900.0
306,tarsgo-drone,tarsgo-rmuc-2026-region,drone,24253.997,3253.224,robot:opponent-engineer,,,空中压制敌方工程,0,0.0,none,0,0,True,True,False,legal wait: no active movement route,0.0,0.0,0.0
306,opponent-hero,opponent-rmuc-2026-region,hero,2433.479,4799.182,structure:red-base,2407.0,7500.0,进攻基地,1,1711.523,active,0,0,True,True,False,moving,0.0,0.017,1900.0
306,opponent-engineer,opponent-rmuc-2026-region,engineer,24806.0,1950.0,zone:supply:blue,,,后方待命,0,0.0,none,0,0,True,True,False,legal wait: no active movement route,0.0,0.0,0.0
306,opponent-infantry-1,opponent-rmuc-2026-region,infantry,25059.639,3802.381,zone:supply:blue,25724.0,2632.0,前往补给区,1,1345.796,active,0,0,True,True,False,moving,0.0,1.117,1900.0
306,opponent-infantry-2,opponent-rmuc-2026-region,infantry,17496.247,14382.293,zone:supply:blue,25076.0,1268.0,前往补给区,3,16335.644,active,0,0,True,True,False,moving,0.0,1.783,1900.0
306,opponent-sentry,opponent-rmuc-2026-region,sentry,25075.0,2836.0,zone:fortress:blue,,,占领堡垒,0,0.0,none,0,0,True,True,False,legal wait: no active movement route,0.0,0.0,0.0
306,opponent-drone,opponent-rmuc-2026-region,drone,26000.0,12600.0,,,,空中弹量耗尽,0,0.0,none,0,0,False,False,False,dead/respawning,0.0,0.0,0.0
307,tarsgo-hero,tarsgo-rmuc-2026-region,hero,22838.07,10612.086,zone:supply:red,2006.0,13050.0,前往补给区,3,22266.118,active,0,0,True,True,False,moving,0.0,1.483,1520.0
307,tarsgo-engineer,tarsgo-rmuc-2026-region,engineer,3194.0,13050.0,zone:supply:red,,,后方待命,0,0.0,none,0,0,True,True,False,legal wait: no active movement route,0.0,0.083,0.0
307,tarsgo-infantry-1,tarsgo-rmuc-2026-region,infantry,11783.265,14016.223,zone:supply:red,2276.0,12368.0,前往补给区,3,9922.255,active,0,0,True,True,False,moving,0.0,0.283,620.8
307,tarsgo-infantry-2,tarsgo-rmuc-2026-region,infantry,19039.731,12600.312,zone:supply:red,2924.0,13732.0,前往补给区,3,17232.336,active,0,0,True,True,False,moving,0.0,0.383,1900.0
307,tarsgo-sentry,tarsgo-rmuc-2026-region,sentry,10741.91,14497.953,zone:fortress:red,2925.0,12164.0,占领堡垒,2,8187.608,active,0,0,True,False,False,movement permission or chassis power lock,0.0,1.783,918.333
307,tarsgo-drone,tarsgo-rmuc-2026-region,drone,24253.997,3253.224,robot:opponent-engineer,,,空中压制敌方工程,0,0.0,none,0,0,True,True,False,legal wait: no active movement route,0.0,0.0,0.0
307,opponent-hero,opponent-rmuc-2026-region,hero,3013.752,5555.513,zone:supply:blue,25994.0,1950.0,前往补给区,3,25921.393,active,0,0,True,True,False,moving,0.0,0.017,953.285
307,opponent-engineer,opponent-rmuc-2026-region,engineer,24806.0,1950.0,zone:supply:blue,,,后方待命,0,0.0,none,0,0,True,True,False,legal wait: no active movement route,0.0,0.0,0.0
307,opponent-infantry-1,opponent-rmuc-2026-region,infantry,25575.51,2893.59,zone:supply:blue,,,补充弹量,0,0.0,none,0,0,True,True,False,legal wait: no active movement route,0.0,1.117,1045.0
307,opponent-infantry-2,opponent-rmuc-2026-region,infantry,18477.795,13138.055,zone:supply:blue,25076.0,1268.0,前往补给区,2,14435.644,active,0,0,True,True,False,moving,0.0,1.783,1584.791
307,opponent-sentry,opponent-rmuc-2026-region,sentry,25075.0,2836.0,zone:fortress:blue,,,占领堡垒,0,0.0,none,0,0,True,True,False,legal wait: no active movement route,0.0,0.0,0.0
307,opponent-drone,opponent-rmuc-2026-region,drone,26000.0,12600.0,,,,空中弹量耗尽,0,0.0,none,0,0,False,False,False,dead/respawning,0.0,0.0,0.0
308,tarsgo-hero,tarsgo-rmuc-2026-region,hero,21322.948,11758.56,zone:supply:red,2006.0,13050.0,前往补给区,3,20366.118,active,0,0,True,True,False,moving,0.0,1.483,1900.0
308,tarsgo-engineer,tarsgo-rmuc-2026-region,engineer,3194.0,13050.0,zone:supply:red,,,后方待命,0,0.0,none,0,0,True,True,False,legal wait: no active movement route,0.0,0.083,0.0
308,tarsgo-infantry-1,tarsgo-rmuc-2026-region,infantry,11686.322,14235.01,zone:supply:red,2276.0,12368.0,前往补给区,2,9717.581,active,0,0,True,True,False,moving,0.0,0.283,239.302
308,tarsgo-infantry-2,tarsgo-rmuc-2026-region,infantry,18502.112,13496.409,zone:supply:red,2924.0,13732.0,前往补给区,3,16187.336,active,0,0,True,True,True,collision/yield,0.433,0.433,1045.0
308,tarsgo-sentry,tarsgo-rmuc-2026-region,sentry,10741.91,14497.953,zone:fortress:red,2925.0,12164.0,占领堡垒,2,8187.608,active,0,0,True,False,False,movement permission or chassis power lock,0.0,1.783,0.0
308,tarsgo-drone,tarsgo-rmuc-2026-region,drone,24253.997,3253.224,robot:opponent-engineer,,,空中压制敌方工程,0,0.0,none,0,0,True,True,False,legal wait: no active movement route,0.0,0.0,0.0
308,opponent-hero,opponent-rmuc-2026-region,hero,4574.794,4472.394,zone:supply:blue,25994.0,1950.0,前往补给区,3,24021.393,active,0,0,True,True,False,moving,0.0,0.017,1900.0
308,opponent-engineer,opponent-rmuc-2026-region,engineer,24806.0,1950.0,zone:supply:blue,,,后方待命,0,0.0,none,0,0,True,True,False,legal wait: no active movement route,0.0,0.0,0.0
308,opponent-infantry-1,opponent-rmuc-2026-region,infantry,25097.583,4100.758,robot:tarsgo-hero,22383.533,10956.028,追击敌方英雄,1,7372.977,active,0,0,True,True,False,moving,0.0,1.117,1298.333
308,opponent-infantry-2,opponent-rmuc-2026-region,infantry,18212.475,13713.221,zone:supply:blue,25076.0,1268.0,前往补给区,3,15068.767,active,0,0,True,True,True,collision/yield,0.433,1.783,633.412
308,opponent-sentry,opponent-rmuc-2026-region,sentry,25075.0,2836.0,zone:fortress:blue,,,占领堡垒,0,0.0,none,0,0,True,True,False,legal wait: no active movement route,0.0,0.0,0.0
308,opponent-drone,opponent-rmuc-2026-region,drone,26000.0,12600.0,,,,空中弹量耗尽,0,0.0,none,0,0,False,False,False,dead/respawning,0.0,0.0,0.0
309,tarsgo-hero,tarsgo-rmuc-2026-region,hero,19807.825,12905.035,zone:supply:red,2006.0,13050.0,前往补给区,3,18466.118,active,0,0,True,True,False,moving,0.0,1.483,1900.0
309,tarsgo-engineer,tarsgo-rmuc-2026-region,engineer,3194.0,13050.0,zone:supply:red,,,后方待命,0,0.0,none,0,0,True,True,False,legal wait: no active movement route,0.0,0.083,0.0
309,tarsgo-infantry-1,tarsgo-rmuc-2026-region,infantry,11477.712,14535.743,zone:supply:red,2276.0,12368.0,前往补给区,2,9487.454,active,0,0,True,True,False,moving,0.0,0.283,366.003
309,tarsgo-infantry-2,tarsgo-rmuc-2026-region,infantry,18680.784,12660.286,zone:supply:red,2924.0,13732.0,前往补给区,4,17015.522,active,0,0,True,True,True,collision/yield,0.55,0.55,855.0
309,tarsgo-sentry,tarsgo-rmuc-2026-region,sentry,10741.91,14497.953,zone:fortress:red,2925.0,12164.0,占领堡垒,2,8187.608,active,0,0,True,False,False,movement permission or chassis power lock,0.0,1.783,0.0
309,tarsgo-drone,tarsgo-rmuc-2026-region,drone,24253.997,3253.224,robot:opponent-engineer,,,空中压制敌方工程,0,0.0,none,0,0,True,True,False,legal wait: no active movement route,0.0,0.0,0.0
309,opponent-hero,opponent-rmuc-2026-region,hero,6135.837,3389.276,zone:supply:blue,25994.0,1950.0,前往补给区,3,22121.393,active,0,0,True,True,False,moving,0.0,0.017,1900.0
309,opponent-engineer,opponent-rmuc-2026-region,engineer,24806.0,1950.0,zone:supply:blue,,,后方待命,0,0.0,none,0,0,True,True,False,legal wait: no active movement route,0.0,0.0,0.0
309,opponent-infantry-1,opponent-rmuc-2026-region,infantry,24234.013,5791.582,robot:tarsgo-hero,20110.85,12675.74,追击敌方英雄,1,8024.469,active,0,0,True,True,False,moving,0.0,1.117,1898.589
309,opponent-infantry-2,opponent-rmuc-2026-region,infantry,18522.719,12984.878,zone:supply:blue,25076.0,1268.0,前往补给区,2,14277.1,active,0,0,True,True,True,collision/yield,0.55,1.783,791.667
309,opponent-sentry,opponent-rmuc-2026-region,sentry,25075.0,2836.0,zone:fortress:blue,,,占领堡垒,0,0.0,none,0,0,True,True,False,legal wait: no active movement route,0.0,0.0,0.0
309,opponent-drone,opponent-rmuc-2026-region,drone,26000.0,12600.0,,,,空中弹量耗尽,0,0.0,none,0,0,False,False,False,dead/respawning,0.0,0.0,0.0
310,tarsgo-hero,tarsgo-rmuc-2026-region,hero,19025.012,13497.38,zone:supply:red,2006.0,13050.0,前往补给区,3,17484.451,active,0,0,True,True,True,collision/yield,0.483,1.483,981.667
310,tarsgo-engineer,tarsgo-rmuc-2026-region,engineer,3194.0,13050.0,zone:supply:red,,,后方待命,0,0.0,none,0,0,True,True,False,legal wait: no active movement route,0.0,0.083,0.0
310,tarsgo-infantry-1,tarsgo-rmuc-2026-region,infantry,11181.238,14242.208,zone:supply:red,2276.0,12368.0,前往补给区,2,9220.823,active,0,0,True,True,False,moving,0.0,0.283,417.205
310,tarsgo-infantry-2,tarsgo-rmuc-2026-region,infantry,17950.869,14380.139,zone:supply:red,2924.0,13732.0,前往补给区,3,15147.189,active,0,0,True,True,False,moving,0.0,0.567,1868.333
310,tarsgo-sentry,tarsgo-rmuc-2026-region,sentry,10741.91,14497.953,zone:fortress:red,2925.0,12164.0,占领堡垒,2,8187.608,active,0,0,True,False,False,movement permission or chassis power lock,0.0,1.783,0.0
310,tarsgo-drone,tarsgo-rmuc-2026-region,drone,24253.997,3253.224,robot:opponent-engineer,,,空中压制敌方工程,0,0.0,none,0,0,True,True,False,legal wait: no active movement route,0.0,0.0,0.0
310,opponent-hero,opponent-rmuc-2026-region,hero,7696.88,2306.157,zone:supply:blue,25994.0,1950.0,前往补给区,3,20221.393,active,0,0,True,True,False,moving,0.0,0.017,1900.0
310,opponent-engineer,opponent-rmuc-2026-region,engineer,24806.0,1950.0,zone:supply:blue,,,后方待命,0,0.0,none,0,0,True,True,False,legal wait: no active movement route,0.0,0.0,0.0
310,opponent-infantry-1,opponent-rmuc-2026-region,infantry,23214.825,7394.034,robot:tarsgo-hero,19025.012,13497.38,追击敌方英雄,1,7403.064,active,0,0,True,True,False,moving,0.0,1.117,1899.105
310,opponent-infantry-2,opponent-rmuc-2026-region,infantry,18713.139,13709.204,zone:supply:blue,25076.0,1268.0,前往补给区,5,15225.901,active,0,0,True,True,True,collision/yield,0.483,1.783,748.938
310,opponent-sentry,opponent-rmuc-2026-region,sentry,25075.0,2836.0,zone:fortress:blue,,,占领堡垒,0,0.0,none,0,0,True,True,False,legal wait: no active movement route,0.0,0.0,0.0
310,opponent-drone,opponent-rmuc-2026-region,drone,26000.0,12600.0,,,,空中弹量耗尽,0,0.0,none,0,0,False,False,False,dead/respawning,0.0,0.0,0.0
311,tarsgo-hero,tarsgo-rmuc-2026-region,hero,19318.417,12694.299,zone:supply:red,2006.0,13050.0,前往补给区,5,18389.244,active,0,0,True,True,True,collision/yield,0.55,1.483,855.0
311,tarsgo-engineer,tarsgo-rmuc-2026-region,engineer,3194.0,13050.0,zone:supply:red,,,后方待命,0,0.0,none,0,0,True,True,False,legal wait: no active movement route,0.0,0.083,0.0
311,tarsgo-infantry-1,tarsgo-rmuc-2026-region,infantry,11234.681,14471.249,zone:supply:red,2276.0,12368.0,前往补给区,3,10653.552,active,0,0,True,True,False,moving,0.0,0.283,235.193
311,tarsgo-infantry-2,tarsgo-rmuc-2026-region,infantry,16130.209,14500.0,zone:supply:red,2924.0,13732.0,前往补给区,2,13247.189,active,0,0,True,True,False,moving,0.0,0.567,1824.602
311,tarsgo-sentry,tarsgo-rmuc-2026-region,sentry,10741.91,14497.953,zone:fortress:red,2925.0,12164.0,占领堡垒,2,8187.608,active,0,0,True,False,False,movement permission or chassis power lock,0.0,1.783,0.0
311,tarsgo-drone,tarsgo-rmuc-2026-region,drone,24253.997,3253.224,robot:opponent-engineer,,,空中压制敌方工程,0,0.0,none,0,0,True,True,False,legal wait: no active movement route,0.0,0.0,0.0
311,opponent-hero,opponent-rmuc-2026-region,hero,9257.922,1223.039,zone:supply:blue,25994.0,1950.0,前往补给区,3,18321.393,active,0,0,True,True,False,moving,0.0,0.017,1900.0
311,opponent-engineer,opponent-rmuc-2026-region,engineer,24806.0,1950.0,zone:supply:blue,,,后方待命,0,0.0,none,0,0,True,True,False,legal wait: no active movement route,0.0,0.0,0.0
311,opponent-infantry-1,opponent-rmuc-2026-region,infantry,22114.96,8943.199,robot:tarsgo-hero,19220.615,12961.993,追击敌方英雄,1,4952.569,active,0,0,True,True,False,moving,0.0,1.117,1899.898
311,opponent-infantry-2,opponent-rmuc-2026-region,infantry,19019.174,12910.851,zone:supply:blue,25076.0,1268.0,前往补给区,5,14370.901,active,0,0,True,True,True,collision/yield,0.55,1.783,855.0
311,opponent-sentry,opponent-rmuc-2026-region,sentry,25075.0,2836.0,zone:fortress:blue,,,占领堡垒,0,0.0,none,0,0,True,True,False,legal wait: no active movement route,0.0,0.0,0.0
311,opponent-drone,opponent-rmuc-2026-region,drone,26000.0,12600.0,,,,空中弹量耗尽,0,0.0,none,0,0,False,False,False,dead/respawning,0.0,0.0,0.0
312,tarsgo-hero,tarsgo-rmuc-2026-region,hero,19318.417,12694.299,zone:supply:red,2006.0,13050.0,前往补给区,5,18389.244,active,0,0,True,True,True,collision/yield,1.55,1.55,0.0
312,tarsgo-engineer,tarsgo-rmuc-2026-region,engineer,3194.0,13050.0,zone:supply:red,,,后方待命,0,0.0,none,0,0,True,True,False,legal wait: no active movement route,0.0,0.083,0.0
312,tarsgo-infantry-1,tarsgo-rmuc-2026-region,infantry,10736.549,14599.466,zone:supply:red,2276.0,12368.0,前往补给区,2,8753.552,active,0,0,True,True,False,moving,0.0,0.283,514.368
312,tarsgo-infantry-2,tarsgo-rmuc-2026-region,infantry,14230.209,14500.0,zone:supply:red,2924.0,13732.0,前往补给区,2,11347.189,active,0,0,True,True,False,moving,0.0,0.567,1900.0
312,tarsgo-sentry,tarsgo-rmuc-2026-region,sentry,9807.048,14404.622,zone:fortress:red,2925.0,12164.0,占领堡垒,1,7237.608,active,0,0,True,True,False,moving,0.0,1.783,939.509
312,tarsgo-drone,tarsgo-rmuc-2026-region,drone,24253.997,3253.224,robot:opponent-engineer,,,空中压制敌方工程,0,0.0,none,0,0,True,True,False,legal wait: no active movement route,0.0,0.0,0.0
312,opponent-hero,opponent-rmuc-2026-region,hero,9853.784,756.3,zone:supply:blue,25994.0,1950.0,前往补给区,3,17608.448,active,0,0,True,True,False,moving,0.0,0.017,756.899
312,opponent-engineer,opponent-rmuc-2026-region,engineer,24806.0,1950.0,zone:supply:blue,,,后方待命,0,0.0,none,0,0,True,True,False,legal wait: no active movement route,0.0,0.0,0.0
312,opponent-infantry-1,opponent-rmuc-2026-region,infantry,20980.095,10467.021,robot:tarsgo-hero,19318.417,12694.299,追击敌方英雄,1,2778.839,active,0,0,True,True,False,moving,0.0,1.117,1899.987
312,opponent-infantry-2,opponent-rmuc-2026-region,infantry,19019.174,12910.851,zone:supply:blue,25076.0,1268.0,前往补给区,5,14370.901,active,0,0,True,True,True,collision/yield,1.55,1.783,0.0
312,opponent-sentry,opponent-rmuc-2026-region,sentry,25075.0,2836.0,zone:fortress:blue,,,占领堡垒,0,0.0,none,0,0,True,True,False,legal wait: no active movement route,0.0,0.0,0.0
312,opponent-drone,opponent-rmuc-2026-region,drone,26000.0,12600.0,,,,空中弹量耗尽,0,0.0,none,0,0,False,False,False,dead/respawning,0.0,0.0,0.0
313,tarsgo-hero,tarsgo-rmuc-2026-region,hero,19582.181,11330.602,zone:supply:red,2006.0,13050.0,前往补给区,4,20221.676,active,0,0,True,True,False,moving,0.0,1.817,1388.971
313,tarsgo-engineer,tarsgo-rmuc-2026-region,engineer,3194.0,13050.0,zone:supply:red,,,后方待命,0,0.0,none,0,0,True,True,False,legal wait: no active movement route,0.0,0.083,0.0
313,tarsgo-infantry-1,tarsgo-rmuc-2026-region,infantry,8888.449,14169.859,zone:supply:red,2276.0,12368.0,前往补给区,1,6853.552,active,0,0,True,True,False,moving,0.0,0.283,1897.376
313,tarsgo-infantry-2,tarsgo-rmuc-2026-region,infantry,12330.209,14500.0,zone:supply:red,2924.0,13732.0,前往补给区,2,9447.189,active,0,0,True,True,False,moving,0.0,0.567,1900.0
313,tarsgo-sentry,tarsgo-rmuc-2026-region,sentry,8000.389,13816.419,zone:fortress:red,2925.0,12164.0,占领堡垒,1,5337.608,active,0,0,True,True,False,moving,0.0,1.783,1900.0
313,tarsgo-drone,tarsgo-rmuc-2026-region,drone,24253.997,3253.224,robot:opponent-engineer,,,空中压制敌方工程,0,0.0,none,0,0,True,True,False,legal wait: no active movement route,0.0,0.0,0.0
313,opponent-hero,opponent-rmuc-2026-region,hero,11644.596,500.0,zone:supply:blue,25994.0,1950.0,前往补给区,2,15708.448,active,0,0,True,True,False,moving,0.0,0.017,1809.06
313,opponent-engineer,opponent-rmuc-2026-region,engineer,24806.0,1950.0,zone:supply:blue,,,后方待命,0,0.0,none,0,0,True,True,False,legal wait: no active movement route,0.0,0.0,0.0
313,opponent-infantry-1,opponent-rmuc-2026-region,infantry,20734.397,10682.463,zone:supply:blue,25724.0,2632.0,前往补给区,1,9471.33,active,0,0,True,True,False,moving,0.0,1.117,326.776
313,opponent-infantry-2,opponent-rmuc-2026-region,infantry,19431.91,11679.899,zone:supply:blue,25076.0,1268.0,前往补给区,2,13120.181,active,0,0,True,True,False,moving,0.0,1.817,1298.304
313,opponent-sentry,opponent-rmuc-2026-region,sentry,25075.0,2836.0,zone:fortress:blue,,,占领堡垒,0,0.0,none,0,0,True,True,False,legal wait: no active movement route,0.0,0.0,0.0
313,opponent-drone,opponent-rmuc-2026-region,drone,26000.0,12600.0,,,,空中弹量耗尽,0,0.0,none,0,0,False,False,False,dead/respawning,0.0,0.0,0.0
314,tarsgo-hero,tarsgo-rmuc-2026-region,hero,18941.109,12379.654,zone:supply:red,2006.0,13050.0,前往补给区,3,18385.009,active,0,0,True,True,False,moving,0.0,1.817,1229.424
314,tarsgo-engineer,tarsgo-rmuc-2026-region,engineer,3194.0,13050.0,zone:supply:red,,,后方待命,0,0.0,none,0,0,True,True,False,legal wait: no active movement route,0.0,0.083,0.0
314,tarsgo-infantry-1,tarsgo-rmuc-2026-region,infantry,7055.29,13670.332,zone:supply:red,2276.0,12368.0,前往补给区,1,4953.552,active,0,0,True,True,False,moving,0.0,0.283,1900.0
314,tarsgo-infantry-2,tarsgo-rmuc-2026-region,infantry,10430.209,14500.0,zone:supply:red,2924.0,13732.0,前往补给区,2,7547.189,active,0,0,True,True,False,moving,0.0,0.567,1900.0
314,tarsgo-sentry,tarsgo-rmuc-2026-region,sentry,6193.73,13228.216,zone:fortress:red,2925.0,12164.0,占领堡垒,1,3437.608,active,0,0,True,True,False,moving,0.0,1.783,1900.0
314,tarsgo-drone,tarsgo-rmuc-2026-region,drone,24253.997,3253.224,robot:opponent-engineer,,,空中压制敌方工程,0,0.0,none,0,0,True,True,False,legal wait: no active movement route,0.0,0.0,0.0
314,opponent-hero,opponent-rmuc-2026-region,hero,13544.596,500.0,zone:supply:blue,25994.0,1950.0,前往补给区,2,13808.448,active,0,0,True,True,False,moving,0.0,0.017,1900.0
314,opponent-engineer,opponent-rmuc-2026-region,engineer,24806.0,1950.0,zone:supply:blue,,,后方待命,0,0.0,none,0,0,True,True,False,legal wait: no active movement route,0.0,0.0,0.0
314,opponent-infantry-1,opponent-rmuc-2026-region,infantry,21735.338,9067.497,zone:supply:blue,25724.0,2632.0,前往补给区,1,7571.33,active,0,0,True,True,False,moving,0.0,1.117,1900.0
314,opponent-infantry-2,opponent-rmuc-2026-region,infantry,18653.509,12630.461,zone:supply:blue,25076.0,1268.0,前往补给区,3,14529.588,active,0,0,True,True,False,moving,0.0,1.817,1228.607
314,opponent-sentry,opponent-rmuc-2026-region,sentry,25075.0,2836.0,zone:fortress:blue,,,占领堡垒,0,0.0,none,0,0,True,True,False,legal wait: no active movement route,0.0,0.0,0.0
314,opponent-drone,opponent-rmuc-2026-region,drone,26000.0,12600.0,,,,空中弹量耗尽,0,0.0,none,0,0,False,False,False,dead/respawning,0.0,0.0,0.0
315,tarsgo-hero,tarsgo-rmuc-2026-region,hero,18676.787,10898.266,zone:supply:red,2006.0,13050.0,前往补给区,3,19707.402,active,0,0,True,True,False,moving,0.0,1.817,1504.785
315,tarsgo-engineer,tarsgo-rmuc-2026-region,engineer,3194.0,13050.0,zone:supply:red,,,后方待命,0,0.0,none,0,0,True,True,False,legal wait: no active movement route,0.0,0.083,0.0
315,tarsgo-infantry-1,tarsgo-rmuc-2026-region,infantry,5222.13,13170.805,zone:supply:red,2276.0,12368.0,前往补给区,1,3053.552,active,0,0,True,True,False,moving,0.0,0.283,1900.0
315,tarsgo-infantry-2,tarsgo-rmuc-2026-region,infantry,9893.057,14477.852,zone:supply:red,2924.0,13732.0,前往补给区,1,7008.855,active,0,0,True,False,False,movement permission or chassis power lock,0.0,0.567,537.608
315,tarsgo-sentry,tarsgo-rmuc-2026-region,sentry,4387.071,12640.014,zone:fortress:red,2925.0,12164.0,占领堡垒,1,1537.608,active,0,0,True,True,False,moving,0.0,1.783,1900.0
315,tarsgo-drone,tarsgo-rmuc-2026-region,drone,24253.997,3253.224,robot:opponent-engineer,,,空中压制敌方工程,0,0.0,none,0,0,True,True,False,legal wait: no active movement route,0.0,0.0,0.0
315,opponent-hero,opponent-rmuc-2026-region,hero,15444.596,500.0,zone:supply:blue,25994.0,1950.0,前往补给区,2,11908.448,active,0,0,True,True,False,moving,0.0,0.017,1900.0
315,opponent-engineer,opponent-rmuc-2026-region,engineer,24806.0,1950.0,zone:supply:blue,,,后方待命,0,0.0,none,0,0,True,True,False,legal wait: no active movement route,0.0,0.0,0.0
315,opponent-infantry-1,opponent-rmuc-2026-region,infantry,22736.28,7452.53,zone:supply:blue,25724.0,2632.0,前往补给区,1,5671.33,active,0,0,True,True,False,moving,0.0,1.117,1900.0
315,opponent-infantry-2,opponent-rmuc-2026-region,infantry,18934.888,11890.407,zone:supply:blue,25076.0,1268.0,前往补给区,2,13484.588,active,0,0,True,False,False,movement permission or chassis power lock,0.0,1.817,791.741
315,opponent-sentry,opponent-rmuc-2026-region,sentry,25075.0,2836.0,zone:fortress:blue,,,占领堡垒,0,0.0,none,0,0,True,True,False,legal wait: no active movement route,0.0,0.0,0.0
315,opponent-drone,opponent-rmuc-2026-region,drone,26000.0,12600.0,,,,空中弹量耗尽,0,0.0,none,0,0,False,False,False,dead/respawning,0.0,0.0,0.0
316,tarsgo-hero,tarsgo-rmuc-2026-region,hero,18276.224,12755.562,zone:supply:red,2006.0,13050.0,前往补给区,3,17807.402,active,0,0,True,True,False,moving,0.0,1.817,1900.0
316,tarsgo-engineer,tarsgo-rmuc-2026-region,engineer,3194.0,13050.0,zone:supply:red,,,后方待命,0,0.0,none,0,0,True,True,False,legal wait: no active movement route,0.0,0.083,0.0
316,tarsgo-infantry-1,tarsgo-rmuc-2026-region,infantry,4886.051,13079.226,zone:supply:red,2276.0,12368.0,前往补给区,1,2705.219,active,0,0,True,False,False,movement permission or chassis power lock,0.0,0.283,348.333
316,tarsgo-infantry-2,tarsgo-rmuc-2026-region,infantry,9893.057,14477.852,zone:supply:red,2924.0,13732.0,前往补给区,1,7008.855,active,0,0,True,False,False,movement permission or chassis power lock,0.0,0.567,0.0
316,tarsgo-sentry,tarsgo-rmuc-2026-region,sentry,2941.743,12169.451,zone:fortress:red,,,占领堡垒,0,0.0,none,0,0,True,True,False,legal wait: no active movement route,0.0,1.783,1520.0
316,tarsgo-drone,tarsgo-rmuc-2026-region,drone,24253.997,3253.224,robot:opponent-engineer,,,空中压制敌方工程,0,0.0,none,0,0,True,True,False,legal wait: no active movement route,0.0,0.0,0.0
316,opponent-hero,opponent-rmuc-2026-region,hero,17344.596,500.0,zone:supply:blue,25994.0,1950.0,前往补给区,2,10008.448,active,0,0,True,True,False,moving,0.0,0.017,1900.0
316,opponent-engineer,opponent-rmuc-2026-region,engineer,24806.0,1950.0,zone:supply:blue,,,后方待命,0,0.0,none,0,0,True,True,False,legal wait: no active movement route,0.0,0.0,0.0
316,opponent-infantry-1,opponent-rmuc-2026-region,infantry,23737.221,5837.564,zone:supply:blue,25724.0,2632.0,前往补给区,1,3771.33,active,0,0,True,True,False,moving,0.0,1.117,1900.0
316,opponent-infantry-2,opponent-rmuc-2026-region,infantry,18934.888,11890.407,zone:supply:blue,25076.0,1268.0,前往补给区,2,13484.588,active,0,0,True,False,False,movement permission or chassis power lock,0.0,1.817,0.0
316,opponent-sentry,opponent-rmuc-2026-region,sentry,25075.0,2836.0,zone:fortress:blue,,,占领堡垒,0,0.0,none,0,0,True,True,False,legal wait: no active movement route,0.0,0.0,0.0
316,opponent-drone,opponent-rmuc-2026-region,drone,26000.0,12600.0,,,,空中弹量耗尽,0,0.0,none,0,0,False,False,False,dead/respawning,0.0,0.0,0.0
317,tarsgo-hero,tarsgo-rmuc-2026-region,hero,17784.547,14500.0,zone:supply:red,2006.0,13050.0,前往补给区,2,15907.402,active,0,0,True,True,False,moving,0.0,1.817,1812.404
317,tarsgo-engineer,tarsgo-rmuc-2026-region,engineer,3194.0,13050.0,zone:supply:red,,,后方待命,0,0.0,none,0,0,True,True,False,legal wait: no active movement route,0.0,0.083,0.0
317,tarsgo-infantry-1,tarsgo-rmuc-2026-region,infantry,4886.051,13079.226,zone:supply:red,2276.0,12368.0,前往补给区,1,2705.219,active,0,0,True,False,False,movement permission or chassis power lock,0.0,0.283,0.0
317,tarsgo-infantry-2,tarsgo-rmuc-2026-region,infantry,9893.057,14477.852,zone:supply:red,2924.0,13732.0,前往补给区,1,7008.855,active,0,0,True,False,False,movement permission or chassis power lock,0.0,0.567,0.0
317,tarsgo-sentry,tarsgo-rmuc-2026-region,sentry,2941.743,12169.451,zone:fortress:red,,,占领堡垒,0,0.0,none,0,0,True,True,False,legal wait: no active movement route,0.0,1.783,0.0
317,tarsgo-drone,tarsgo-rmuc-2026-region,drone,24253.997,3253.224,robot:opponent-engineer,,,空中压制敌方工程,0,0.0,none,0,0,True,True,False,legal wait: no active movement route,0.0,0.0,0.0
317,opponent-hero,opponent-rmuc-2026-region,hero,19244.596,500.0,zone:supply:blue,25994.0,1950.0,前往补给区,2,8108.448,active,0,0,True,True,False,moving,0.0,0.017,1900.0
317,opponent-engineer,opponent-rmuc-2026-region,engineer,24806.0,1950.0,zone:supply:blue,,,后方待命,0,0.0,none,0,0,True,True,False,legal wait: no active movement route,0.0,0.0,0.0
317,opponent-infantry-1,opponent-rmuc-2026-region,infantry,24738.162,4222.597,zone:supply:blue,25724.0,2632.0,前往补给区,1,1871.33,active,0,0,True,True,False,moving,0.0,1.117,1900.0
317,opponent-infantry-2,opponent-rmuc-2026-region,infantry,18934.888,11890.407,zone:supply:blue,25076.0,1268.0,前往补给区,2,13484.588,active,0,0,True,False,False,movement permission or chassis power lock,0.0,1.817,0.0
317,opponent-sentry,opponent-rmuc-2026-region,sentry,25075.0,2836.0,zone:fortress:blue,,,占领堡垒,0,0.0,none,0,0,True,True,False,legal wait: no active movement route,0.0,0.0,0.0
317,opponent-drone,opponent-rmuc-2026-region,drone,26000.0,12600.0,,,,空中弹量耗尽,0,0.0,none,0,0,False,False,False,dead/respawning,0.0,0.0,0.0
318,tarsgo-hero,tarsgo-rmuc-2026-region,hero,15884.547,14500.0,zone:supply:red,2006.0,13050.0,前往补给区,2,14007.402,active,0,0,True,True,False,moving,0.0,1.817,1900.0
318,tarsgo-engineer,tarsgo-rmuc-2026-region,engineer,3194.0,13050.0,zone:supply:red,,,后方待命,0,0.0,none,0,0,True,True,False,legal wait: no active movement route,0.0,0.083,0.0
318,tarsgo-infantry-1,tarsgo-rmuc-2026-region,infantry,4886.051,13079.226,zone:supply:red,2276.0,12368.0,前往补给区,1,2705.219,active,0,0,True,False,False,movement permission or chassis power lock,0.0,0.283,0.0
318,tarsgo-infantry-2,tarsgo-rmuc-2026-region,infantry,9893.057,14477.852,zone:supply:red,2924.0,13732.0,前往补给区,1,7008.855,active,0,0,True,False,False,movement permission or chassis power lock,0.0,0.567,0.0
318,tarsgo-sentry,tarsgo-rmuc-2026-region,sentry,2941.743,12169.451,zone:fortress:red,,,占领堡垒,0,0.0,none,0,0,True,True,False,legal wait: no active movement route,0.0,1.783,0.0
318,tarsgo-drone,tarsgo-rmuc-2026-region,drone,24253.997,3253.224,robot:opponent-engineer,,,空中压制敌方工程,0,0.0,none,0,0,True,True,False,legal wait: no active movement route,0.0,0.0,0.0
318,opponent-hero,opponent-rmuc-2026-region,hero,21144.596,500.0,zone:supply:blue,25994.0,1950.0,前往补给区,2,6208.448,active,0,0,True,True,False,moving,0.0,0.017,1900.0
318,opponent-engineer,opponent-rmuc-2026-region,engineer,24806.0,1950.0,zone:supply:blue,,,后方待命,0,0.0,none,0,0,True,True,False,legal wait: no active movement route,0.0,0.0,0.0
318,opponent-infantry-1,opponent-rmuc-2026-region,infantry,25538.915,2930.624,zone:supply:blue,,,补充弹量,0,0.0,none,0,0,True,True,False,legal wait: no active movement route,0.0,1.117,1520.0
318,opponent-infantry-2,opponent-rmuc-2026-region,infantry,18934.888,11890.407,zone:supply:blue,25076.0,1268.0,前往补给区,2,13484.588,active,0,0,True,False,False,movement permission or chassis power lock,0.0,1.817,0.0
318,opponent-sentry,opponent-rmuc-2026-region,sentry,25075.0,2836.0,zone:fortress:blue,,,占领堡垒,0,0.0,none,0,0,True,True,False,legal wait: no active movement route,0.0,0.0,0.0
318,opponent-drone,opponent-rmuc-2026-region,drone,26000.0,12600.0,,,,空中弹量耗尽,0,0.0,none,0,0,False,False,False,dead/respawning,0.0,0.0,0.0
319,tarsgo-hero,tarsgo-rmuc-2026-region,hero,15536.214,14500.0,zone:supply:red,2006.0,13050.0,前往补给区,2,13659.068,active,0,0,True,False,False,movement permission or chassis power lock,0.0,1.817,348.333
319,tarsgo-engineer,tarsgo-rmuc-2026-region,engineer,3194.0,13050.0,zone:supply:red,,,后方待命,0,0.0,none,0,0,True,True,False,legal wait: no active movement route,0.0,0.083,0.0
319,tarsgo-infantry-1,tarsgo-rmuc-2026-region,infantry,4886.051,13079.226,zone:supply:red,2276.0,12368.0,前往补给区,1,2705.219,active,0,0,True,False,False,movement permission or chassis power lock,0.0,0.283,0.0
319,tarsgo-infantry-2,tarsgo-rmuc-2026-region,infantry,9893.057,14477.852,zone:supply:red,2924.0,13732.0,前往补给区,1,7008.855,active,0,0,True,False,False,movement permission or chassis power lock,0.0,0.567,0.0
319,tarsgo-sentry,tarsgo-rmuc-2026-region,sentry,2941.743,12169.451,zone:fortress:red,,,占领堡垒,0,0.0,none,0,0,True,True,False,legal wait: no active movement route,0.0,1.783,0.0
319,tarsgo-drone,tarsgo-rmuc-2026-region,drone,24253.997,3253.224,robot:opponent-engineer,,,空中压制敌方工程,0,0.0,none,0,0,True,True,False,legal wait: no active movement route,0.0,0.0,0.0
319,opponent-hero,opponent-rmuc-2026-region,hero,23044.596,500.0,zone:supply:blue,25994.0,1950.0,前往补给区,2,4308.448,active,0,0,True,True,False,moving,0.0,0.017,1900.0
319,opponent-engineer,opponent-rmuc-2026-region,engineer,24806.0,1950.0,zone:supply:blue,,,后方待命,0,0.0,none,0,0,True,True,False,legal wait: no active movement route,0.0,0.0,0.0
319,opponent-infantry-1,opponent-rmuc-2026-region,infantry,25137.604,3538.422,robot:tarsgo-hero,15536.214,14500.0,追击敌方英雄,2,15499.2,active,0,0,True,True,False,moving,0.0,1.117,728.333
319,opponent-infantry-2,opponent-rmuc-2026-region,infantry,18934.888,11890.407,zone:supply:blue,25076.0,1268.0,前往补给区,2,13484.588,active,0,0,True,False,False,movement permission or chassis power lock,0.0,1.817,0.0
319,opponent-sentry,opponent-rmuc-2026-region,sentry,25075.0,2836.0,zone:fortress:blue,,,占领堡垒,0,0.0,none,0,0,True,True,False,legal wait: no active movement route,0.0,0.0,0.0
319,opponent-drone,opponent-rmuc-2026-region,drone,26000.0,12600.0,,,,空中弹量耗尽,0,0.0,none,0,0,False,False,False,dead/respawning,0.0,0.0,0.0
320,tarsgo-hero,tarsgo-rmuc-2026-region,hero,15536.214,14500.0,zone:supply:red,2006.0,13050.0,前往补给区,2,13659.068,active,0,0,True,False,False,movement permission or chassis power lock,0.0,1.817,0.0
320,tarsgo-engineer,tarsgo-rmuc-2026-region,engineer,3194.0,13050.0,zone:supply:red,,,后方待命,0,0.0,none,0,0,True,True,False,legal wait: no active movement route,0.0,0.083,0.0
320,tarsgo-infantry-1,tarsgo-rmuc-2026-region,infantry,4886.051,13079.226,zone:supply:red,2276.0,12368.0,前往补给区,1,2705.219,active,0,0,True,False,False,movement permission or chassis power lock,0.0,0.283,0.0
320,tarsgo-infantry-2,tarsgo-rmuc-2026-region,infantry,8570.609,14336.319,zone:supply:red,2924.0,13732.0,前往补给区,1,5678.855,active,0,0,True,True,False,moving,0.0,0.567,1330.0
320,tarsgo-sentry,tarsgo-rmuc-2026-region,sentry,2941.743,12169.451,zone:fortress:red,,,占领堡垒,0,0.0,none,0,0,True,True,False,legal wait: no active movement route,0.0,1.783,0.0
320,tarsgo-drone,tarsgo-rmuc-2026-region,drone,24253.997,3253.224,robot:opponent-engineer,,,空中压制敌方工程,0,0.0,none,0,0,True,True,False,legal wait: no active movement route,0.0,0.0,0.0
320,opponent-hero,opponent-rmuc-2026-region,hero,24944.596,500.0,zone:supply:blue,25994.0,1950.0,前往补给区,2,2408.448,active,0,0,True,True,False,moving,0.0,0.017,1900.0
320,opponent-engineer,opponent-rmuc-2026-region,engineer,24806.0,1950.0,zone:supply:blue,,,后方待命,0,0.0,none,0,0,True,True,False,legal wait: no active movement route,0.0,0.0,0.0
320,opponent-infantry-1,opponent-rmuc-2026-region,infantry,24090.706,5123.983,robot:tarsgo-hero,15536.214,14500.0,追击敌方英雄,2,13599.2,active,0,0,True,True,False,moving,0.0,1.117,1900.0
320,opponent-infantry-2,opponent-rmuc-2026-region,infantry,19201.372,11178.658,zone:supply:blue,25076.0,1268.0,前往补给区,2,12724.588,active,0,0,True,True,False,moving,0.0,1.817,760.0
320,opponent-sentry,opponent-rmuc-2026-region,sentry,25075.0,2836.0,zone:fortress:blue,,,占领堡垒,0,0.0,none,0,0,True,True,False,legal wait: no active movement route,0.0,0.0,0.0
320,opponent-drone,opponent-rmuc-2026-region,drone,26000.0,12600.0,,,,空中弹量耗尽,0,0.0,none,0,0,False,False,False,dead/respawning,0.0,0.0,0.0
321,tarsgo-hero,tarsgo-rmuc-2026-region,hero,15536.214,14500.0,zone:supply:red,2006.0,13050.0,前往补给区,2,13659.068,active,0,0,True,False,False,movement permission or chassis power lock,0.0,1.817,0.0
321,tarsgo-engineer,tarsgo-rmuc-2026-region,engineer,3194.0,13050.0,zone:supply:red,,,后方待命,0,0.0,none,0,0,True,True,False,legal wait: no active movement route,0.0,0.083,0.0
321,tarsgo-infantry-1,tarsgo-rmuc-2026-region,infantry,3419.524,12679.604,zone:supply:red,2276.0,12368.0,前往补给区,1,1185.219,active,0,0,True,True,False,moving,0.0,0.283,1520.0
321,tarsgo-infantry-2,tarsgo-rmuc-2026-region,infantry,6681.398,14134.13,zone:supply:red,2924.0,13732.0,前往补给区,1,3778.855,active,0,0,True,True,False,moving,0.0,0.567,1900.0
321,tarsgo-sentry,tarsgo-rmuc-2026-region,sentry,2941.743,12169.451,zone:fortress:red,,,占领堡垒,0,0.0,none,0,0,True,True,False,legal wait: no active movement route,0.0,1.783,0.0
321,tarsgo-drone,tarsgo-rmuc-2026-region,drone,24253.997,3253.224,robot:opponent-engineer,,,空中压制敌方工程,0,0.0,none,0,0,True,True,False,legal wait: no active movement route,0.0,0.0,0.0
321,opponent-hero,opponent-rmuc-2026-region,hero,25166.262,500.0,structure:red-base,,,进攻基地,0,0.0,searching,4,4,True,True,False,waiting for path search,0.0,0.017,221.667
321,opponent-engineer,opponent-rmuc-2026-region,engineer,24806.0,1950.0,zone:supply:blue,,,后方待命,0,0.0,none,0,0,True,True,False,legal wait: no active movement route,0.0,0.0,0.0
321,opponent-infantry-1,opponent-rmuc-2026-region,infantry,23043.807,6709.544,robot:tarsgo-hero,15536.214,14500.0,追击敌方英雄,2,11699.2,active,0,0,True,True,False,moving,0.0,1.117,1900.0
321,opponent-infantry-2,opponent-rmuc-2026-region,infantry,19867.579,9399.286,zone:supply:blue,25076.0,1268.0,前往补给区,2,10824.588,active,0,0,True,True,False,moving,0.0,1.817,1900.0
321,opponent-sentry,opponent-rmuc-2026-region,sentry,25075.0,2836.0,zone:fortress:blue,,,占领堡垒,0,0.0,none,0,0,True,True,False,legal wait: no active movement route,0.0,0.0,0.0
321,opponent-drone,opponent-rmuc-2026-region,drone,26000.0,12600.0,,,,空中弹量耗尽,0,0.0,none,0,0,False,False,False,dead/respawning,0.0,0.0,0.0
322,tarsgo-hero,tarsgo-rmuc-2026-region,hero,15536.214,14500.0,zone:supply:red,2006.0,13050.0,前往补给区,2,13659.068,active,0,0,True,False,False,movement permission or chassis power lock,0.0,1.817,0.0
322,tarsgo-engineer,tarsgo-rmuc-2026-region,engineer,3194.0,13050.0,zone:supply:red,,,后方待命,0,0.0,none,0,0,True,True,False,legal wait: no active movement route,0.0,0.083,0.0
322,tarsgo-infantry-1,tarsgo-rmuc-2026-region,infantry,3099.341,12560.637,robot:opponent-hero,24849.596,500.0,追击敌方英雄,2,28694.781,active,0,0,True,True,False,moving,0.0,0.283,341.57
322,tarsgo-infantry-2,tarsgo-rmuc-2026-region,infantry,4792.187,13931.94,zone:supply:red,2924.0,13732.0,前往补给区,1,1878.855,active,0,0,True,True,False,moving,0.0,0.567,1900.0
322,tarsgo-sentry,tarsgo-rmuc-2026-region,sentry,2941.743,12169.451,zone:fortress:red,,,占领堡垒,0,0.0,none,0,0,True,True,False,legal wait: no active movement route,0.0,1.783,0.0
322,tarsgo-drone,tarsgo-rmuc-2026-region,drone,24253.997,3253.224,robot:opponent-engineer,,,空中压制敌方工程,0,0.0,none,0,0,True,True,False,legal wait: no active movement route,0.0,0.0,0.0
322,opponent-hero,opponent-rmuc-2026-region,hero,24722.929,500.0,structure:red-base,2407.0,7500.0,进攻基地,2,28234.149,active,0,0,True,True,False,moving,0.0,0.017,443.333
322,opponent-engineer,opponent-rmuc-2026-region,engineer,24806.0,1950.0,zone:supply:blue,,,后方待命,0,0.0,none,0,0,True,True,False,legal wait: no active movement route,0.0,0.0,0.0
322,opponent-infantry-1,opponent-rmuc-2026-region,infantry,21996.908,8295.105,robot:tarsgo-hero,15536.214,14500.0,追击敌方英雄,2,9799.2,active,0,0,True,True,False,moving,0.0,1.117,1900.0
322,opponent-infantry-2,opponent-rmuc-2026-region,infantry,20533.787,7619.913,zone:supply:blue,25076.0,1268.0,前往补给区,2,8924.588,active,0,0,True,True,False,moving,0.0,1.817,1900.0
322,opponent-sentry,opponent-rmuc-2026-region,sentry,25075.0,2836.0,zone:fortress:blue,,,占领堡垒,0,0.0,none,0,0,True,True,False,legal wait: no active movement route,0.0,0.0,0.0
322,opponent-drone,opponent-rmuc-2026-region,drone,26000.0,12600.0,,,,空中弹量耗尽,0,0.0,none,0,0,False,False,False,dead/respawning,0.0,0.0,0.0
323,tarsgo-hero,tarsgo-rmuc-2026-region,hero,15536.214,14500.0,zone:supply:red,2006.0,13050.0,前往补给区,2,13659.068,active,0,0,True,False,False,movement permission or chassis power lock,0.0,1.817,0.0
323,tarsgo-engineer,tarsgo-rmuc-2026-region,engineer,3194.0,13050.0,zone:supply:red,,,后方待命,0,0.0,none,0,0,True,True,False,legal wait: no active movement route,0.0,0.083,0.0
323,tarsgo-infantry-1,tarsgo-rmuc-2026-region,infantry,3359.334,12252.502,robot:opponent-hero,23424.596,500.0,追击敌方英雄,2,26974.563,active,0,0,True,True,False,moving,0.0,0.6,403.167
323,tarsgo-infantry-2,tarsgo-rmuc-2026-region,infantry,3627.173,13807.256,zone:supply:red,,,补充弹量,0,0.0,none,0,0,True,True,False,legal wait: no active movement route,0.0,0.567,1171.667
323,tarsgo-sentry,tarsgo-rmuc-2026-region,sentry,2941.743,12169.451,zone:fortress:red,,,占领堡垒,0,0.0,none,0,0,True,True,False,legal wait: no active movement route,0.0,1.783,0.0
323,tarsgo-drone,tarsgo-rmuc-2026-region,drone,24253.997,3253.224,robot:opponent-engineer,,,空中压制敌方工程,0,0.0,none,0,0,True,True,False,legal wait: no active movement route,0.0,0.0,0.0
323,opponent-hero,opponent-rmuc-2026-region,hero,22822.929,500.0,structure:red-base,2407.0,7500.0,进攻基地,2,26334.149,active,0,0,True,True,False,moving,0.0,0.017,1900.0
323,opponent-engineer,opponent-rmuc-2026-region,engineer,24806.0,1950.0,zone:supply:blue,,,后方待命,0,0.0,none,0,0,True,True,False,legal wait: no active movement route,0.0,0.0,0.0
323,opponent-infantry-1,opponent-rmuc-2026-region,infantry,20950.009,9880.666,robot:tarsgo-hero,15536.214,14500.0,追击敌方英雄,2,7899.2,active,0,0,True,True,False,moving,0.0,1.117,1900.0
323,opponent-infantry-2,opponent-rmuc-2026-region,infantry,21199.995,5840.54,zone:supply:blue,25076.0,1268.0,前往补给区,2,7024.588,active,0,0,True,True,False,moving,0.0,1.817,1900.0
323,opponent-sentry,opponent-rmuc-2026-region,sentry,25075.0,2836.0,zone:fortress:blue,,,占领堡垒,0,0.0,none,0,0,True,True,False,legal wait: no active movement route,0.0,0.0,0.0
323,opponent-drone,opponent-rmuc-2026-region,drone,26000.0,12600.0,,,,空中弹量耗尽,0,0.0,none,0,0,False,False,False,dead/respawning,0.0,0.0,0.0
324,tarsgo-hero,tarsgo-rmuc-2026-region,hero,14016.214,14500.0,zone:supply:red,2006.0,13050.0,前往补给区,2,12139.068,active,0,0,True,True,False,moving,0.0,1.817,1520.0
324,tarsgo-engineer,tarsgo-rmuc-2026-region,engineer,3194.0,13050.0,zone:supply:red,,,后方待命,0,0.0,none,0,0,True,True,False,legal wait: no active movement route,0.0,0.083,0.0
324,tarsgo-infantry-1,tarsgo-rmuc-2026-region,infantry,4283.296,10592.293,robot:opponent-hero,21999.596,500.0,追击敌方英雄,2,23649.563,active,0,0,True,True,False,moving,0.0,0.6,1900.0
324,tarsgo-infantry-2,tarsgo-rmuc-2026-region,infantry,4730.513,13912.35,robot:opponent-infantry-1,20566.146,10462.038,追击敌方步兵,3,18036.159,active,0,0,True,True,False,moving,0.0,0.567,1108.333
324,tarsgo-sentry,tarsgo-rmuc-2026-region,sentry,2941.743,12169.451,zone:fortress:red,,,占领堡垒,0,0.0,none,0,0,True,True,False,legal wait: no active movement route,0.0,1.783,0.0
324,tarsgo-drone,tarsgo-rmuc-2026-region,drone,24253.997,3253.224,robot:opponent-engineer,,,空中压制敌方工程,0,0.0,none,0,0,True,True,False,legal wait: no active movement route,0.0,0.0,0.0
324,opponent-hero,opponent-rmuc-2026-region,hero,20922.929,500.0,structure:red-base,2407.0,7500.0,进攻基地,2,24434.149,active,0,0,True,True,False,moving,0.0,0.017,1900.0
324,opponent-engineer,opponent-rmuc-2026-region,engineer,24806.0,1950.0,zone:supply:blue,,,后方待命,0,0.0,none,0,0,True,True,False,legal wait: no active movement route,0.0,0.0,0.0
324,opponent-infantry-1,opponent-rmuc-2026-region,infantry,19903.111,11466.226,robot:tarsgo-hero,14396.214,14500.0,追击敌方英雄,2,7139.2,active,0,0,True,True,False,moving,0.0,1.117,1900.0
324,opponent-infantry-2,opponent-rmuc-2026-region,infantry,21866.202,4061.167,zone:supply:blue,25076.0,1268.0,前往补给区,2,5124.588,active,0,0,True,True,False,moving,0.0,1.817,1900.0
324,opponent-sentry,opponent-rmuc-2026-region,sentry,25075.0,2836.0,zone:fortress:blue,,,占领堡垒,0,0.0,none,0,0,True,True,False,legal wait: no active movement route,0.0,0.0,0.0
324,opponent-drone,opponent-rmuc-2026-region,drone,26000.0,12600.0,,,,空中弹量耗尽,0,0.0,none,0,0,False,False,False,dead/respawning,0.0,0.0,0.0
325,tarsgo-hero,tarsgo-rmuc-2026-region,hero,12116.214,14500.0,zone:supply:red,2006.0,13050.0,前往补给区,2,10239.068,active,0,0,True,True,False,moving,0.0,1.817,1900.0
325,tarsgo-engineer,tarsgo-rmuc-2026-region,engineer,3194.0,13050.0,zone:supply:red,,,后方待命,0,0.0,none,0,0,True,True,False,legal wait: no active movement route,0.0,0.083,0.0
325,tarsgo-infantry-1,tarsgo-rmuc-2026-region,infantry,5227.397,8943.498,robot:opponent-hero,19149.596,500.0,追击敌方英雄,2,18798.181,active,0,0,True,True,False,moving,0.0,0.6,1899.961
325,tarsgo-infantry-2,tarsgo-rmuc-2026-region,infantry,6621.952,14092.512,robot:opponent-infantry-1,18995.798,12840.379,追击敌方步兵,3,13286.159,active,0,0,True,True,False,moving,0.0,0.567,1900.0
325,tarsgo-sentry,tarsgo-rmuc-2026-region,sentry,2941.743,12169.451,zone:fortress:red,,,占领堡垒,0,0.0,none,0,0,True,True,False,legal wait: no active movement route,0.0,1.783,0.0
325,tarsgo-drone,tarsgo-rmuc-2026-region,drone,24253.997,3253.224,robot:opponent-engineer,,,空中压制敌方工程,0,0.0,none,0,0,True,True,False,legal wait: no active movement route,0.0,0.0,0.0
325,opponent-hero,opponent-rmuc-2026-region,hero,19022.929,500.0,structure:red-base,2407.0,7500.0,进攻基地,2,22534.149,active,0,0,True,True,False,moving,0.0,0.017,1900.0
325,opponent-engineer,opponent-rmuc-2026-region,engineer,24806.0,1950.0,zone:supply:blue,,,后方待命,0,0.0,none,0,0,True,True,False,legal wait: no active movement route,0.0,0.0,0.0
325,opponent-infantry-1,opponent-rmuc-2026-region,infantry,18856.212,13051.787,robot:tarsgo-hero,12971.214,14500.0,追击敌方英雄,2,6664.2,active,0,0,True,True,False,moving,0.0,1.117,1900.0
325,opponent-infantry-2,opponent-rmuc-2026-region,infantry,22532.41,2281.795,zone:supply:blue,25076.0,1268.0,前往补给区,2,3224.588,active,0,0,True,True,False,moving,0.0,1.817,1900.0
325,opponent-sentry,opponent-rmuc-2026-region,sentry,25075.0,2836.0,zone:fortress:blue,,,占领堡垒,0,0.0,none,0,0,True,True,False,legal wait: no active movement route,0.0,0.0,0.0
325,opponent-drone,opponent-rmuc-2026-region,drone,26000.0,12600.0,,,,空中弹量耗尽,0,0.0,none,0,0,False,False,False,dead/respawning,0.0,0.0,0.0
326,tarsgo-hero,tarsgo-rmuc-2026-region,hero,10216.214,14500.0,zone:supply:red,2006.0,13050.0,前往补给区,2,8339.068,active,0,0,True,True,False,moving,0.0,1.817,1900.0
326,tarsgo-engineer,tarsgo-rmuc-2026-region,engineer,3194.0,13050.0,zone:supply:red,,,后方待命,0,0.0,none,0,0,True,True,False,legal wait: no active movement route,0.0,0.083,0.0
326,tarsgo-infantry-1,tarsgo-rmuc-2026-region,infantry,6177.068,7297.859,robot:opponent-hero,17724.596,500.0,追击敌方英雄,2,15473.181,active,0,0,True,True,False,moving,0.0,0.6,1900.0
326,tarsgo-infantry-2,tarsgo-rmuc-2026-region,infantry,8513.391,14272.673,robot:opponent-infantry-1,18210.624,14029.55,追击敌方步兵,3,9961.159,active,0,0,True,True,False,moving,0.0,0.567,1900.0
326,tarsgo-sentry,tarsgo-rmuc-2026-region,sentry,2941.743,12169.451,zone:fortress:red,,,占领堡垒,0,0.0,none,0,0,True,True,False,legal wait: no active movement route,0.0,1.783,0.0
326,tarsgo-drone,tarsgo-rmuc-2026-region,drone,24253.997,3253.224,robot:opponent-engineer,,,空中压制敌方工程,0,0.0,none,0,0,True,True,False,legal wait: no active movement route,0.0,0.0,0.0
326,opponent-hero,opponent-rmuc-2026-region,hero,17122.929,500.0,structure:red-base,2407.0,7500.0,进攻基地,2,20634.149,active,0,0,True,True,False,moving,0.0,0.017,1900.0
326,opponent-engineer,opponent-rmuc-2026-region,engineer,24806.0,1950.0,zone:supply:blue,,,后方待命,0,0.0,none,0,0,True,True,False,legal wait: no active movement route,0.0,0.0,0.0
326,opponent-infantry-1,opponent-rmuc-2026-region,infantry,17735.414,14500.0,robot:tarsgo-hero,11546.214,14500.0,追击敌方英雄,1,6189.2,active,0,0,True,True,False,moving,0.0,1.117,1831.259
326,opponent-infantry-2,opponent-rmuc-2026-region,infantry,23751.555,1287.477,zone:supply:blue,25076.0,1268.0,前往补给区,1,1324.588,active,0,0,True,True,False,moving,0.0,1.817,1573.208
326,opponent-sentry,opponent-rmuc-2026-region,sentry,25075.0,2836.0,zone:fortress:blue,,,占领堡垒,0,0.0,none,0,0,True,True,False,legal wait: no active movement route,0.0,0.0,0.0
326,opponent-drone,opponent-rmuc-2026-region,drone,26000.0,12600.0,,,,空中弹量耗尽,0,0.0,none,0,0,False,False,False,dead/respawning,0.0,0.0,0.0
327,tarsgo-hero,tarsgo-rmuc-2026-region,hero,8344.166,14185.451,zone:supply:red,2006.0,13050.0,前往补给区,1,6439.068,active,0,0,True,True,False,moving,0.0,1.817,1898.29
327,tarsgo-engineer,tarsgo-rmuc-2026-region,engineer,3194.0,13050.0,zone:supply:red,,,后方待命,0,0.0,none,0,0,True,True,False,legal wait: no active movement route,0.0,0.083,0.0
327,tarsgo-infantry-1,tarsgo-rmuc-2026-region,infantry,7126.738,5652.221,robot:opponent-hero,16299.596,500.0,追击敌方英雄,2,12148.181,active,0,0,True,True,False,moving,0.0,0.6,1900.0
327,tarsgo-infantry-2,tarsgo-rmuc-2026-region,infantry,8742.636,14725.103,robot:opponent-infantry-1,17038.747,14500.0,追击敌方步兵,2,8306.834,active,0,0,True,True,False,moving,0.0,0.567,507.194
327,tarsgo-sentry,tarsgo-rmuc-2026-region,sentry,2941.743,12169.451,zone:fortress:red,,,占领堡垒,0,0.0,none,0,0,True,True,False,legal wait: no active movement route,0.0,1.783,0.0
327,tarsgo-drone,tarsgo-rmuc-2026-region,drone,24253.997,3253.224,robot:opponent-engineer,,,空中压制敌方工程,0,0.0,none,0,0,True,True,False,legal wait: no active movement route,0.0,0.0,0.0
327,opponent-hero,opponent-rmuc-2026-region,hero,15222.929,500.0,structure:red-base,2407.0,7500.0,进攻基地,2,18734.149,active,0,0,True,True,False,moving,0.0,0.017,1900.0
327,opponent-engineer,opponent-rmuc-2026-region,engineer,24806.0,1950.0,zone:supply:blue,,,后方待命,0,0.0,none,0,0,True,True,False,legal wait: no active movement route,0.0,0.0,0.0
327,opponent-infantry-1,opponent-rmuc-2026-region,infantry,15835.414,14500.0,robot:tarsgo-hero,8718.211,14252.459,追击敌方英雄,2,7139.2,active,0,0,True,True,False,moving,0.0,1.117,1900.0
327,opponent-infantry-2,opponent-rmuc-2026-region,infantry,25076.0,1268.0,zone:supply:blue,,,补充弹量,0,0.0,none,0,0,True,True,False,legal wait: no active movement route,0.0,1.817,1324.588
327,opponent-sentry,opponent-rmuc-2026-region,sentry,25075.0,2836.0,zone:fortress:blue,,,占领堡垒,0,0.0,none,0,0,True,True,False,legal wait: no active movement route,0.0,0.0,0.0
327,opponent-drone,opponent-rmuc-2026-region,drone,26000.0,12600.0,,,,空中弹量耗尽,0,0.0,none,0,0,False,False,False,dead/respawning,0.0,0.0,0.0
328,tarsgo-hero,tarsgo-rmuc-2026-region,hero,6473.94,13850.409,zone:supply:red,2006.0,13050.0,前往补给区,1,4539.068,active,0,0,True,True,False,moving,0.0,1.817,1900.0
328,tarsgo-engineer,tarsgo-rmuc-2026-region,engineer,3194.0,13050.0,zone:supply:red,,,后方待命,0,0.0,none,0,0,True,True,False,legal wait: no active movement route,0.0,0.083,0.0
328,tarsgo-infantry-1,tarsgo-rmuc-2026-region,infantry,8076.409,4006.583,robot:opponent-hero,13449.596,500.0,追击敌方英雄,2,7398.181,active,0,0,True,True,False,moving,0.0,0.6,1900.0
328,tarsgo-infantry-2,tarsgo-rmuc-2026-region,infantry,10640.737,14649.658,robot:opponent-infantry-1,14188.747,14500.0,追击敌方步兵,1,3551.165,active,0,0,True,True,False,moving,0.0,0.567,1899.6
328,tarsgo-sentry,tarsgo-rmuc-2026-region,sentry,2941.743,12169.451,zone:fortress:red,,,占领堡垒,0,0.0,none,0,0,True,True,False,legal wait: no active movement route,0.0,1.783,0.0
328,tarsgo-drone,tarsgo-rmuc-2026-region,drone,24253.997,3253.224,robot:opponent-engineer,,,空中压制敌方工程,0,0.0,none,0,0,True,True,False,legal wait: no active movement route,0.0,0.0,0.0
328,opponent-hero,opponent-rmuc-2026-region,hero,13322.929,500.0,structure:red-base,2407.0,7500.0,进攻基地,2,16834.149,active,0,0,True,True,False,moving,0.0,0.017,1900.0
328,opponent-engineer,opponent-rmuc-2026-region,engineer,24806.0,1950.0,zone:supply:blue,,,后方待命,0,0.0,none,0,0,True,True,False,legal wait: no active movement route,0.0,0.0,0.0
328,opponent-infantry-1,opponent-rmuc-2026-region,infantry,13935.414,14500.0,robot:tarsgo-hero,7315.542,14001.178,追击敌方英雄,2,6664.2,active,0,0,True,True,False,moving,0.0,1.117,1900.0
328,opponent-infantry-2,opponent-rmuc-2026-region,infantry,24193.415,1183.017,zone:central:blue,17188.0,8960.0,前往中央区域,2,15586.681,active,0,0,True,True,False,moving,0.0,1.817,886.667
328,opponent-sentry,opponent-rmuc-2026-region,sentry,25075.0,2836.0,zone:fortress:blue,,,占领堡垒,0,0.0,none,0,0,True,True,False,legal wait: no active movement route,0.0,0.0,0.0
328,opponent-drone,opponent-rmuc-2026-region,drone,26000.0,12600.0,,,,空中弹量耗尽,0,0.0,none,0,0,False,False,False,dead/respawning,0.0,0.0,0.0
329,tarsgo-hero,tarsgo-rmuc-2026-region,hero,4603.713,13515.367,zone:supply:red,2006.0,13050.0,前往补给区,1,2639.068,active,0,0,True,True,False,moving,0.0,1.817,1900.0
329,tarsgo-engineer,tarsgo-rmuc-2026-region,engineer,3194.0,13050.0,zone:supply:red,,,后方待命,0,0.0,none,0,0,True,True,False,legal wait: no active movement route,0.0,0.083,0.0
329,tarsgo-infantry-1,tarsgo-rmuc-2026-region,infantry,9026.08,2360.944,robot:opponent-hero,12024.596,500.0,追击敌方英雄,2,4073.181,active,0,0,True,True,False,moving,0.0,0.6,1900.0
329,tarsgo-infantry-2,tarsgo-rmuc-2026-region,infantry,11086.481,14529.46,zone:supply:red,2924.0,13732.0,前往补给区,1,8201.343,active,0,0,True,True,False,moving,0.0,0.567,461.665
329,tarsgo-sentry,tarsgo-rmuc-2026-region,sentry,2941.743,12169.451,zone:fortress:red,,,占领堡垒,0,0.0,none,0,0,True,True,False,legal wait: no active movement route,0.0,1.783,0.0
329,tarsgo-drone,tarsgo-rmuc-2026-region,drone,24253.997,3253.224,robot:opponent-engineer,,,空中压制敌方工程,0,0.0,none,0,0,True,True,False,legal wait: no active movement route,0.0,0.0,0.0
329,opponent-hero,opponent-rmuc-2026-region,hero,11422.929,500.0,structure:red-base,2407.0,7500.0,进攻基地,2,14934.149,active,0,0,True,True,False,moving,0.0,0.017,1900.0
329,opponent-engineer,opponent-rmuc-2026-region,engineer,24806.0,1950.0,zone:supply:blue,,,后方待命,0,0.0,none,0,0,True,True,False,legal wait: no active movement route,0.0,0.0,0.0
329,opponent-infantry-1,opponent-rmuc-2026-region,infantry,13777.081,14500.0,robot:tarsgo-hero,5912.872,13749.897,追击敌方英雄,2,7930.867,active,0,0,True,False,False,movement permission or chassis power lock,0.0,1.117,158.333
329,opponent-infantry-2,opponent-rmuc-2026-region,infantry,22302.163,1000.91,zone:central:blue,17188.0,8960.0,前往中央区域,2,13686.681,active,0,0,True,True,False,moving,0.0,1.817,1900.0
329,opponent-sentry,opponent-rmuc-2026-region,sentry,25075.0,2836.0,zone:fortress:blue,,,占领堡垒,0,0.0,none,0,0,True,True,False,legal wait: no active movement route,0.0,0.0,0.0
329,opponent-drone,opponent-rmuc-2026-region,drone,26000.0,12600.0,,,,空中弹量耗尽,0,0.0,none,0,0,False,False,False,dead/respawning,0.0,0.0,0.0
330,tarsgo-hero,tarsgo-rmuc-2026-region,hero,3699.77,13353.431,zone:supply:red,,,补充弹量,0,0.0,none,0,0,True,True,False,legal wait: no active movement route,0.0,1.817,918.333
330,tarsgo-engineer,tarsgo-rmuc-2026-region,engineer,3194.0,13050.0,zone:supply:red,,,后方待命,0,0.0,none,0,0,True,True,False,legal wait: no active movement route,0.0,0.083,0.0
330,tarsgo-infantry-1,tarsgo-rmuc-2026-region,infantry,9765.411,1030.831,robot:opponent-hero,10599.596,500.0,追击敌方英雄,3,2455.764,active,0,0,True,True,False,moving,0.0,0.6,1521.78
330,tarsgo-infantry-2,tarsgo-rmuc-2026-region,infantry,9195.484,14344.713,zone:supply:red,2924.0,13732.0,前往补给区,1,6301.343,active,0,0,True,True,False,moving,0.0,0.567,1900.0
330,tarsgo-sentry,tarsgo-rmuc-2026-region,sentry,2941.743,12169.451,zone:fortress:red,,,占领堡垒,0,0.0,none,0,0,True,True,False,legal wait: no active movement route,0.0,1.783,0.0
330,tarsgo-drone,tarsgo-rmuc-2026-region,drone,24253.997,3253.224,robot:opponent-engineer,,,空中压制敌方工程,0,0.0,none,0,0,True,True,False,legal wait: no active movement route,0.0,0.0,0.0
330,opponent-hero,opponent-rmuc-2026-region,hero,10029.596,500.0,zone:supply:blue,25994.0,1950.0,前往补给区,2,17323.448,active,0,0,True,True,False,moving,0.0,0.017,1393.333
330,opponent-engineer,opponent-rmuc-2026-region,engineer,24806.0,1950.0,zone:supply:blue,,,后方待命,0,0.0,none,0,0,True,True,False,legal wait: no active movement route,0.0,0.0,0.0
330,opponent-infantry-1,opponent-rmuc-2026-region,infantry,13777.081,14500.0,robot:tarsgo-infantry-2,9573.683,14381.663,追击敌方步兵,2,4216.537,active,0,0,True,False,False,movement permission or chassis power lock,0.0,1.117,0.0
330,opponent-infantry-2,opponent-rmuc-2026-region,infantry,20410.91,818.804,zone:central:blue,17188.0,8960.0,前往中央区域,2,11786.681,active,0,0,True,True,False,moving,0.0,1.817,1900.0
330,opponent-sentry,opponent-rmuc-2026-region,sentry,25075.0,2836.0,zone:fortress:blue,,,占领堡垒,0,0.0,none,0,0,True,True,False,legal wait: no active movement route,0.0,0.0,0.0
330,opponent-drone,opponent-rmuc-2026-region,drone,26000.0,12600.0,,,,空中弹量耗尽,0,0.0,none,0,0,False,False,False,dead/respawning,0.0,0.0,0.0
331,tarsgo-hero,tarsgo-rmuc-2026-region,hero,3699.77,13353.431,structure:blue-base,,,进攻基地,0,0.0,searching,2,2,True,True,False,waiting for path search,0.0,1.817,0.0
331,tarsgo-engineer,tarsgo-rmuc-2026-region,engineer,3194.0,13050.0,zone:supply:red,,,后方待命,0,0.0,none,0,0,True,True,False,legal wait: no active movement route,0.0,0.083,0.0
331,tarsgo-infantry-1,tarsgo-rmuc-2026-region,infantry,10377.929,500.0,robot:opponent-hero,,,追击敌方英雄,0,0.0,none,0,0,True,True,False,legal wait: no active movement route,0.0,0.6,810.531
331,tarsgo-infantry-2,tarsgo-rmuc-2026-region,infantry,7304.487,14159.966,zone:supply:red,2924.0,13732.0,前往补给区,1,4401.343,active,0,0,True,True,False,moving,0.0,0.567,1900.0
331,tarsgo-sentry,tarsgo-rmuc-2026-region,sentry,2941.743,12169.451,zone:fortress:red,,,占领堡垒,0,0.0,none,0,0,True,True,False,legal wait: no active movement route,0.0,1.783,0.0
331,tarsgo-drone,tarsgo-rmuc-2026-region,drone,24253.997,3253.224,robot:opponent-engineer,,,空中压制敌方工程,0,0.0,none,0,0,True,True,False,legal wait: no active movement route,0.0,0.0,0.0
331,opponent-hero,opponent-rmuc-2026-region,hero,11929.596,500.0,zone:supply:blue,25994.0,1950.0,前往补给区,2,15423.448,active,0,0,True,True,False,moving,0.0,0.017,1900.0
331,opponent-engineer,opponent-rmuc-2026-region,engineer,24806.0,1950.0,zone:supply:blue,,,后方待命,0,0.0,none,0,0,True,True,False,legal wait: no active movement route,0.0,0.0,0.0
331,opponent-infantry-1,opponent-rmuc-2026-region,infantry,13777.081,14500.0,robot:tarsgo-infantry-2,8155.436,14243.102,追击敌方步兵,2,5638.541,active,0,0,True,False,False,movement permission or chassis power lock,0.0,1.117,0.0
331,opponent-infantry-2,opponent-rmuc-2026-region,infantry,18519.657,636.697,zone:central:blue,17188.0,8960.0,前往中央区域,2,9886.681,active,0,0,True,True,False,moving,0.0,1.817,1900.0
331,opponent-sentry,opponent-rmuc-2026-region,sentry,25075.0,2836.0,zone:fortress:blue,,,占领堡垒,0,0.0,none,0,0,True,True,False,legal wait: no active movement route,0.0,0.0,0.0
331,opponent-drone,opponent-rmuc-2026-region,drone,26000.0,12600.0,,,,空中弹量耗尽,0,0.0,none,0,0,False,False,False,dead/respawning,0.0,0.0,0.0
332,tarsgo-hero,tarsgo-rmuc-2026-region,hero,5292.293,13621.942,structure:blue-base,25593.0,7500.0,进攻基地,3,22443.812,active,0,0,True,True,False,moving,0.0,1.817,1615.0
332,tarsgo-engineer,tarsgo-rmuc-2026-region,engineer,3194.0,13050.0,zone:supply:red,,,后方待命,0,0.0,none,0,0,True,True,False,legal wait: no active movement route,0.0,0.083,0.0
332,tarsgo-infantry-1,tarsgo-rmuc-2026-region,infantry,10979.596,500.0,robot:opponent-hero,13227.929,500.0,追击敌方英雄,1,2248.333,active,0,0,True,True,False,moving,0.0,0.6,601.667
332,tarsgo-infantry-2,tarsgo-rmuc-2026-region,infantry,5413.491,13975.219,zone:supply:red,2924.0,13732.0,前往补给区,1,2501.343,active,0,0,True,True,False,moving,0.0,0.567,1900.0
332,tarsgo-sentry,tarsgo-rmuc-2026-region,sentry,2941.743,12169.451,zone:fortress:red,,,占领堡垒,0,0.0,none,0,0,True,True,False,legal wait: no active movement route,0.0,1.783,0.0
332,tarsgo-drone,tarsgo-rmuc-2026-region,drone,24253.997,3253.224,robot:opponent-engineer,,,空中压制敌方工程,0,0.0,none,0,0,True,True,False,legal wait: no active movement route,0.0,0.0,0.0
332,opponent-hero,opponent-rmuc-2026-region,hero,13829.596,500.0,zone:supply:blue,25994.0,1950.0,前往补给区,2,13523.448,active,0,0,True,True,False,moving,0.0,0.017,1900.0
332,opponent-engineer,opponent-rmuc-2026-region,engineer,24806.0,1950.0,zone:supply:blue,,,后方待命,0,0.0,none,0,0,True,True,False,legal wait: no active movement route,0.0,0.0,0.0
332,opponent-infantry-1,opponent-rmuc-2026-region,infantry,13777.081,14500.0,robot:tarsgo-infantry-2,6737.188,14104.542,追击敌方步兵,2,7063.065,active,0,0,True,False,False,movement permission or chassis power lock,0.0,1.117,0.0
332,opponent-infantry-2,opponent-rmuc-2026-region,infantry,17294.03,950.967,zone:central:blue,17188.0,8960.0,前往中央区域,1,8009.734,active,0,0,True,True,False,moving,0.0,1.817,1265.278
332,opponent-sentry,opponent-rmuc-2026-region,sentry,25075.0,2836.0,zone:fortress:blue,,,占领堡垒,0,0.0,none,0,0,True,True,False,legal wait: no active movement route,0.0,0.0,0.0
332,opponent-drone,opponent-rmuc-2026-region,drone,26000.0,12600.0,,,,空中弹量耗尽,0,0.0,none,0,0,False,False,False,dead/respawning,0.0,0.0,0.0
333,tarsgo-hero,tarsgo-rmuc-2026-region,hero,7165.848,13937.837,structure:blue-base,25593.0,7500.0,进攻基地,3,20543.812,active,0,0,True,True,False,moving,0.0,1.817,1900.0
333,tarsgo-engineer,tarsgo-rmuc-2026-region,engineer,3194.0,13050.0,zone:supply:red,,,后方待命,0,0.0,none,0,0,True,True,False,legal wait: no active movement route,0.0,0.083,0.0
333,tarsgo-infantry-1,tarsgo-rmuc-2026-region,infantry,12879.596,500.0,robot:opponent-hero,14652.929,500.0,追击敌方英雄,1,1773.333,active,0,0,True,True,False,moving,0.0,0.6,1900.0
333,tarsgo-infantry-2,tarsgo-rmuc-2026-region,infantry,5110.612,14214.829,zone:supply:red,2924.0,13732.0,前往补给区,1,2239.285,active,0,0,True,True,False,moving,0.0,0.567,386.198
333,tarsgo-sentry,tarsgo-rmuc-2026-region,sentry,2941.743,12169.451,zone:fortress:red,,,占领堡垒,0,0.0,none,0,0,True,True,False,legal wait: no active movement route,0.0,1.783,0.0
333,tarsgo-drone,tarsgo-rmuc-2026-region,drone,24253.997,3253.224,robot:opponent-engineer,,,空中压制敌方工程,0,0.0,none,0,0,True,True,False,legal wait: no active movement route,0.0,0.0,0.0
333,opponent-hero,opponent-rmuc-2026-region,hero,15729.596,500.0,zone:supply:blue,25994.0,1950.0,前往补给区,2,11623.448,active,0,0,True,True,False,moving,0.0,0.017,1900.0
333,opponent-engineer,opponent-rmuc-2026-region,engineer,24806.0,1950.0,zone:supply:blue,,,后方待命,0,0.0,none,0,0,True,True,False,legal wait: no active movement route,0.0,0.0,0.0
333,opponent-infantry-1,opponent-rmuc-2026-region,infantry,13777.081,14500.0,robot:tarsgo-hero,6791.137,13874.658,追击敌方英雄,2,7044.517,active,0,0,True,False,False,movement permission or chassis power lock,0.0,1.117,0.0
333,opponent-infantry-2,opponent-rmuc-2026-region,infantry,17268.878,2850.801,zone:central:blue,17188.0,8960.0,前往中央区域,1,6109.734,active,0,0,True,True,False,moving,0.0,1.817,1900.0
333,opponent-sentry,opponent-rmuc-2026-region,sentry,25075.0,2836.0,zone:fortress:blue,,,占领堡垒,0,0.0,none,0,0,True,True,False,legal wait: no active movement route,0.0,0.0,0.0
333,opponent-drone,opponent-rmuc-2026-region,drone,26000.0,12600.0,,,,空中弹量耗尽,0,0.0,none,0,0,False,False,False,dead/respawning,0.0,0.0,0.0
334,tarsgo-hero,tarsgo-rmuc-2026-region,hero,9039.404,14253.733,structure:blue-base,25593.0,7500.0,进攻基地,3,18643.812,active,0,0,True,True,False,moving,0.0,1.817,1900.0
334,tarsgo-engineer,tarsgo-rmuc-2026-region,engineer,3194.0,13050.0,zone:supply:red,,,后方待命,0,0.0,none,0,0,True,True,False,legal wait: no active movement route,0.0,0.083,0.0
334,tarsgo-infantry-1,tarsgo-rmuc-2026-region,infantry,14652.929,500.0,robot:opponent-hero,,,追击敌方英雄,0,0.0,none,0,0,True,True,False,legal wait: no active movement route,0.0,0.6,1773.333
334,tarsgo-infantry-2,tarsgo-rmuc-2026-region,infantry,3502.678,13859.779,zone:supply:red,,,补充弹量,0,0.0,none,0,0,True,True,False,legal wait: no active movement route,0.0,0.567,1646.667
334,tarsgo-sentry,tarsgo-rmuc-2026-region,sentry,2941.743,12169.451,zone:fortress:red,,,占领堡垒,0,0.0,none,0,0,True,True,False,legal wait: no active movement route,0.0,1.783,0.0
334,tarsgo-drone,tarsgo-rmuc-2026-region,drone,24253.997,3253.224,robot:opponent-engineer,,,空中压制敌方工程,0,0.0,none,0,0,True,True,False,legal wait: no active movement route,0.0,0.0,0.0
334,opponent-hero,opponent-rmuc-2026-region,hero,17027.929,500.0,zone:supply:blue,25994.0,1950.0,前往补给区,2,10325.115,active,0,0,True,False,False,movement permission or chassis power lock,0.0,0.017,1298.333
334,opponent-engineer,opponent-rmuc-2026-region,engineer,24806.0,1950.0,zone:supply:blue,,,后方待命,0,0.0,none,0,0,True,True,False,legal wait: no active movement route,0.0,0.0,0.0
334,opponent-infantry-1,opponent-rmuc-2026-region,infantry,12067.081,14500.0,robot:tarsgo-hero,8196.304,14111.58,追击敌方英雄,2,3909.999,active,0,0,True,True,False,moving,0.0,1.117,1710.0
334,opponent-infantry-2,opponent-rmuc-2026-region,infantry,16543.286,3094.755,robot:tarsgo-infantry-1,13797.929,500.0,追击敌方步兵,1,3777.531,active,0,0,True,True,False,moving,0.0,1.817,765.505
334,opponent-sentry,opponent-rmuc-2026-region,sentry,25075.0,2836.0,zone:fortress:blue,,,占领堡垒,0,0.0,none,0,0,True,True,False,legal wait: no active movement route,0.0,0.0,0.0
334,opponent-drone,opponent-rmuc-2026-region,drone,26000.0,12600.0,,,,空中弹量耗尽,0,0.0,none,0,0,False,False,False,dead/respawning,0.0,0.0,0.0
335,tarsgo-hero,tarsgo-rmuc-2026-region,hero,9976.345,14410.717,zone:supply:red,2006.0,13050.0,前往补给区,1,8085.663,active,0,0,True,True,False,moving,0.0,1.817,950.002
335,tarsgo-engineer,tarsgo-rmuc-2026-region,engineer,3194.0,13050.0,zone:supply:red,,,后方待命,0,0.0,none,0,0,True,True,False,legal wait: no active movement route,0.0,0.083,0.0
335,tarsgo-infantry-1,tarsgo-rmuc-2026-region,infantry,14272.929,500.0,zone:supply:red,2276.0,12368.0,前往补给区,3,22653.298,active,0,0,True,True,False,moving,0.0,0.6,380.0
335,tarsgo-infantry-2,tarsgo-rmuc-2026-region,infantry,4228.296,13922.618,robot:opponent-infantry-1,10895.414,14500.0,追击敌方步兵,1,6692.073,active,0,0,True,True,False,moving,0.0,0.567,728.333
335,tarsgo-sentry,tarsgo-rmuc-2026-region,sentry,2941.743,12169.451,zone:fortress:red,,,占领堡垒,0,0.0,none,0,0,True,True,False,legal wait: no active movement route,0.0,1.783,0.0
335,tarsgo-drone,tarsgo-rmuc-2026-region,drone,24253.997,3253.224,robot:opponent-engineer,,,空中压制敌方工程,0,0.0,none,0,0,True,True,False,legal wait: no active movement route,0.0,0.0,0.0
335,opponent-hero,opponent-rmuc-2026-region,hero,17027.929,500.0,zone:supply:blue,25994.0,1950.0,前往补给区,2,10325.115,active,0,0,True,False,False,movement permission or chassis power lock,0.0,0.017,0.0
335,opponent-engineer,opponent-rmuc-2026-region,engineer,24806.0,1950.0,zone:supply:blue,,,后方待命,0,0.0,none,0,0,True,True,False,legal wait: no active movement route,0.0,0.0,0.0
335,opponent-infantry-1,opponent-rmuc-2026-region,infantry,11219.028,14195.653,robot:tarsgo-hero,9601.47,14348.501,追击敌方英雄,3,2240.619,active,0,0,True,True,False,moving,0.0,1.117,901.011
335,opponent-infantry-2,opponent-rmuc-2026-region,infantry,15444.902,1601.485,zone:supply:blue,25076.0,1268.0,前往补给区,2,9907.849,active,0,0,True,True,False,moving,0.0,1.817,1853.727
335,opponent-sentry,opponent-rmuc-2026-region,sentry,25075.0,2836.0,zone:fortress:blue,,,占领堡垒,0,0.0,none,0,0,True,True,False,legal wait: no active movement route,0.0,0.0,0.0
335,opponent-drone,opponent-rmuc-2026-region,drone,26000.0,12600.0,,,,空中弹量耗尽,0,0.0,none,0,0,False,False,False,dead/respawning,0.0,0.0,0.0
336,tarsgo-hero,tarsgo-rmuc-2026-region,hero,8103.443,14090.971,zone:supply:red,2006.0,13050.0,前往补给区,1,6185.663,active,0,0,True,True,False,moving,0.0,1.817,1900.0
336,tarsgo-engineer,tarsgo-rmuc-2026-region,engineer,3194.0,13050.0,zone:supply:red,,,后方待命,0,0.0,none,0,0,True,True,False,legal wait: no active movement route,0.0,0.083,0.0
336,tarsgo-infantry-1,tarsgo-rmuc-2026-region,infantry,12372.929,500.0,zone:supply:red,2276.0,12368.0,前往补给区,3,20753.298,active,0,0,True,True,False,moving,0.0,0.6,1900.0
336,tarsgo-infantry-2,tarsgo-rmuc-2026-region,infantry,6120.169,14097.942,robot:opponent-infantry-1,11747.511,14086.966,追击敌方步兵,2,5704.409,active,0,0,True,True,False,moving,0.0,0.567,1899.98
336,tarsgo-sentry,tarsgo-rmuc-2026-region,sentry,2941.743,12169.451,zone:fortress:red,,,占领堡垒,0,0.0,none,0,0,True,True,False,legal wait: no active movement route,0.0,1.783,0.0
336,tarsgo-drone,tarsgo-rmuc-2026-region,drone,24253.997,3253.224,robot:opponent-engineer,,,空中压制敌方工程,0,0.0,none,0,0,True,True,False,legal wait: no active movement route,0.0,0.0,0.0
336,opponent-hero,opponent-rmuc-2026-region,hero,17027.929,500.0,zone:supply:blue,25994.0,1950.0,前往补给区,2,10325.115,active,0,0,True,False,False,movement permission or chassis power lock,0.0,0.017,0.0
336,opponent-engineer,opponent-rmuc-2026-region,engineer,24806.0,1950.0,zone:supply:blue,,,后方待命,0,0.0,none,0,0,True,True,False,legal wait: no active movement route,0.0,0.0,0.0
336,opponent-infantry-1,opponent-rmuc-2026-region,infantry,12948.142,14167.568,zone:supply:blue,25724.0,2632.0,前往补给区,2,19177.94,active,0,0,True,True,False,moving,0.0,1.117,1729.343
336,opponent-infantry-2,opponent-rmuc-2026-region,infantry,17140.913,909.662,zone:supply:blue,25076.0,1268.0,前往补给区,4,9394.462,active,0,0,True,True,False,moving,0.0,1.817,1831.686
336,opponent-sentry,opponent-rmuc-2026-region,sentry,25075.0,2836.0,zone:fortress:blue,,,占领堡垒,0,0.0,none,0,0,True,True,False,legal wait: no active movement route,0.0,0.0,0.0
336,opponent-drone,opponent-rmuc-2026-region,drone,26000.0,12600.0,,,,空中弹量耗尽,0,0.0,none,0,0,False,False,False,dead/respawning,0.0,0.0,0.0
337,tarsgo-hero,tarsgo-rmuc-2026-region,hero,6230.541,13771.224,zone:supply:red,2006.0,13050.0,前往补给区,1,4285.663,active,0,0,True,True,False,moving,0.0,1.817,1900.0
337,tarsgo-engineer,tarsgo-rmuc-2026-region,engineer,3194.0,13050.0,zone:supply:red,,,后方待命,0,0.0,none,0,0,True,True,False,legal wait: no active movement route,0.0,0.083,0.0
337,tarsgo-infantry-1,tarsgo-rmuc-2026-region,infantry,10472.929,500.0,zone:supply:red,2276.0,12368.0,前往补给区,3,18853.298,active,0,0,True,True,False,moving,0.0,0.6,1900.0
337,tarsgo-infantry-2,tarsgo-rmuc-2026-region,infantry,5996.181,14149.599,robot:opponent-infantry-1,14591.111,14277.865,追击敌方步兵,3,9863.274,active,0,0,True,True,False,moving,0.0,0.567,134.318
337,tarsgo-sentry,tarsgo-rmuc-2026-region,sentry,2941.743,12169.451,zone:fortress:red,,,占领堡垒,0,0.0,none,0,0,True,True,False,legal wait: no active movement route,0.0,1.783,0.0
337,tarsgo-drone,tarsgo-rmuc-2026-region,drone,24253.997,3253.224,robot:opponent-engineer,,,空中压制敌方工程,0,0.0,none,0,0,True,True,False,legal wait: no active movement route,0.0,0.0,0.0
337,opponent-hero,opponent-rmuc-2026-region,hero,17027.929,500.0,zone:supply:blue,25994.0,1950.0,前往补给区,2,10325.115,active,0,0,True,False,False,movement permission or chassis power lock,0.0,0.017,0.0
337,opponent-engineer,opponent-rmuc-2026-region,engineer,24806.0,1950.0,zone:supply:blue,,,后方待命,0,0.0,none,0,0,True,True,False,legal wait: no active movement route,0.0,0.0,0.0
337,opponent-infantry-1,opponent-rmuc-2026-region,infantry,14843.875,14294.834,zone:supply:blue,25724.0,2632.0,前往补给区,2,17277.94,active,0,0,True,True,False,moving,0.0,1.117,1900.0
337,opponent-infantry-2,opponent-rmuc-2026-region,infantry,17646.831,613.585,zone:supply:blue,25076.0,1268.0,前往补给区,2,7494.462,active,0,0,True,True,False,moving,0.0,1.817,586.186
337,opponent-sentry,opponent-rmuc-2026-region,sentry,25075.0,2836.0,zone:fortress:blue,,,占领堡垒,0,0.0,none,0,0,True,True,False,legal wait: no active movement route,0.0,0.0,0.0
337,opponent-drone,opponent-rmuc-2026-region,drone,26000.0,12600.0,,,,空中弹量耗尽,0,0.0,none,0,0,False,False,False,dead/respawning,0.0,0.0,0.0
338,tarsgo-hero,tarsgo-rmuc-2026-region,hero,4357.638,13451.478,zone:supply:red,2006.0,13050.0,前往补给区,1,2385.663,active,0,0,True,True,False,moving,0.0,1.817,1900.0
338,tarsgo-engineer,tarsgo-rmuc-2026-region,engineer,3194.0,13050.0,zone:supply:red,,,后方待命,0,0.0,none,0,0,True,True,False,legal wait: no active movement route,0.0,0.083,0.0
338,tarsgo-infantry-1,tarsgo-rmuc-2026-region,infantry,8572.929,500.0,zone:supply:red,2276.0,12368.0,前往补给区,3,16953.298,active,0,0,True,True,False,moving,0.0,0.6,1900.0
338,tarsgo-infantry-2,tarsgo-rmuc-2026-region,infantry,6637.89,14322.322,robot:opponent-infantry-1,16012.911,14373.314,追击敌方步兵,2,9380.733,active,0,0,True,True,False,moving,0.0,0.567,664.548
338,tarsgo-sentry,tarsgo-rmuc-2026-region,sentry,2941.743,12169.451,zone:fortress:red,,,占领堡垒,0,0.0,none,0,0,True,True,False,legal wait: no active movement route,0.0,1.783,0.0
338,tarsgo-drone,tarsgo-rmuc-2026-region,drone,24253.997,3253.224,robot:opponent-engineer,,,空中压制敌方工程,0,0.0,none,0,0,True,True,False,legal wait: no active movement route,0.0,0.0,0.0
338,opponent-hero,opponent-rmuc-2026-region,hero,17027.929,500.0,zone:supply:blue,25994.0,1950.0,前往补给区,2,10325.115,active,0,0,True,False,False,movement permission or chassis power lock,0.0,0.017,0.0
338,opponent-engineer,opponent-rmuc-2026-region,engineer,24806.0,1950.0,zone:supply:blue,,,后方待命,0,0.0,none,0,0,True,True,False,legal wait: no active movement route,0.0,0.0,0.0
338,opponent-infantry-1,opponent-rmuc-2026-region,infantry,16739.608,14422.1,zone:supply:blue,25724.0,2632.0,前往补给区,2,15377.94,active,0,0,True,True,False,moving,0.0,1.117,1900.0
338,opponent-infantry-2,opponent-rmuc-2026-region,infantry,19513.305,672.661,zone:supply:blue,25076.0,1268.0,前往补给区,1,5594.462,active,0,0,True,True,False,moving,0.0,1.817,1867.409
338,opponent-sentry,opponent-rmuc-2026-region,sentry,25075.0,2836.0,zone:fortress:blue,,,占领堡垒,0,0.0,none,0,0,True,True,False,legal wait: no active movement route,0.0,0.0,0.0
338,opponent-drone,opponent-rmuc-2026-region,drone,26000.0,12600.0,,,,空中弹量耗尽,0,0.0,none,0,0,False,False,False,dead/respawning,0.0,0.0,0.0
339,tarsgo-hero,tarsgo-rmuc-2026-region,hero,3515.267,13301.23,zone:supply:red,,,补充弹量,0,0.0,none,0,0,True,True,False,legal wait: no active movement route,0.0,1.817,855.665
339,tarsgo-engineer,tarsgo-rmuc-2026-region,engineer,3194.0,13050.0,zone:supply:red,,,后方待命,0,0.0,none,0,0,True,True,False,legal wait: no active movement route,0.0,0.083,0.0
339,tarsgo-infantry-1,tarsgo-rmuc-2026-region,infantry,6672.929,500.0,zone:supply:red,2276.0,12368.0,前往补给区,3,15053.298,active,0,0,True,True,False,moving,0.0,0.6,1900.0
339,tarsgo-infantry-2,tarsgo-rmuc-2026-region,infantry,8536.639,14388.344,robot:opponent-infantry-1,17434.71,14468.764,追击敌方步兵,2,8899.671,active,0,0,True,True,False,moving,0.0,0.567,1899.896
339,tarsgo-sentry,tarsgo-rmuc-2026-region,sentry,2941.743,12169.451,zone:fortress:red,,,占领堡垒,0,0.0,none,0,0,True,True,False,legal wait: no active movement route,0.0,1.783,0.0
339,tarsgo-drone,tarsgo-rmuc-2026-region,drone,24253.997,3253.224,robot:opponent-engineer,,,空中压制敌方工程,0,0.0,none,0,0,True,True,False,legal wait: no active movement route,0.0,0.0,0.0
339,opponent-hero,opponent-rmuc-2026-region,hero,17597.929,500.0,zone:supply:blue,25994.0,1950.0,前往补给区,2,9755.115,active,0,0,True,True,False,moving,0.0,0.017,570.0
339,opponent-engineer,opponent-rmuc-2026-region,engineer,24806.0,1950.0,zone:supply:blue,,,后方待命,0,0.0,none,0,0,True,True,False,legal wait: no active movement route,0.0,0.0,0.0
339,opponent-infantry-1,opponent-rmuc-2026-region,infantry,18305.648,13884.684,zone:supply:blue,25724.0,2632.0,前往补给区,1,13477.94,active,0,0,True,True,False,moving,0.0,1.117,1655.686
339,opponent-infantry-2,opponent-rmuc-2026-region,infantry,21402.516,874.851,zone:supply:blue,25076.0,1268.0,前往补给区,1,3694.462,active,0,0,True,True,False,moving,0.0,1.817,1900.0
339,opponent-sentry,opponent-rmuc-2026-region,sentry,25075.0,2836.0,zone:fortress:blue,,,占领堡垒,0,0.0,none,0,0,True,True,False,legal wait: no active movement route,0.0,0.0,0.0
339,opponent-drone,opponent-rmuc-2026-region,drone,26000.0,12600.0,,,,空中弹量耗尽,0,0.0,none,0,0,False,False,False,dead/respawning,0.0,0.0,0.0
340,tarsgo-hero,tarsgo-rmuc-2026-region,hero,3515.267,13301.23,structure:blue-base,,,进攻基地,0,0.0,searching,2,2,True,True,False,waiting for path search,0.0,1.817,0.0
340,tarsgo-engineer,tarsgo-rmuc-2026-region,engineer,3194.0,13050.0,zone:supply:red,,,后方待命,0,0.0,none,0,0,True,True,False,legal wait: no active movement route,0.0,0.083,0.0
340,tarsgo-infantry-1,tarsgo-rmuc-2026-region,infantry,4772.929,500.0,zone:supply:red,2276.0,12368.0,前往补给区,3,13153.298,active,0,0,True,True,False,moving,0.0,0.6,1900.0
340,tarsgo-infantry-2,tarsgo-rmuc-2026-region,infantry,8948.159,14399.341,robot:opponent-infantry-1,19211.985,12509.888,追击敌方步兵,3,11336.854,active,0,0,True,True,False,moving,0.0,0.567,411.667
340,tarsgo-sentry,tarsgo-rmuc-2026-region,sentry,2941.743,12169.451,zone:fortress:red,,,占领堡垒,0,0.0,none,0,0,True,True,False,legal wait: no active movement route,0.0,1.783,0.0
340,tarsgo-drone,tarsgo-rmuc-2026-region,drone,24253.997,3253.224,robot:opponent-engineer,,,空中压制敌方工程,0,0.0,none,0,0,True,True,False,legal wait: no active movement route,0.0,0.0,0.0
340,opponent-hero,opponent-rmuc-2026-region,hero,19497.929,500.0,zone:supply:blue,25994.0,1950.0,前往补给区,2,7855.115,active,0,0,True,True,False,moving,0.0,0.017,1900.0
340,opponent-engineer,opponent-rmuc-2026-region,engineer,24806.0,1950.0,zone:supply:blue,,,后方待命,0,0.0,none,0,0,True,True,False,legal wait: no active movement route,0.0,0.0,0.0
340,opponent-infantry-1,opponent-rmuc-2026-region,infantry,19351.421,12298.381,zone:supply:blue,25724.0,2632.0,前往补给区,1,11577.94,active,0,0,True,True,False,moving,0.0,1.117,1900.0
340,opponent-infantry-2,opponent-rmuc-2026-region,infantry,23291.728,1077.041,zone:supply:blue,25076.0,1268.0,前往补给区,1,1794.462,active,0,0,True,True,False,moving,0.0,1.817,1900.0
340,opponent-sentry,opponent-rmuc-2026-region,sentry,25075.0,2836.0,zone:fortress:blue,,,占领堡垒,0,0.0,none,0,0,True,True,False,legal wait: no active movement route,0.0,0.0,0.0
340,opponent-drone,opponent-rmuc-2026-region,drone,26000.0,12600.0,,,,空中弹量耗尽,0,0.0,none,0,0,False,False,False,dead/respawning,0.0,0.0,0.0
341,tarsgo-hero,tarsgo-rmuc-2026-region,hero,5075.784,13569.058,structure:blue-base,25593.0,7500.0,进攻基地,3,22666.123,active,0,0,True,True,False,moving,0.0,1.817,1583.333
341,tarsgo-engineer,tarsgo-rmuc-2026-region,engineer,3194.0,13050.0,zone:supply:red,,,后方待命,0,0.0,none,0,0,True,True,False,legal wait: no active movement route,0.0,0.083,0.0
341,tarsgo-infantry-1,tarsgo-rmuc-2026-region,infantry,3700.0,1327.071,zone:supply:red,2276.0,12368.0,前往补给区,2,11253.298,active,0,0,True,True,False,moving,0.0,0.6,1354.704
341,tarsgo-infantry-2,tarsgo-rmuc-2026-region,infantry,10847.699,14437.762,robot:opponent-infantry-1,19996.315,11320.161,追击敌方步兵,2,10861.239,active,0,0,True,True,False,moving,0.0,0.567,1899.929
341,tarsgo-sentry,tarsgo-rmuc-2026-region,sentry,2941.743,12169.451,zone:fortress:red,,,占领堡垒,0,0.0,none,0,0,True,True,False,legal wait: no active movement route,0.0,1.783,0.0
341,tarsgo-drone,tarsgo-rmuc-2026-region,drone,24253.997,3253.224,robot:opponent-engineer,,,空中压制敌方工程,0,0.0,none,0,0,True,True,False,legal wait: no active movement route,0.0,0.0,0.0
341,opponent-hero,opponent-rmuc-2026-region,hero,21397.929,500.0,zone:supply:blue,25994.0,1950.0,前往补给区,2,5955.115,active,0,0,True,True,False,moving,0.0,0.017,1900.0
341,opponent-engineer,opponent-rmuc-2026-region,engineer,24806.0,1950.0,zone:supply:blue,,,后方待命,0,0.0,none,0,0,True,True,False,legal wait: no active movement route,0.0,0.0,0.0
341,opponent-infantry-1,opponent-rmuc-2026-region,infantry,20397.194,10712.078,zone:supply:blue,25724.0,2632.0,前往补给区,1,9677.94,active,0,0,True,True,False,moving,0.0,1.117,1900.0
341,opponent-infantry-2,opponent-rmuc-2026-region,infantry,24393.768,1194.985,zone:supply:blue,,,补充弹量,0,0.0,none,0,0,True,False,False,movement permission or chassis power lock,0.0,1.817,1108.333
341,opponent-sentry,opponent-rmuc-2026-region,sentry,25075.0,2836.0,zone:fortress:blue,,,占领堡垒,0,0.0,none,0,0,True,True,False,legal wait: no active movement route,0.0,0.0,0.0
341,opponent-drone,opponent-rmuc-2026-region,drone,26000.0,12600.0,,,,空中弹量耗尽,0,0.0,none,0,0,False,False,False,dead/respawning,0.0,0.0,0.0
342,tarsgo-hero,tarsgo-rmuc-2026-region,hero,6948.405,13890.45,structure:blue-base,25593.0,7500.0,进攻基地,3,20766.123,active,0,0,True,True,False,moving,0.0,1.817,1900.0
342,tarsgo-engineer,tarsgo-rmuc-2026-region,engineer,3194.0,13050.0,zone:supply:red,,,后方待命,0,0.0,none,0,0,True,True,False,legal wait: no active movement route,0.0,0.083,0.0
342,tarsgo-infantry-1,tarsgo-rmuc-2026-region,infantry,3700.0,3227.071,zone:supply:red,2276.0,12368.0,前往补给区,2,9353.298,active,0,0,True,True,False,moving,0.0,0.6,1900.0
342,tarsgo-infantry-2,tarsgo-rmuc-2026-region,infantry,12098.264,13456.768,robot:opponent-hero,22094.596,500.0,追击敌方英雄,2,18510.448,active,0,0,True,True,False,moving,0.0,0.567,1589.422
342,tarsgo-sentry,tarsgo-rmuc-2026-region,sentry,2941.743,12169.451,zone:fortress:red,,,占领堡垒,0,0.0,none,0,0,True,True,False,legal wait: no active movement route,0.0,1.783,0.0
342,tarsgo-drone,tarsgo-rmuc-2026-region,drone,24253.997,3253.224,robot:opponent-engineer,,,空中压制敌方工程,0,0.0,none,0,0,True,True,False,legal wait: no active movement route,0.0,0.0,0.0
342,opponent-hero,opponent-rmuc-2026-region,hero,23297.929,500.0,zone:supply:blue,25994.0,1950.0,前往补给区,2,4055.115,active,0,0,True,True,False,moving,0.0,0.017,1900.0
342,opponent-engineer,opponent-rmuc-2026-region,engineer,24806.0,1950.0,zone:supply:blue,,,后方待命,0,0.0,none,0,0,True,True,False,legal wait: no active movement route,0.0,0.0,0.0
342,opponent-infantry-1,opponent-rmuc-2026-region,infantry,21442.968,9125.774,zone:supply:blue,25724.0,2632.0,前往补给区,1,7777.94,active,0,0,True,True,False,moving,0.0,1.117,1900.0
342,opponent-infantry-2,opponent-rmuc-2026-region,infantry,24393.768,1194.985,zone:central:blue,17188.0,8960.0,前往中央区域,2,15787.261,active,0,0,True,False,False,movement permission or chassis power lock,0.0,1.817,0.0
342,opponent-sentry,opponent-rmuc-2026-region,sentry,25075.0,2836.0,zone:fortress:blue,,,占领堡垒,0,0.0,none,0,0,True,True,False,legal wait: no active movement route,0.0,0.0,0.0
342,opponent-drone,opponent-rmuc-2026-region,drone,26000.0,12600.0,,,,空中弹量耗尽,0,0.0,none,0,0,False,False,False,dead/respawning,0.0,0.0,0.0
343,tarsgo-hero,tarsgo-rmuc-2026-region,hero,8821.025,14211.842,structure:blue-base,25593.0,7500.0,进攻基地,3,18866.123,active,0,0,True,True,False,moving,0.0,1.817,1900.0
343,tarsgo-engineer,tarsgo-rmuc-2026-region,engineer,3194.0,13050.0,zone:supply:red,,,后方待命,0,0.0,none,0,0,True,True,False,legal wait: no active movement route,0.0,0.083,0.0
343,tarsgo-infantry-1,tarsgo-rmuc-2026-region,infantry,3700.0,5127.071,zone:supply:red,2276.0,12368.0,前往补给区,2,7453.298,active,0,0,True,True,False,moving,0.0,0.6,1900.0
343,tarsgo-infantry-2,tarsgo-rmuc-2026-region,infantry,12852.26,11712.782,robot:opponent-hero,24469.596,500.0,追击敌方英雄,2,18985.448,active,0,0,True,True,False,moving,0.0,0.567,1900.0
343,tarsgo-sentry,tarsgo-rmuc-2026-region,sentry,2941.743,12169.451,zone:fortress:red,,,占领堡垒,0,0.0,none,0,0,True,True,False,legal wait: no active movement route,0.0,1.783,0.0
343,tarsgo-drone,tarsgo-rmuc-2026-region,drone,24253.997,3253.224,robot:opponent-engineer,,,空中压制敌方工程,0,0.0,none,0,0,True,True,False,legal wait: no active movement route,0.0,0.0,0.0
343,opponent-hero,opponent-rmuc-2026-region,hero,24469.596,500.0,zone:supply:blue,,,补充弹量,0,0.0,none,0,0,True,True,False,legal wait: no active movement route,0.0,0.017,1171.667
343,opponent-engineer,opponent-rmuc-2026-region,engineer,24806.0,1950.0,zone:supply:blue,,,后方待命,0,0.0,none,0,0,True,True,False,legal wait: no active movement route,0.0,0.0,0.0
343,opponent-infantry-1,opponent-rmuc-2026-region,infantry,22488.741,7539.471,zone:supply:blue,25724.0,2632.0,前往补给区,1,5877.94,active,0,0,True,True,False,moving,0.0,1.117,1900.0
343,opponent-infantry-2,opponent-rmuc-2026-region,infantry,24393.768,1194.985,zone:central:blue,17188.0,8960.0,前往中央区域,2,15787.261,active,0,0,True,False,False,movement permission or chassis power lock,0.0,1.817,0.0
343,opponent-sentry,opponent-rmuc-2026-region,sentry,25075.0,2836.0,zone:fortress:blue,,,占领堡垒,0,0.0,none,0,0,True,True,False,legal wait: no active movement route,0.0,0.0,0.0
343,opponent-drone,opponent-rmuc-2026-region,drone,26000.0,12600.0,,,,空中弹量耗尽,0,0.0,none,0,0,False,False,False,dead/respawning,0.0,0.0,0.0
344,tarsgo-hero,tarsgo-rmuc-2026-region,hero,10696.477,14500.0,structure:blue-base,25593.0,7500.0,进攻基地,2,16966.123,active,0,0,True,True,False,moving,0.0,1.817,1897.46
344,tarsgo-engineer,tarsgo-rmuc-2026-region,engineer,3194.0,13050.0,zone:supply:red,,,后方待命,0,0.0,none,0,0,True,True,False,legal wait: no active movement route,0.0,0.083,0.0
344,tarsgo-infantry-1,tarsgo-rmuc-2026-region,infantry,3700.0,7027.071,zone:supply:red,2276.0,12368.0,前往补给区,2,5553.298,active,0,0,True,True,False,moving,0.0,0.6,1900.0
344,tarsgo-infantry-2,tarsgo-rmuc-2026-region,infantry,13606.257,9968.795,robot:opponent-hero,24469.596,500.0,追击敌方英雄,2,17085.448,active,0,0,True,True,False,moving,0.0,0.567,1900.0
344,tarsgo-sentry,tarsgo-rmuc-2026-region,sentry,2941.743,12169.451,zone:fortress:red,,,占领堡垒,0,0.0,none,0,0,True,True,False,legal wait: no active movement route,0.0,1.783,0.0
344,tarsgo-drone,tarsgo-rmuc-2026-region,drone,24253.997,3253.224,robot:opponent-engineer,,,空中压制敌方工程,0,0.0,none,0,0,True,True,False,legal wait: no active movement route,0.0,0.0,0.0
344,opponent-hero,opponent-rmuc-2026-region,hero,24469.596,500.0,structure:red-base,,,进攻基地,0,0.0,searching,2,2,True,True,False,waiting for path search,0.0,0.017,0.0
344,opponent-engineer,opponent-rmuc-2026-region,engineer,24806.0,1950.0,zone:supply:blue,,,后方待命,0,0.0,none,0,0,True,True,False,legal wait: no active movement route,0.0,0.0,0.0
344,opponent-infantry-1,opponent-rmuc-2026-region,infantry,23534.514,5953.168,zone:supply:blue,25724.0,2632.0,前往补给区,1,3977.94,active,0,0,True,True,False,moving,0.0,1.117,1900.0
344,opponent-infantry-2,opponent-rmuc-2026-region,infantry,24393.768,1194.985,zone:central:blue,17188.0,8960.0,前往中央区域,2,15787.261,active,0,0,True,False,False,movement permission or chassis power lock,0.0,1.817,0.0
344,opponent-sentry,opponent-rmuc-2026-region,sentry,25075.0,2836.0,zone:fortress:blue,,,占领堡垒,0,0.0,none,0,0,True,True,False,legal wait: no active movement route,0.0,0.0,0.0
344,opponent-drone,opponent-rmuc-2026-region,drone,26000.0,12600.0,,,,空中弹量耗尽,0,0.0,none,0,0,False,False,False,dead/respawning,0.0,0.0,0.0
345,tarsgo-hero,tarsgo-rmuc-2026-region,hero,12596.477,14500.0,structure:blue-base,25593.0,7500.0,进攻基地,2,15066.123,active,0,0,True,True,False,moving,0.0,1.817,1900.0
345,tarsgo-engineer,tarsgo-rmuc-2026-region,engineer,3194.0,13050.0,zone:supply:red,,,后方待命,0,0.0,none,0,0,True,True,False,legal wait: no active movement route,0.0,0.083,0.0
345,tarsgo-infantry-1,tarsgo-rmuc-2026-region,infantry,3341.964,8873.675,zone:supply:red,2276.0,12368.0,前往补给区,1,3653.298,active,0,0,True,True,False,moving,0.0,0.6,1880.994
345,tarsgo-infantry-2,tarsgo-rmuc-2026-region,infantry,14360.253,8224.808,robot:opponent-hero,24279.596,500.0,追击敌方英雄,2,14995.448,active,0,0,True,True,False,moving,0.0,0.567,1900.0
345,tarsgo-sentry,tarsgo-rmuc-2026-region,sentry,2941.743,12169.451,zone:fortress:red,,,占领堡垒,0,0.0,none,0,0,True,True,False,legal wait: no active movement route,0.0,1.783,0.0
345,tarsgo-drone,tarsgo-rmuc-2026-region,drone,24253.997,3253.224,robot:opponent-engineer,,,空中压制敌方工程,0,0.0,none,0,0,True,True,False,legal wait: no active movement route,0.0,0.0,0.0
345,opponent-hero,opponent-rmuc-2026-region,hero,23076.262,500.0,structure:red-base,2407.0,7500.0,进攻基地,2,26587.482,active,0,0,True,True,False,moving,0.0,0.017,1393.333
345,opponent-engineer,opponent-rmuc-2026-region,engineer,24806.0,1950.0,zone:supply:blue,,,后方待命,0,0.0,none,0,0,True,True,False,legal wait: no active movement route,0.0,0.0,0.0
345,opponent-infantry-1,opponent-rmuc-2026-region,infantry,24580.288,4366.864,zone:supply:blue,25724.0,2632.0,前往补给区,1,2077.94,active,0,0,True,True,False,moving,0.0,1.117,1900.0
345,opponent-infantry-2,opponent-rmuc-2026-region,infantry,24393.768,1194.985,zone:central:blue,17188.0,8960.0,前往中央区域,2,15787.261,active,0,0,True,False,False,movement permission or chassis power lock,0.0,1.817,0.0
345,opponent-sentry,opponent-rmuc-2026-region,sentry,25075.0,2836.0,zone:fortress:blue,,,占领堡垒,0,0.0,none,0,0,True,True,False,legal wait: no active movement route,0.0,0.0,0.0
345,opponent-drone,opponent-rmuc-2026-region,drone,26000.0,12600.0,,,,空中弹量耗尽,0,0.0,none,0,0,False,False,False,dead/respawning,0.0,0.0,0.0
346,tarsgo-hero,tarsgo-rmuc-2026-region,hero,14496.477,14500.0,structure:blue-base,25593.0,7500.0,进攻基地,2,13166.123,active,0,0,True,True,False,moving,0.0,1.817,1900.0
346,tarsgo-engineer,tarsgo-rmuc-2026-region,engineer,3194.0,13050.0,zone:supply:red,,,后方待命,0,0.0,none,0,0,True,True,False,legal wait: no active movement route,0.0,0.083,0.0
346,tarsgo-infantry-1,tarsgo-rmuc-2026-region,infantry,2787.579,10690.997,zone:supply:red,2276.0,12368.0,前往补给区,1,1753.298,active,0,0,True,True,False,moving,0.0,0.6,1900.0
346,tarsgo-infantry-2,tarsgo-rmuc-2026-region,infantry,15114.249,6480.821,robot:opponent-hero,21429.596,500.0,追击敌方英雄,2,10245.448,active,0,0,True,True,False,moving,0.0,0.567,1900.0
346,tarsgo-sentry,tarsgo-rmuc-2026-region,sentry,2941.743,12169.451,zone:fortress:red,,,占领堡垒,0,0.0,none,0,0,True,True,False,legal wait: no active movement route,0.0,1.783,0.0
346,tarsgo-drone,tarsgo-rmuc-2026-region,drone,24253.997,3253.224,robot:opponent-engineer,,,空中压制敌方工程,0,0.0,none,0,0,True,True,False,legal wait: no active movement route,0.0,0.0,0.0
346,opponent-hero,opponent-rmuc-2026-region,hero,21176.262,500.0,structure:red-base,2407.0,7500.0,进攻基地,2,24687.482,active,0,0,True,True,False,moving,0.0,0.017,1900.0
346,opponent-engineer,opponent-rmuc-2026-region,engineer,24806.0,1950.0,zone:supply:blue,,,后方待命,0,0.0,none,0,0,True,True,False,legal wait: no active movement route,0.0,0.0,0.0
346,opponent-infantry-1,opponent-rmuc-2026-region,infantry,24667.435,4234.672,zone:supply:blue,25724.0,2632.0,前往补给区,1,1919.606,active,0,0,True,False,False,movement permission or chassis power lock,0.0,1.117,158.333
346,opponent-infantry-2,opponent-rmuc-2026-region,infantry,23637.194,1122.895,zone:central:blue,17188.0,8960.0,前往中央区域,2,15027.261,active,0,0,True,True,False,moving,0.0,1.817,760.0
346,opponent-sentry,opponent-rmuc-2026-region,sentry,25075.0,2836.0,zone:fortress:blue,,,占领堡垒,0,0.0,none,0,0,True,True,False,legal wait: no active movement route,0.0,0.0,0.0
346,opponent-drone,opponent-rmuc-2026-region,drone,26000.0,12600.0,,,,空中弹量耗尽,0,0.0,none,0,0,False,False,False,dead/respawning,0.0,0.0,0.0
347,tarsgo-hero,tarsgo-rmuc-2026-region,hero,16396.477,14500.0,structure:blue-base,25593.0,7500.0,进攻基地,2,11266.123,active,0,0,True,True,False,moving,0.0,1.817,1900.0
347,tarsgo-engineer,tarsgo-rmuc-2026-region,engineer,3194.0,13050.0,zone:supply:red,,,后方待命,0,0.0,none,0,0,True,True,False,legal wait: no active movement route,0.0,0.083,0.0
347,tarsgo-infantry-1,tarsgo-rmuc-2026-region,infantry,2408.75,11932.833,zone:supply:red,,,补充弹量,0,0.0,none,0,0,True,True,False,legal wait: no active movement route,0.0,0.6,1298.333
347,tarsgo-infantry-2,tarsgo-rmuc-2026-region,infantry,15868.245,4736.835,robot:opponent-hero,20004.596,500.0,追击敌方英雄,2,6920.448,active,0,0,True,True,False,moving,0.0,0.567,1900.0
347,tarsgo-sentry,tarsgo-rmuc-2026-region,sentry,2941.743,12169.451,zone:fortress:red,,,占领堡垒,0,0.0,none,0,0,True,True,False,legal wait: no active movement route,0.0,1.783,0.0
347,tarsgo-drone,tarsgo-rmuc-2026-region,drone,24253.997,3253.224,robot:opponent-engineer,,,空中压制敌方工程,0,0.0,none,0,0,True,True,False,legal wait: no active movement route,0.0,0.0,0.0
347,opponent-hero,opponent-rmuc-2026-region,hero,19276.262,500.0,structure:red-base,2407.0,7500.0,进攻基地,2,22787.482,active,0,0,True,True,False,moving,0.0,0.017,1900.0
347,opponent-engineer,opponent-rmuc-2026-region,engineer,24806.0,1950.0,zone:supply:blue,,,后方待命,0,0.0,none,0,0,True,True,False,legal wait: no active movement route,0.0,0.0,0.0
347,opponent-infantry-1,opponent-rmuc-2026-region,infantry,24667.435,4234.672,zone:supply:blue,25724.0,2632.0,前往补给区,1,1919.606,active,0,0,True,False,False,movement permission or chassis power lock,0.0,1.117,0.0
347,opponent-infantry-2,opponent-rmuc-2026-region,infantry,21745.761,942.67,zone:central:blue,17188.0,8960.0,前往中央区域,2,13127.261,active,0,0,True,True,False,moving,0.0,1.817,1900.0
347,opponent-sentry,opponent-rmuc-2026-region,sentry,25075.0,2836.0,zone:fortress:blue,,,占领堡垒,0,0.0,none,0,0,True,True,False,legal wait: no active movement route,0.0,0.0,0.0
347,opponent-drone,opponent-rmuc-2026-region,drone,26000.0,12600.0,,,,空中弹量耗尽,0,0.0,none,0,0,False,False,False,dead/respawning,0.0,0.0,0.0
348,tarsgo-hero,tarsgo-rmuc-2026-region,hero,18212.426,14255.903,structure:blue-base,25593.0,7500.0,进攻基地,1,9366.123,active,0,0,True,True,False,moving,0.0,1.817,1832.282
348,tarsgo-engineer,tarsgo-rmuc-2026-region,engineer,3194.0,13050.0,zone:supply:red,,,后方待命,0,0.0,none,0,0,True,True,False,legal wait: no active movement route,0.0,0.083,0.0
348,tarsgo-infantry-1,tarsgo-rmuc-2026-region,infantry,2939.021,11144.599,robot:opponent-infantry-2,20926.14,864.573,追击敌方步兵,3,23994.66,active,0,0,True,True,False,moving,0.0,0.6,950.0
348,tarsgo-infantry-2,tarsgo-rmuc-2026-region,infantry,16622.241,2992.848,robot:opponent-hero,18579.596,500.0,追击敌方英雄,2,3595.448,active,0,0,True,True,False,moving,0.0,0.567,1900.0
348,tarsgo-sentry,tarsgo-rmuc-2026-region,sentry,2941.743,12169.451,zone:fortress:red,,,占领堡垒,0,0.0,none,0,0,True,True,False,legal wait: no active movement route,0.0,1.783,0.0
348,tarsgo-drone,tarsgo-rmuc-2026-region,drone,24253.997,3253.224,robot:opponent-engineer,,,空中压制敌方工程,0,0.0,none,0,0,True,True,False,legal wait: no active movement route,0.0,0.0,0.0
348,opponent-hero,opponent-rmuc-2026-region,hero,17376.262,500.0,structure:red-base,2407.0,7500.0,进攻基地,2,20887.482,active,0,0,True,True,False,moving,0.0,0.017,1900.0
348,opponent-engineer,opponent-rmuc-2026-region,engineer,24806.0,1950.0,zone:supply:blue,,,后方待命,0,0.0,none,0,0,True,True,False,legal wait: no active movement route,0.0,0.0,0.0
348,opponent-infantry-1,opponent-rmuc-2026-region,infantry,24667.435,4234.672,zone:supply:blue,25724.0,2632.0,前往补给区,1,1919.606,active,0,0,True,False,False,movement permission or chassis power lock,0.0,1.117,0.0
348,opponent-infantry-2,opponent-rmuc-2026-region,infantry,19854.328,762.446,robot:tarsgo-infantry-2,16421.175,3457.911,追击敌方步兵,2,5801.608,active,0,0,True,True,False,moving,0.0,1.817,1900.0
348,opponent-sentry,opponent-rmuc-2026-region,sentry,25075.0,2836.0,zone:fortress:blue,,,占领堡垒,0,0.0,none,0,0,True,True,False,legal wait: no active movement route,0.0,0.0,0.0
348,opponent-drone,opponent-rmuc-2026-region,drone,26000.0,12600.0,,,,空中弹量耗尽,0,0.0,none,0,0,False,False,False,dead/respawning,0.0,0.0,0.0
349,tarsgo-hero,tarsgo-rmuc-2026-region,hero,19709.64,13086.138,structure:blue-base,25593.0,7500.0,进攻基地,1,7466.123,active,0,0,True,True,False,moving,0.0,1.817,1900.0
349,tarsgo-engineer,tarsgo-rmuc-2026-region,engineer,3194.0,13050.0,zone:supply:red,,,后方待命,0,0.0,none,0,0,True,True,False,legal wait: no active movement route,0.0,0.083,0.0
349,tarsgo-infantry-1,tarsgo-rmuc-2026-region,infantry,3999.564,9568.132,robot:opponent-infantry-2,19507.566,729.404,追击敌方步兵,3,20558.68,searching,1,1,True,True,False,moving,0.0,0.6,1900.0
349,tarsgo-infantry-2,tarsgo-rmuc-2026-region,infantry,17030.017,1141.801,zone:supply:red,17154.596,500.0,前往补给区,1,653.78,searching,1,1,True,True,False,moving,0.0,0.567,1895.43
349,tarsgo-sentry,tarsgo-rmuc-2026-region,sentry,2941.743,12169.451,zone:fortress:red,,,占领堡垒,0,0.0,none,0,0,True,True,False,legal wait: no active movement route,0.0,1.783,0.0
349,tarsgo-drone,tarsgo-rmuc-2026-region,drone,24253.997,3253.224,robot:opponent-engineer,,,空中压制敌方工程,0,0.0,none,0,0,True,True,False,legal wait: no active movement route,0.0,0.0,0.0
349,opponent-hero,opponent-rmuc-2026-region,hero,16932.31,530.023,zone:supply:blue,25994.0,1950.0,前往补给区,2,10029.518,active,0,0,True,True,False,moving,0.0,0.017,444.966
349,opponent-engineer,opponent-rmuc-2026-region,engineer,24806.0,1950.0,zone:supply:blue,,,后方待命,0,0.0,none,0,0,True,True,False,legal wait: no active movement route,0.0,0.0,0.0
349,opponent-infantry-1,opponent-rmuc-2026-region,infantry,24667.435,4234.672,zone:supply:blue,25724.0,2632.0,前往补给区,1,1919.606,active,0,0,True,False,False,movement permission or chassis power lock,0.0,1.117,0.0
349,opponent-infantry-2,opponent-rmuc-2026-region,infantry,18593.373,642.296,robot:tarsgo-infantry-2,16842.958,2105.481,追击敌方步兵,0,0.0,none,0,0,True,True,False,legal wait: no active movement route,0.0,1.817,1266.667
349,opponent-sentry,opponent-rmuc-2026-region,sentry,25075.0,2836.0,zone:fortress:blue,,,占领堡垒,0,0.0,none,0,0,True,True,False,legal wait: no active movement route,0.0,0.0,0.0
349,opponent-drone,opponent-rmuc-2026-region,drone,26000.0,12600.0,,,,空中弹量耗尽,0,0.0,none,0,0,False,False,False,dead/respawning,0.0,0.0,0.0
350,tarsgo-hero,tarsgo-rmuc-2026-region,hero,21206.854,11916.372,structure:blue-base,25593.0,7500.0,进攻基地,1,5566.123,active,0,0,True,True,False,moving,0.0,1.817,1900.0
350,tarsgo-engineer,tarsgo-rmuc-2026-region,engineer,3194.0,13050.0,zone:supply:red,,,后方待命,0,0.0,none,0,0,True,True,False,legal wait: no active movement route,0.0,0.083,0.0
350,tarsgo-infantry-1,tarsgo-rmuc-2026-region,infantry,5060.106,7991.665,robot:opponent-infantry-2,17743.501,548.794,追击敌方步兵,2,16672.808,active,0,0,True,True,False,moving,0.0,0.6,1900.0
350,tarsgo-infantry-2,tarsgo-rmuc-2026-region,infantry,16217.583,2720.83,zone:supply:red,2924.0,13732.0,前往补给区,2,20597.933,active,0,0,True,True,False,moving,0.0,0.567,1775.775
350,tarsgo-sentry,tarsgo-rmuc-2026-region,sentry,2941.743,12169.451,zone:fortress:red,,,占领堡垒,0,0.0,none,0,0,True,True,False,legal wait: no active movement route,0.0,1.783,0.0
350,tarsgo-drone,tarsgo-rmuc-2026-region,drone,24253.997,3253.224,robot:opponent-engineer,,,空中压制敌方工程,0,0.0,none,0,0,True,True,False,legal wait: no active movement route,0.0,0.0,0.0
350,opponent-hero,opponent-rmuc-2026-region,hero,16934.17,498.806,zone:supply:blue,25994.0,1950.0,前往补给区,3,10029.001,active,0,0,True,True,True,collision/yield,0.083,0.083,31.273
350,opponent-engineer,opponent-rmuc-2026-region,engineer,24806.0,1950.0,zone:supply:blue,,,后方待命,0,0.0,none,0,0,True,True,False,legal wait: no active movement route,0.0,0.0,0.0
350,opponent-infantry-1,opponent-rmuc-2026-region,infantry,24667.435,4234.672,zone:supply:blue,25724.0,2632.0,前往补给区,1,1919.606,active,0,0,True,False,False,movement permission or chassis power lock,0.0,1.117,0.0
350,opponent-infantry-2,opponent-rmuc-2026-region,infantry,17302.827,500.311,robot:tarsgo-infantry-2,16231.799,2692.533,追击敌方步兵,1,2439.864,active,0,0,True,True,True,collision/yield,0.083,1.817,1298.333
350,opponent-sentry,opponent-rmuc-2026-region,sentry,25075.0,2836.0,zone:fortress:blue,,,占领堡垒,0,0.0,none,0,0,True,True,False,legal wait: no active movement route,0.0,0.0,0.0
350,opponent-drone,opponent-rmuc-2026-region,drone,26000.0,12600.0,,,,空中弹量耗尽,0,0.0,none,0,0,False,False,False,dead/respawning,0.0,0.0,0.0
351,tarsgo-hero,tarsgo-rmuc-2026-region,hero,22704.068,10746.607,structure:blue-base,25593.0,7500.0,进攻基地,1,3666.123,active,0,0,True,True,False,moving,0.0,1.817,1900.0
351,tarsgo-engineer,tarsgo-rmuc-2026-region,engineer,3194.0,13050.0,zone:supply:red,,,后方待命,0,0.0,none,0,0,True,True,False,legal wait: no active movement route,0.0,0.083,0.0
351,tarsgo-infantry-1,tarsgo-rmuc-2026-region,infantry,6120.649,6415.197,robot:opponent-hero,17756.681,535.611,追击敌方英雄,2,14785.914,active,0,0,True,True,False,moving,0.0,0.6,1900.0
351,tarsgo-infantry-2,tarsgo-rmuc-2026-region,infantry,15364.651,4418.624,zone:supply:red,2924.0,13732.0,前往补给区,2,18697.933,active,0,0,True,True,False,moving,0.0,0.567,1900.0
351,tarsgo-sentry,tarsgo-rmuc-2026-region,sentry,2941.743,12169.451,zone:fortress:red,,,占领堡垒,0,0.0,none,0,0,True,True,False,legal wait: no active movement route,0.0,1.783,0.0
351,tarsgo-drone,tarsgo-rmuc-2026-region,drone,24253.997,3253.224,robot:opponent-engineer,,,空中压制敌方工程,0,0.0,none,0,0,True,True,False,legal wait: no active movement route,0.0,0.0,0.0
351,opponent-hero,opponent-rmuc-2026-region,hero,18199.571,555.429,zone:supply:blue,25994.0,1950.0,前往补给区,2,8762.334,active,0,0,True,True,False,moving,0.0,0.317,1266.667
351,opponent-engineer,opponent-rmuc-2026-region,engineer,24806.0,1950.0,zone:supply:blue,,,后方待命,0,0.0,none,0,0,True,True,False,legal wait: no active movement route,0.0,0.0,0.0
351,opponent-infantry-1,opponent-rmuc-2026-region,infantry,25399.477,3124.26,zone:supply:blue,,,补充弹量,0,0.0,none,0,0,True,True,False,legal wait: no active movement route,0.0,1.117,1330.0
351,opponent-infantry-2,opponent-rmuc-2026-region,infantry,18558.776,692.953,robot:tarsgo-hero,22304.811,11058.545,追击敌方英雄,3,11925.868,active,0,0,True,True,False,moving,0.0,1.817,1270.638
351,opponent-sentry,opponent-rmuc-2026-region,sentry,25075.0,2836.0,zone:fortress:blue,,,占领堡垒,0,0.0,none,0,0,True,True,False,legal wait: no active movement route,0.0,0.0,0.0
351,opponent-drone,opponent-rmuc-2026-region,drone,26000.0,12600.0,,,,空中弹量耗尽,0,0.0,none,0,0,False,False,False,dead/respawning,0.0,0.0,0.0
352,tarsgo-hero,tarsgo-rmuc-2026-region,hero,24201.282,9576.842,structure:blue-base,25593.0,7500.0,进攻基地,1,1766.123,active,0,0,True,True,False,moving,0.0,1.817,1900.0
352,tarsgo-engineer,tarsgo-rmuc-2026-region,engineer,3194.0,13050.0,zone:supply:red,,,后方待命,0,0.0,none,0,0,True,True,False,legal wait: no active movement route,0.0,0.083,0.0
352,tarsgo-infantry-1,tarsgo-rmuc-2026-region,infantry,7181.191,4838.73,robot:opponent-hero,18265.151,523.962,追击敌方英雄,2,13394.337,active,0,0,True,True,False,moving,0.0,0.6,1900.0
352,tarsgo-infantry-2,tarsgo-rmuc-2026-region,infantry,14611.227,5918.342,zone:supply:red,2924.0,13732.0,前往补给区,2,17019.599,active,0,0,True,False,False,movement permission or chassis power lock,0.0,0.567,1678.333
352,tarsgo-sentry,tarsgo-rmuc-2026-region,sentry,2941.743,12169.451,zone:fortress:red,,,占领堡垒,0,0.0,none,0,0,True,True,False,legal wait: no active movement route,0.0,1.783,0.0
352,tarsgo-drone,tarsgo-rmuc-2026-region,drone,24253.997,3253.224,robot:opponent-engineer,,,空中压制敌方工程,0,0.0,none,0,0,True,True,False,legal wait: no active movement route,0.0,0.0,0.0
352,opponent-hero,opponent-rmuc-2026-region,hero,18391.664,530.193,zone:supply:blue,25994.0,1950.0,前往补给区,2,8571.636,active,0,0,True,True,False,moving,0.0,0.317,193.744
352,opponent-engineer,opponent-rmuc-2026-region,engineer,24806.0,1950.0,zone:supply:blue,,,后方待命,0,0.0,none,0,0,True,True,False,legal wait: no active movement route,0.0,0.0,0.0
352,opponent-infantry-1,opponent-rmuc-2026-region,infantry,25558.869,3731.614,robot:tarsgo-infantry-2,14895.538,5352.411,追击敌方步兵,3,14419.248,active,0,0,True,True,False,moving,0.0,1.117,627.921
352,opponent-infantry-2,opponent-rmuc-2026-region,infantry,18802.9,1716.023,robot:tarsgo-hero,23427.721,10181.221,追击敌方英雄,1,9646.167,active,0,0,True,True,False,moving,0.0,1.817,1051.793
352,opponent-sentry,opponent-rmuc-2026-region,sentry,25075.0,2836.0,zone:fortress:blue,,,占领堡垒,0,0.0,none,0,0,True,True,False,legal wait: no active movement route,0.0,0.0,0.0
352,opponent-drone,opponent-rmuc-2026-region,drone,26000.0,12600.0,,,,空中弹量耗尽,0,0.0,none,0,0,False,False,False,dead/respawning,0.0,0.0,0.0
353,tarsgo-hero,tarsgo-rmuc-2026-region,hero,24326.05,9479.362,zone:supply:red,2006.0,13050.0,前往补给区,3,24136.178,active,0,0,True,False,False,movement permission or chassis power lock,0.0,1.817,158.333
353,tarsgo-engineer,tarsgo-rmuc-2026-region,engineer,3194.0,13050.0,zone:supply:red,,,后方待命,0,0.0,none,0,0,True,True,False,legal wait: no active movement route,0.0,0.083,0.0
353,tarsgo-infantry-1,tarsgo-rmuc-2026-region,infantry,8241.734,3262.262,robot:opponent-hero,19688.426,594.062,追击敌方英雄,3,13023.923,active,0,0,True,True,False,moving,0.0,0.6,1900.0
353,tarsgo-infantry-2,tarsgo-rmuc-2026-region,infantry,14611.227,5918.342,zone:supply:red,2924.0,13732.0,前往补给区,2,17019.599,active,0,0,True,False,False,movement permission or chassis power lock,0.0,0.567,0.0
353,tarsgo-sentry,tarsgo-rmuc-2026-region,sentry,2941.743,12169.451,zone:fortress:red,,,占领堡垒,0,0.0,none,0,0,True,True,False,legal wait: no active movement route,0.0,1.783,0.0
353,tarsgo-drone,tarsgo-rmuc-2026-region,drone,24253.997,3253.224,robot:opponent-engineer,,,空中压制敌方工程,0,0.0,none,0,0,True,True,False,legal wait: no active movement route,0.0,0.0,0.0
353,opponent-hero,opponent-rmuc-2026-region,hero,20289.364,623.66,zone:supply:blue,25994.0,1950.0,前往补给区,2,6671.636,active,0,0,True,True,False,moving,0.0,0.317,1900.0
353,opponent-engineer,opponent-rmuc-2026-region,engineer,24806.0,1950.0,zone:supply:blue,,,后方待命,0,0.0,none,0,0,True,True,False,legal wait: no active movement route,0.0,0.0,0.0
353,opponent-infantry-1,opponent-rmuc-2026-region,infantry,24050.952,3234.694,robot:tarsgo-infantry-2,14611.227,5918.342,追击敌方步兵,2,13151.608,active,0,0,True,True,False,moving,0.0,1.117,1587.684
353,opponent-infantry-2,opponent-rmuc-2026-region,infantry,19863.886,3288.863,robot:tarsgo-hero,24326.05,9479.362,追击敌方英雄,1,7631.067,active,0,0,True,True,False,moving,0.0,1.817,1897.239
353,opponent-sentry,opponent-rmuc-2026-region,sentry,25075.0,2836.0,zone:fortress:blue,,,占领堡垒,0,0.0,none,0,0,True,True,False,legal wait: no active movement route,0.0,0.0,0.0
353,opponent-drone,opponent-rmuc-2026-region,drone,26000.0,12600.0,,,,空中弹量耗尽,0,0.0,none,0,0,False,False,False,dead/respawning,0.0,0.0,0.0
354,tarsgo-hero,tarsgo-rmuc-2026-region,hero,24326.05,9479.362,zone:supply:red,2006.0,13050.0,前往补给区,3,24136.178,active,0,0,True,False,False,movement permission or chassis power lock,0.0,1.817,0.0
354,tarsgo-engineer,tarsgo-rmuc-2026-region,engineer,3194.0,13050.0,zone:supply:red,,,后方待命,0,0.0,none,0,0,True,True,False,legal wait: no active movement route,0.0,0.083,0.0
354,tarsgo-infantry-1,tarsgo-rmuc-2026-region,infantry,9302.276,1685.795,robot:opponent-hero,21111.7,664.163,追击敌方英雄,3,12593.73,active,0,0,True,True,False,moving,0.0,0.6,1900.0
354,tarsgo-infantry-2,tarsgo-rmuc-2026-region,infantry,14611.227,5918.342,zone:supply:red,2924.0,13732.0,前往补给区,2,17019.599,active,0,0,True,False,False,movement permission or chassis power lock,0.0,0.567,0.0
354,tarsgo-sentry,tarsgo-rmuc-2026-region,sentry,2941.743,12169.451,zone:fortress:red,,,占领堡垒,0,0.0,none,0,0,True,True,False,legal wait: no active movement route,0.0,1.783,0.0
354,tarsgo-drone,tarsgo-rmuc-2026-region,drone,24253.997,3253.224,robot:opponent-engineer,,,空中压制敌方工程,0,0.0,none,0,0,True,True,False,legal wait: no active movement route,0.0,0.0,0.0
354,opponent-hero,opponent-rmuc-2026-region,hero,22187.064,717.127,zone:supply:blue,25994.0,1950.0,前往补给区,2,4771.636,active,0,0,True,True,False,moving,0.0,0.317,1900.0
354,opponent-engineer,opponent-rmuc-2026-region,engineer,24806.0,1950.0,zone:supply:blue,,,后方待命,0,0.0,none,0,0,True,True,False,legal wait: no active movement route,0.0,0.0,0.0
354,opponent-infantry-1,opponent-rmuc-2026-region,infantry,22305.859,2483.264,robot:tarsgo-infantry-2,14611.227,5918.342,追击敌方步兵,2,11251.608,active,0,0,True,True,False,moving,0.0,1.117,1900.0
354,opponent-infantry-2,opponent-rmuc-2026-region,infantry,21090.459,4124.042,defense:blue-base,25076.0,1268.0,防守基地,1,4903.214,active,0,0,True,True,False,moving,0.0,1.817,1483.916
354,opponent-sentry,opponent-rmuc-2026-region,sentry,25075.0,2836.0,zone:fortress:blue,,,占领堡垒,0,0.0,none,0,0,True,True,False,legal wait: no active movement route,0.0,0.0,0.0
354,opponent-drone,opponent-rmuc-2026-region,drone,26000.0,12600.0,,,,空中弹量耗尽,0,0.0,none,0,0,False,False,False,dead/respawning,0.0,0.0,0.0
355,tarsgo-hero,tarsgo-rmuc-2026-region,hero,24326.05,9479.362,zone:supply:red,2006.0,13050.0,前往补给区,3,24136.178,active,0,0,True,False,False,movement permission or chassis power lock,0.0,1.817,0.0
355,tarsgo-engineer,tarsgo-rmuc-2026-region,engineer,3194.0,13050.0,zone:supply:red,,,后方待命,0,0.0,none,0,0,True,True,False,legal wait: no active movement route,0.0,0.083,0.0
355,tarsgo-infantry-1,tarsgo-rmuc-2026-region,infantry,10570.849,500.0,robot:opponent-hero,23958.25,804.363,追击敌方英雄,2,13639.038,active,0,0,True,True,False,moving,0.0,0.6,1736.487
355,tarsgo-infantry-2,tarsgo-rmuc-2026-region,infantry,14611.227,5918.342,zone:supply:red,2924.0,13732.0,前往补给区,2,17019.599,active,0,0,True,False,False,movement permission or chassis power lock,0.0,0.567,0.0
355,tarsgo-sentry,tarsgo-rmuc-2026-region,sentry,2941.743,12169.451,zone:fortress:red,,,占领堡垒,0,0.0,none,0,0,True,True,False,legal wait: no active movement route,0.0,1.783,0.0
355,tarsgo-drone,tarsgo-rmuc-2026-region,drone,24253.997,3253.224,robot:opponent-engineer,,,空中压制敌方工程,0,0.0,none,0,0,True,True,False,legal wait: no active movement route,0.0,0.0,0.0
355,opponent-hero,opponent-rmuc-2026-region,hero,24084.763,810.594,zone:supply:blue,25994.0,1950.0,前往补给区,2,2871.636,active,0,0,True,True,False,moving,0.0,0.317,1900.0
355,opponent-engineer,opponent-rmuc-2026-region,engineer,24806.0,1950.0,zone:supply:blue,,,后方待命,0,0.0,none,0,0,True,True,False,legal wait: no active movement route,0.0,0.0,0.0
355,opponent-infantry-1,opponent-rmuc-2026-region,infantry,21665.094,2863.224,robot:tarsgo-hero,24326.05,9479.362,追击敌方英雄,1,7131.196,active,0,0,True,True,False,moving,0.0,1.117,744.949
355,opponent-infantry-2,opponent-rmuc-2026-region,infantry,22634.86,3017.323,defense:blue-base,25076.0,1268.0,防守基地,1,3003.214,active,0,0,True,True,False,moving,0.0,1.817,1900.0
355,opponent-sentry,opponent-rmuc-2026-region,sentry,25075.0,2836.0,zone:fortress:blue,,,占领堡垒,0,0.0,none,0,0,True,True,False,legal wait: no active movement route,0.0,0.0,0.0
355,opponent-drone,opponent-rmuc-2026-region,drone,26000.0,12600.0,,,,空中弹量耗尽,0,0.0,none,0,0,False,False,False,dead/respawning,0.0,0.0,0.0
356,tarsgo-hero,tarsgo-rmuc-2026-region,hero,24326.05,9479.362,zone:supply:red,2006.0,13050.0,前往补给区,3,24136.178,active,0,0,True,False,False,movement permission or chassis power lock,0.0,1.817,0.0
356,tarsgo-engineer,tarsgo-rmuc-2026-region,engineer,3194.0,13050.0,zone:supply:red,,,后方待命,0,0.0,none,0,0,True,True,False,legal wait: no active movement route,0.0,0.083,0.0
356,tarsgo-infantry-1,tarsgo-rmuc-2026-region,infantry,12470.849,500.0,robot:opponent-hero,24780.586,844.866,追击敌方英雄,2,12583.307,active,0,0,True,True,False,moving,0.0,0.6,1900.0
356,tarsgo-infantry-2,tarsgo-rmuc-2026-region,infantry,14611.227,5918.342,zone:supply:red,2924.0,13732.0,前往补给区,2,17019.599,active,0,0,True,False,False,movement permission or chassis power lock,0.0,0.567,0.0
356,tarsgo-sentry,tarsgo-rmuc-2026-region,sentry,2941.743,12169.451,zone:fortress:red,,,占领堡垒,0,0.0,none,0,0,True,True,False,legal wait: no active movement route,0.0,1.783,0.0
356,tarsgo-drone,tarsgo-rmuc-2026-region,drone,24253.997,3253.224,robot:opponent-engineer,,,空中压制敌方工程,0,0.0,none,0,0,True,True,False,legal wait: no active movement route,0.0,0.0,0.0
356,opponent-hero,opponent-rmuc-2026-region,hero,24780.586,844.866,zone:supply:blue,,,补充弹量,0,0.0,none,0,0,True,True,False,legal wait: no active movement route,0.0,0.317,696.667
356,opponent-engineer,opponent-rmuc-2026-region,engineer,24806.0,1950.0,zone:supply:blue,,,后方待命,0,0.0,none,0,0,True,True,False,legal wait: no active movement route,0.0,0.0,0.0
356,opponent-infantry-1,opponent-rmuc-2026-region,infantry,22374.066,4625.994,robot:tarsgo-hero,24326.05,9479.362,追击敌方英雄,1,5231.196,active,0,0,True,True,False,moving,0.0,1.117,1900.0
356,opponent-infantry-2,opponent-rmuc-2026-region,infantry,24179.261,1910.604,defense:blue-base,25076.0,1268.0,防守基地,1,1103.214,active,0,0,True,True,False,moving,0.0,1.817,1900.0
356,opponent-sentry,opponent-rmuc-2026-region,sentry,25075.0,2836.0,zone:fortress:blue,,,占领堡垒,0,0.0,none,0,0,True,True,False,legal wait: no active movement route,0.0,0.0,0.0
356,opponent-drone,opponent-rmuc-2026-region,drone,26000.0,12600.0,,,,空中弹量耗尽,0,0.0,none,0,0,False,False,False,dead/respawning,0.0,0.0,0.0
357,tarsgo-hero,tarsgo-rmuc-2026-region,hero,24326.05,9479.362,zone:supply:red,2006.0,13050.0,前往补给区,3,24136.178,active,0,0,True,False,False,movement permission or chassis power lock,0.0,1.817,0.0
357,tarsgo-engineer,tarsgo-rmuc-2026-region,engineer,3194.0,13050.0,zone:supply:red,,,后方待命,0,0.0,none,0,0,True,True,False,legal wait: no active movement route,0.0,0.083,0.0
357,tarsgo-infantry-1,tarsgo-rmuc-2026-region,infantry,13769.182,500.0,robot:opponent-hero,24780.586,844.866,追击敌方英雄,2,11284.974,active,0,0,True,False,False,movement permission or chassis power lock,0.0,0.6,1298.333
357,tarsgo-infantry-2,tarsgo-rmuc-2026-region,infantry,14525.933,6088.122,zone:supply:red,2924.0,13732.0,前往补给区,2,16829.599,active,0,0,True,True,False,moving,0.0,0.567,190.0
357,tarsgo-sentry,tarsgo-rmuc-2026-region,sentry,2941.743,12169.451,zone:fortress:red,,,占领堡垒,0,0.0,none,0,0,True,True,False,legal wait: no active movement route,0.0,1.783,0.0
357,tarsgo-drone,tarsgo-rmuc-2026-region,drone,24253.997,3253.224,robot:opponent-engineer,,,空中压制敌方工程,0,0.0,none,0,0,True,True,False,legal wait: no active movement route,0.0,0.0,0.0
357,opponent-hero,opponent-rmuc-2026-region,hero,24780.586,844.866,structure:red-base,,,进攻基地,0,0.0,searching,2,2,True,True,False,waiting for path search,0.0,0.317,0.0
357,opponent-engineer,opponent-rmuc-2026-region,engineer,24806.0,1950.0,zone:supply:blue,,,后方待命,0,0.0,none,0,0,True,True,False,legal wait: no active movement route,0.0,0.0,0.0
357,opponent-infantry-1,opponent-rmuc-2026-region,infantry,23083.037,6388.765,robot:tarsgo-hero,24326.05,9479.362,追击敌方英雄,1,3331.196,active,0,0,True,True,False,moving,0.0,1.117,1900.0
357,opponent-infantry-2,opponent-rmuc-2026-region,infantry,25076.0,1268.0,defense:blue-base,,,防守基地,0,0.0,none,0,0,True,True,False,legal wait: no active movement route,0.0,1.817,1103.214
357,opponent-sentry,opponent-rmuc-2026-region,sentry,25075.0,2836.0,zone:fortress:blue,,,占领堡垒,0,0.0,none,0,0,True,True,False,legal wait: no active movement route,0.0,0.0,0.0
357,opponent-drone,opponent-rmuc-2026-region,drone,26000.0,12600.0,,,,空中弹量耗尽,0,0.0,none,0,0,False,False,False,dead/respawning,0.0,0.0,0.0
358,tarsgo-hero,tarsgo-rmuc-2026-region,hero,22963.112,10512.076,zone:supply:red,2006.0,13050.0,前往补给区,3,22426.178,active,0,0,True,True,False,moving,0.0,1.817,1710.0
358,tarsgo-engineer,tarsgo-rmuc-2026-region,engineer,3194.0,13050.0,zone:supply:red,,,后方待命,0,0.0,none,0,0,True,True,False,legal wait: no active movement route,0.0,0.083,0.0
358,tarsgo-infantry-1,tarsgo-rmuc-2026-region,infantry,13769.182,500.0,robot:opponent-hero,23040.293,775.727,追击敌方英雄,2,9612.935,active,0,0,True,False,False,movement permission or chassis power lock,0.0,0.6,0.0
358,tarsgo-infantry-2,tarsgo-rmuc-2026-region,infantry,13673.001,7785.916,zone:supply:red,2924.0,13732.0,前往补给区,2,14929.599,active,0,0,True,True,False,moving,0.0,0.567,1900.0
358,tarsgo-sentry,tarsgo-rmuc-2026-region,sentry,2941.743,12169.451,zone:fortress:red,,,占领堡垒,0,0.0,none,0,0,True,True,False,legal wait: no active movement route,0.0,1.783,0.0
358,tarsgo-drone,tarsgo-rmuc-2026-region,drone,24253.997,3253.224,robot:opponent-engineer,,,空中压制敌方工程,0,0.0,none,0,0,True,True,False,legal wait: no active movement route,0.0,0.0,0.0
358,opponent-hero,opponent-rmuc-2026-region,hero,22913.726,770.698,structure:red-base,2407.0,7500.0,进攻基地,3,26430.32,active,0,0,True,True,False,moving,0.0,0.317,1868.333
358,opponent-engineer,opponent-rmuc-2026-region,engineer,24806.0,1950.0,zone:supply:blue,,,后方待命,0,0.0,none,0,0,True,True,False,legal wait: no active movement route,0.0,0.0,0.0
358,opponent-infantry-1,opponent-rmuc-2026-region,infantry,23528.486,8211.484,robot:tarsgo-hero,23644.581,9995.719,追击敌方英雄,1,1788.008,active,0,0,True,True,False,moving,0.0,1.117,1876.361
358,opponent-infantry-2,opponent-rmuc-2026-region,infantry,25076.0,1268.0,defense:blue-base,,,防守基地,0,0.0,none,0,0,True,True,False,legal wait: no active movement route,0.0,1.817,0.0
358,opponent-sentry,opponent-rmuc-2026-region,sentry,25075.0,2836.0,zone:fortress:blue,,,占领堡垒,0,0.0,none,0,0,True,True,False,legal wait: no active movement route,0.0,0.0,0.0
358,opponent-drone,opponent-rmuc-2026-region,drone,26000.0,12600.0,,,,空中弹量耗尽,0,0.0,none,0,0,False,False,False,dead/respawning,0.0,0.0,0.0
359,tarsgo-hero,tarsgo-rmuc-2026-region,hero,21448.736,11659.537,zone:supply:red,2006.0,13050.0,前往补给区,3,20526.178,active,0,0,True,True,False,moving,0.0,1.817,1900.0
359,tarsgo-engineer,tarsgo-rmuc-2026-region,engineer,3194.0,13050.0,zone:supply:red,,,后方待命,0,0.0,none,0,0,True,True,False,legal wait: no active movement route,0.0,0.083,0.0
359,tarsgo-infantry-1,tarsgo-rmuc-2026-region,infantry,13769.182,500.0,robot:opponent-hero,21616.416,719.158,追击敌方英雄,2,8165.374,active,0,0,True,False,False,movement permission or chassis power lock,0.0,0.6,0.0
359,tarsgo-infantry-2,tarsgo-rmuc-2026-region,infantry,12820.068,9483.71,zone:supply:red,2924.0,13732.0,前往补给区,2,13029.599,active,0,0,True,True,False,moving,0.0,0.567,1900.0
359,tarsgo-sentry,tarsgo-rmuc-2026-region,sentry,2941.743,12169.451,zone:fortress:red,,,占领堡垒,0,0.0,none,0,0,True,True,False,legal wait: no active movement route,0.0,1.783,0.0
359,tarsgo-drone,tarsgo-rmuc-2026-region,drone,24253.997,3253.224,robot:opponent-engineer,,,空中压制敌方工程,0,0.0,none,0,0,True,True,False,legal wait: no active movement route,0.0,0.0,0.0
359,opponent-hero,opponent-rmuc-2026-region,hero,21015.223,695.274,structure:red-base,2407.0,7500.0,进攻基地,3,24530.32,active,0,0,True,True,False,moving,0.0,0.317,1900.0
359,opponent-engineer,opponent-rmuc-2026-region,engineer,24806.0,1950.0,zone:supply:blue,,,后方待命,0,0.0,none,0,0,True,True,False,legal wait: no active movement route,0.0,0.0,0.0
359,opponent-infantry-1,opponent-rmuc-2026-region,infantry,23565.496,8780.281,robot:tarsgo-hero,,,追击敌方英雄,0,0.0,none,0,0,True,True,False,legal wait: no active movement route,0.0,1.117,570.0
359,opponent-infantry-2,opponent-rmuc-2026-region,infantry,23626.04,1128.385,zone:central:blue,17188.0,8960.0,前往中央区域,2,15016.681,active,0,0,True,True,False,moving,0.0,1.817,1456.667
359,opponent-sentry,opponent-rmuc-2026-region,sentry,25075.0,2836.0,zone:fortress:blue,,,占领堡垒,0,0.0,none,0,0,True,True,False,legal wait: no active movement route,0.0,0.0,0.0
359,opponent-drone,opponent-rmuc-2026-region,drone,26000.0,12600.0,,,,空中弹量耗尽,0,0.0,none,0,0,False,False,False,dead/respawning,0.0,0.0,0.0
360,tarsgo-hero,tarsgo-rmuc-2026-region,hero,19934.36,12806.998,zone:supply:red,2006.0,13050.0,前往补给区,3,18626.178,active,0,0,True,True,False,moving,0.0,1.817,1900.0
360,tarsgo-engineer,tarsgo-rmuc-2026-region,engineer,3194.0,13050.0,zone:supply:red,,,后方待命,0,0.0,none,0,0,True,True,False,legal wait: no active movement route,0.0,0.083,0.0
360,tarsgo-infantry-1,tarsgo-rmuc-2026-region,infantry,13769.182,500.0,robot:opponent-hero,20192.539,662.59,追击敌方英雄,2,6517.898,active,0,0,True,False,False,movement permission or chassis power lock,0.0,0.6,0.0
360,tarsgo-infantry-2,tarsgo-rmuc-2026-region,infantry,11967.135,11181.505,zone:supply:red,2924.0,13732.0,前往补给区,2,11129.599,active,0,0,True,True,False,moving,0.0,0.567,1900.0
360,tarsgo-sentry,tarsgo-rmuc-2026-region,sentry,2941.743,12169.451,zone:fortress:red,,,占领堡垒,0,0.0,none,0,0,True,True,False,legal wait: no active movement route,0.0,1.783,0.0
360,tarsgo-drone,tarsgo-rmuc-2026-region,drone,24253.997,3253.224,robot:opponent-engineer,,,空中压制敌方工程,0,0.0,none,0,0,True,True,False,legal wait: no active movement route,0.0,0.0,0.0
360,opponent-hero,opponent-rmuc-2026-region,hero,19401.496,631.163,structure:red-base,,,进攻基地,0,0.0,searching,4,4,True,True,False,waiting for path search,0.0,0.317,1615.0
360,opponent-engineer,opponent-rmuc-2026-region,engineer,24806.0,1950.0,zone:supply:blue,,,后方待命,0,0.0,none,0,0,True,True,False,legal wait: no active movement route,0.0,0.0,0.0
360,opponent-infantry-1,opponent-rmuc-2026-region,infantry,22453.849,10200.08,robot:tarsgo-hero,20237.235,12577.506,追击敌方英雄,1,3250.466,active,0,0,True,True,False,moving,0.0,1.117,1803.216
360,opponent-infantry-2,opponent-rmuc-2026-region,infantry,21734.787,946.278,zone:central:blue,17188.0,8960.0,前往中央区域,2,13116.681,active,0,0,True,True,False,moving,0.0,1.817,1900.0
360,opponent-sentry,opponent-rmuc-2026-region,sentry,25075.0,2836.0,zone:fortress:blue,,,占领堡垒,0,0.0,none,0,0,True,True,False,legal wait: no active movement route,0.0,0.0,0.0
360,opponent-drone,opponent-rmuc-2026-region,drone,26000.0,12600.0,,,,空中弹量耗尽,0,0.0,none,0,0,False,False,False,dead/respawning,0.0,0.0,0.0
361,tarsgo-hero,tarsgo-rmuc-2026-region,hero,18899.537,13591.096,zone:supply:red,,,前往补给区,0,0.0,searching,1,1,True,True,False,waiting for path search,0.0,1.817,1298.333
361,tarsgo-engineer,tarsgo-rmuc-2026-region,engineer,3194.0,13050.0,zone:supply:red,,,后方待命,0,0.0,none,0,0,True,True,False,legal wait: no active movement route,0.0,0.083,0.0
361,tarsgo-infantry-1,tarsgo-rmuc-2026-region,infantry,13769.182,500.0,robot:opponent-hero,18990.197,613.769,追击敌方英雄,2,5276.004,active,0,0,True,False,False,movement permission or chassis power lock,0.0,0.6,0.0
361,tarsgo-infantry-2,tarsgo-rmuc-2026-region,infantry,11114.203,12879.299,zone:supply:red,2924.0,13732.0,前往补给区,2,9229.599,active,0,0,True,True,False,moving,0.0,0.567,1900.0
361,tarsgo-sentry,tarsgo-rmuc-2026-region,sentry,2941.743,12169.451,zone:fortress:red,,,占领堡垒,0,0.0,none,0,0,True,True,False,legal wait: no active movement route,0.0,1.783,0.0
361,tarsgo-drone,tarsgo-rmuc-2026-region,drone,24253.997,3253.224,robot:opponent-engineer,,,空中压制敌方工程,0,0.0,none,0,0,True,True,False,legal wait: no active movement route,0.0,0.0,0.0
361,opponent-hero,opponent-rmuc-2026-region,hero,18863.644,608.417,structure:red-base,2407.0,7500.0,进攻基地,3,22377.155,active,0,0,True,True,False,moving,0.0,0.317,538.333
361,opponent-engineer,opponent-rmuc-2026-region,engineer,24806.0,1950.0,zone:supply:blue,,,后方待命,0,0.0,none,0,0,True,True,False,legal wait: no active movement route,0.0,0.0,0.0
361,opponent-infantry-1,opponent-rmuc-2026-region,infantry,21118.519,11550.188,robot:tarsgo-hero,19101.454,13438.101,追击敌方英雄,1,2762.747,active,0,0,True,True,False,moving,0.0,1.117,1898.92
361,opponent-infantry-2,opponent-rmuc-2026-region,infantry,19843.534,764.172,zone:central:blue,17188.0,8960.0,前往中央区域,2,11216.681,active,0,0,True,True,False,moving,0.0,1.817,1900.0
361,opponent-sentry,opponent-rmuc-2026-region,sentry,25075.0,2836.0,zone:fortress:blue,,,占领堡垒,0,0.0,none,0,0,True,True,False,legal wait: no active movement route,0.0,0.0,0.0
361,opponent-drone,opponent-rmuc-2026-region,drone,26000.0,12600.0,,,,空中弹量耗尽,0,0.0,none,0,0,False,False,False,dead/respawning,0.0,0.0,0.0
362,tarsgo-hero,tarsgo-rmuc-2026-region,hero,17350.992,14500.0,zone:supply:red,2006.0,13050.0,前往补给区,2,15473.847,active,0,0,True,True,False,moving,0.0,1.817,1795.577
362,tarsgo-engineer,tarsgo-rmuc-2026-region,engineer,3194.0,13050.0,zone:supply:red,,,后方待命,0,0.0,none,0,0,True,True,False,legal wait: no active movement route,0.0,0.083,0.0
362,tarsgo-infantry-1,tarsgo-rmuc-2026-region,infantry,14339.126,508.039,robot:opponent-hero,17566.47,553.559,追击敌方英雄,1,3227.665,active,0,0,True,True,False,moving,0.0,0.6,570.0
362,tarsgo-infantry-2,tarsgo-rmuc-2026-region,infantry,10214.188,14491.065,zone:supply:red,2924.0,13732.0,前往补给区,1,7329.599,active,0,0,True,True,False,moving,0.0,0.567,1846.027
362,tarsgo-sentry,tarsgo-rmuc-2026-region,sentry,2941.743,12169.451,zone:fortress:red,,,占领堡垒,0,0.0,none,0,0,True,True,False,legal wait: no active movement route,0.0,1.783,0.0
362,tarsgo-drone,tarsgo-rmuc-2026-region,drone,24253.997,3253.224,robot:opponent-engineer,,,空中压制敌方工程,0,0.0,none,0,0,True,True,False,legal wait: no active movement route,0.0,0.0,0.0
362,opponent-hero,opponent-rmuc-2026-region,hero,16965.341,528.137,structure:red-base,2407.0,7500.0,进攻基地,3,20477.155,active,0,0,True,True,False,moving,0.0,0.317,1900.0
362,opponent-engineer,opponent-rmuc-2026-region,engineer,24806.0,1950.0,zone:supply:blue,,,后方待命,0,0.0,none,0,0,True,True,False,legal wait: no active movement route,0.0,0.0,0.0
362,opponent-infantry-1,opponent-rmuc-2026-region,infantry,19721.009,12837.381,robot:tarsgo-hero,18477.82,13974.574,追击敌方英雄,1,1684.852,active,0,0,True,True,False,moving,0.0,1.117,1899.974
362,opponent-infantry-2,opponent-rmuc-2026-region,infantry,18267.553,611.816,robot:tarsgo-infantry-1,14307.462,507.592,追击敌方步兵,2,3966.54,active,0,0,True,True,False,moving,0.0,1.817,1583.328
362,opponent-sentry,opponent-rmuc-2026-region,sentry,25075.0,2836.0,zone:fortress:blue,,,占领堡垒,0,0.0,none,0,0,True,True,False,legal wait: no active movement route,0.0,0.0,0.0
362,opponent-drone,opponent-rmuc-2026-region,drone,26000.0,12600.0,,,,空中弹量耗尽,0,0.0,none,0,0,False,False,False,dead/respawning,0.0,0.0,0.0
363,tarsgo-hero,tarsgo-rmuc-2026-region,hero,15450.992,14500.0,zone:supply:red,2006.0,13050.0,前往补给区,2,13573.847,active,0,0,True,True,False,moving,0.0,1.817,1900.0
363,tarsgo-engineer,tarsgo-rmuc-2026-region,engineer,3194.0,13050.0,zone:supply:red,,,后方待命,0,0.0,none,0,0,True,True,False,legal wait: no active movement route,0.0,0.083,0.0
363,tarsgo-infantry-1,tarsgo-rmuc-2026-region,infantry,14529.023,521.11,zone:supply:red,2276.0,12368.0,前往补给区,3,22909.413,active,0,0,True,True,False,moving,0.0,0.6,190.347
363,tarsgo-infantry-2,tarsgo-rmuc-2026-region,infantry,8324.405,14294.298,zone:supply:red,2924.0,13732.0,前往补给区,1,5429.599,active,0,0,True,True,False,moving,0.0,0.567,1900.0
363,tarsgo-sentry,tarsgo-rmuc-2026-region,sentry,2941.743,12169.451,zone:fortress:red,,,占领堡垒,0,0.0,none,0,0,True,True,False,legal wait: no active movement route,0.0,1.783,0.0
363,tarsgo-drone,tarsgo-rmuc-2026-region,drone,24253.997,3253.224,robot:opponent-engineer,,,空中压制敌方工程,0,0.0,none,0,0,True,True,False,legal wait: no active movement route,0.0,0.0,0.0
363,opponent-hero,opponent-rmuc-2026-region,hero,18420.752,588.591,zone:supply:blue,25994.0,1950.0,前往补给区,2,8539.927,active,0,0,True,True,False,moving,0.0,0.317,1456.667
363,opponent-engineer,opponent-rmuc-2026-region,engineer,24806.0,1950.0,zone:supply:blue,,,后方待命,0,0.0,none,0,0,True,True,False,legal wait: no active movement route,0.0,0.0,0.0
363,opponent-infantry-1,opponent-rmuc-2026-region,infantry,19200.23,13299.741,robot:tarsgo-hero,15830.992,14500.0,追击敌方英雄,2,3838.533,active,0,0,True,True,False,moving,0.0,1.117,696.411
363,opponent-infantry-2,opponent-rmuc-2026-region,infantry,18807.922,481.346,robot:tarsgo-infantry-1,15035.689,522.098,追击敌方步兵,2,4467.958,active,0,0,True,True,False,moving,0.0,1.817,555.896
363,opponent-sentry,opponent-rmuc-2026-region,sentry,25075.0,2836.0,zone:fortress:blue,,,占领堡垒,0,0.0,none,0,0,True,True,False,legal wait: no active movement route,0.0,0.0,0.0
363,opponent-drone,opponent-rmuc-2026-region,drone,26000.0,12600.0,,,,空中弹量耗尽,0,0.0,none,0,0,False,False,False,dead/respawning,0.0,0.0,0.0
364,tarsgo-hero,tarsgo-rmuc-2026-region,hero,13550.992,14500.0,zone:supply:red,2006.0,13050.0,前往补给区,2,11673.847,active,0,0,True,True,False,moving,0.0,1.817,1900.0
364,tarsgo-engineer,tarsgo-rmuc-2026-region,engineer,3194.0,13050.0,zone:supply:red,,,后方待命,0,0.0,none,0,0,True,True,False,legal wait: no active movement route,0.0,0.083,0.0
364,tarsgo-infantry-1,tarsgo-rmuc-2026-region,infantry,12629.027,517.406,zone:supply:red,2276.0,12368.0,前往补给区,3,21009.413,active,0,0,True,True,False,moving,0.0,0.6,1900.0
364,tarsgo-infantry-2,tarsgo-rmuc-2026-region,infantry,6434.621,14097.531,zone:supply:red,2924.0,13732.0,前往补给区,1,3529.599,active,0,0,True,True,False,moving,0.0,0.567,1900.0
364,tarsgo-sentry,tarsgo-rmuc-2026-region,sentry,2941.743,12169.451,zone:fortress:red,,,占领堡垒,0,0.0,none,0,0,True,True,False,legal wait: no active movement route,0.0,1.783,0.0
364,tarsgo-drone,tarsgo-rmuc-2026-region,drone,24253.997,3253.224,robot:opponent-engineer,,,空中压制敌方工程,0,0.0,none,0,0,True,True,False,legal wait: no active movement route,0.0,0.0,0.0
364,opponent-hero,opponent-rmuc-2026-region,hero,18894.183,1209.123,zone:supply:blue,25994.0,1950.0,前往补给区,2,8066.832,active,0,0,True,True,False,moving,0.0,0.317,780.511
364,opponent-engineer,opponent-rmuc-2026-region,engineer,24806.0,1950.0,zone:supply:blue,,,后方待命,0,0.0,none,0,0,True,True,False,legal wait: no active movement route,0.0,0.0,0.0
364,opponent-infantry-1,opponent-rmuc-2026-region,infantry,18222.012,14149.717,robot:tarsgo-hero,14405.992,14500.0,追击敌方英雄,0,0.0,none,0,0,True,True,False,legal wait: no active movement route,0.0,1.117,1295.905
364,opponent-infantry-2,opponent-rmuc-2026-region,infantry,17603.146,470.238,robot:tarsgo-infantry-1,13610.692,519.32,追击敌方步兵,1,3992.756,active,0,0,True,True,False,moving,0.0,1.817,1204.827
364,opponent-sentry,opponent-rmuc-2026-region,sentry,25075.0,2836.0,zone:fortress:blue,,,占领堡垒,0,0.0,none,0,0,True,True,False,legal wait: no active movement route,0.0,0.0,0.0
364,opponent-drone,opponent-rmuc-2026-region,drone,26000.0,12600.0,,,,空中弹量耗尽,0,0.0,none,0,0,False,False,False,dead/respawning,0.0,0.0,0.0
365,tarsgo-hero,tarsgo-rmuc-2026-region,hero,11650.992,14500.0,zone:supply:red,2006.0,13050.0,前往补给区,2,9773.847,active,0,0,True,True,False,moving,0.0,1.817,1900.0
365,tarsgo-engineer,tarsgo-rmuc-2026-region,engineer,3194.0,13050.0,zone:supply:red,,,后方待命,0,0.0,none,0,0,True,True,False,legal wait: no active movement route,0.0,0.083,0.0
365,tarsgo-infantry-1,tarsgo-rmuc-2026-region,infantry,10729.031,513.702,zone:supply:red,2276.0,12368.0,前往补给区,3,19109.413,active,0,0,True,True,False,moving,0.0,0.6,1900.0
365,tarsgo-infantry-2,tarsgo-rmuc-2026-region,infantry,4544.837,13900.764,zone:supply:red,2924.0,13732.0,前往补给区,1,1629.599,active,0,0,True,True,False,moving,0.0,0.567,1900.0
365,tarsgo-sentry,tarsgo-rmuc-2026-region,sentry,2941.743,12169.451,zone:fortress:red,,,占领堡垒,0,0.0,none,0,0,True,True,False,legal wait: no active movement route,0.0,1.783,0.0
365,tarsgo-drone,tarsgo-rmuc-2026-region,drone,24253.997,3253.224,robot:opponent-engineer,,,空中压制敌方工程,0,0.0,none,0,0,True,True,False,legal wait: no active movement route,0.0,0.0,0.0
365,opponent-hero,opponent-rmuc-2026-region,hero,20792.337,1125.369,zone:supply:blue,25994.0,1950.0,前往补给区,2,6166.832,active,0,0,True,True,False,moving,0.0,0.317,1900.0
365,opponent-engineer,opponent-rmuc-2026-region,engineer,24806.0,1950.0,zone:supply:blue,,,后方待命,0,0.0,none,0,0,True,True,False,legal wait: no active movement route,0.0,0.0,0.0
365,opponent-infantry-1,opponent-rmuc-2026-region,infantry,17045.804,14500.0,robot:tarsgo-hero,12980.992,14500.0,追击敌方英雄,1,4064.812,active,0,0,True,True,False,moving,0.0,1.117,1227.258
365,opponent-infantry-2,opponent-rmuc-2026-region,infantry,15703.228,487.559,robot:tarsgo-infantry-1,10760.697,513.764,追击敌方步兵,1,4942.6,active,0,0,True,True,False,moving,0.0,1.817,1899.997
365,opponent-sentry,opponent-rmuc-2026-region,sentry,25075.0,2836.0,zone:fortress:blue,,,占领堡垒,0,0.0,none,0,0,True,True,False,legal wait: no active movement route,0.0,0.0,0.0
365,opponent-drone,opponent-rmuc-2026-region,drone,26000.0,12600.0,,,,空中弹量耗尽,0,0.0,none,0,0,False,False,False,dead/respawning,0.0,0.0,0.0
366,tarsgo-hero,tarsgo-rmuc-2026-region,hero,9756.461,14438.457,zone:supply:red,2006.0,13050.0,前往补给区,1,7873.847,active,0,0,True,True,False,moving,0.0,1.817,1895.53
366,tarsgo-engineer,tarsgo-rmuc-2026-region,engineer,3194.0,13050.0,zone:supply:red,,,后方待命,0,0.0,none,0,0,True,True,False,legal wait: no active movement route,0.0,0.083,0.0
366,tarsgo-infantry-1,tarsgo-rmuc-2026-region,infantry,8829.034,509.998,zone:supply:red,2276.0,12368.0,前往补给区,3,17209.413,active,0,0,True,True,False,moving,0.0,0.6,1900.0
366,tarsgo-infantry-2,tarsgo-rmuc-2026-region,infantry,3851.916,13828.616,zone:supply:red,,,补充弹量,0,0.0,none,0,0,True,True,False,legal wait: no active movement route,0.0,0.567,696.667
366,tarsgo-sentry,tarsgo-rmuc-2026-region,sentry,2941.743,12169.451,zone:fortress:red,,,占领堡垒,0,0.0,none,0,0,True,True,False,legal wait: no active movement route,0.0,1.783,0.0
366,tarsgo-drone,tarsgo-rmuc-2026-region,drone,24253.997,3253.224,robot:opponent-engineer,,,空中压制敌方工程,0,0.0,none,0,0,True,True,False,legal wait: no active movement route,0.0,0.0,0.0
366,opponent-hero,opponent-rmuc-2026-region,hero,22690.49,1041.616,zone:supply:blue,25994.0,1950.0,前往补给区,2,4266.832,active,0,0,True,True,False,moving,0.0,0.317,1900.0
366,opponent-engineer,opponent-rmuc-2026-region,engineer,24806.0,1950.0,zone:supply:blue,,,后方待命,0,0.0,none,0,0,True,True,False,legal wait: no active movement route,0.0,0.0,0.0
366,opponent-infantry-1,opponent-rmuc-2026-region,infantry,15145.804,14500.0,robot:tarsgo-hero,10130.992,14500.0,追击敌方英雄,1,5014.812,active,0,0,True,True,False,moving,0.0,1.117,1900.0
366,opponent-infantry-2,opponent-rmuc-2026-region,infantry,13803.25,496.58,robot:tarsgo-infantry-1,9335.7,510.986,追击敌方步兵,1,4467.573,active,0,0,True,True,False,moving,0.0,1.817,1899.999
366,opponent-sentry,opponent-rmuc-2026-region,sentry,25075.0,2836.0,zone:fortress:blue,,,占领堡垒,0,0.0,none,0,0,True,True,False,legal wait: no active movement route,0.0,0.0,0.0
366,opponent-drone,opponent-rmuc-2026-region,drone,26000.0,12600.0,,,,空中弹量耗尽,0,0.0,none,0,0,False,False,False,dead/respawning,0.0,0.0,0.0
367,tarsgo-hero,tarsgo-rmuc-2026-region,hero,7886.235,14103.415,zone:supply:red,2006.0,13050.0,前往补给区,1,5973.847,active,0,0,True,True,False,moving,0.0,1.817,1900.0
367,tarsgo-engineer,tarsgo-rmuc-2026-region,engineer,3194.0,13050.0,zone:supply:red,,,后方待命,0,0.0,none,0,0,True,True,False,legal wait: no active movement route,0.0,0.083,0.0
367,tarsgo-infantry-1,tarsgo-rmuc-2026-region,infantry,6929.038,506.295,zone:supply:red,2276.0,12368.0,前往补给区,3,15309.413,active,0,0,True,True,False,moving,0.0,0.6,1900.0
367,tarsgo-infantry-2,tarsgo-rmuc-2026-region,infantry,5522.687,13987.77,robot:opponent-infantry-1,13499.138,14500.0,追击敌方步兵,2,8000.793,active,0,0,True,True,False,moving,0.0,0.567,1678.333
367,tarsgo-sentry,tarsgo-rmuc-2026-region,sentry,2941.743,12169.451,zone:fortress:red,,,占领堡垒,0,0.0,none,0,0,True,True,False,legal wait: no active movement route,0.0,1.783,0.0
367,tarsgo-drone,tarsgo-rmuc-2026-region,drone,24253.997,3253.224,robot:opponent-engineer,,,空中压制敌方工程,0,0.0,none,0,0,True,True,False,legal wait: no active movement route,0.0,0.0,0.0
367,opponent-hero,opponent-rmuc-2026-region,hero,24588.643,957.862,zone:supply:blue,25994.0,1950.0,前往补给区,2,2366.832,active,0,0,True,True,False,moving,0.0,0.317,1900.0
367,opponent-engineer,opponent-rmuc-2026-region,engineer,24806.0,1950.0,zone:supply:blue,,,后方待命,0,0.0,none,0,0,True,True,False,legal wait: no active movement route,0.0,0.0,0.0
367,opponent-infantry-1,opponent-rmuc-2026-region,infantry,13245.804,14500.0,robot:tarsgo-hero,8727.837,14254.184,追击敌方英雄,2,4539.812,active,0,0,True,True,False,moving,0.0,1.117,1900.0
367,opponent-infantry-2,opponent-rmuc-2026-region,infantry,11903.256,501.252,robot:tarsgo-infantry-1,7910.703,508.208,追击敌方步兵,1,3992.56,active,0,0,True,True,False,moving,0.0,1.817,1899.999
367,opponent-sentry,opponent-rmuc-2026-region,sentry,25075.0,2836.0,zone:fortress:blue,,,占领堡垒,0,0.0,none,0,0,True,True,False,legal wait: no active movement route,0.0,0.0,0.0
367,opponent-drone,opponent-rmuc-2026-region,drone,26000.0,12600.0,,,,空中弹量耗尽,0,0.0,none,0,0,False,False,False,dead/respawning,0.0,0.0,0.0
368,tarsgo-hero,tarsgo-rmuc-2026-region,hero,7445.902,13303.258,zone:supply:red,2006.0,13050.0,前往补给区,1,5445.794,active,0,0,True,True,False,moving,0.0,1.817,913.316
368,tarsgo-engineer,tarsgo-rmuc-2026-region,engineer,3194.0,13050.0,zone:supply:red,,,后方待命,0,0.0,none,0,0,True,True,False,legal wait: no active movement route,0.0,0.083,0.0
368,tarsgo-infantry-1,tarsgo-rmuc-2026-region,infantry,5029.042,502.591,zone:supply:red,2276.0,12368.0,前往补给区,3,13409.413,active,0,0,True,True,False,moving,0.0,0.6,1900.0
368,tarsgo-infantry-2,tarsgo-rmuc-2026-region,infantry,7414.124,14167.944,robot:opponent-infantry-1,12074.138,14500.0,追击敌方步兵,2,4675.793,active,0,0,True,True,False,moving,0.0,0.567,1900.0
368,tarsgo-sentry,tarsgo-rmuc-2026-region,sentry,2941.743,12169.451,zone:fortress:red,,,占领堡垒,0,0.0,none,0,0,True,True,False,legal wait: no active movement route,0.0,1.783,0.0
368,tarsgo-drone,tarsgo-rmuc-2026-region,drone,24253.997,3253.224,robot:opponent-engineer,,,空中压制敌方工程,0,0.0,none,0,0,True,True,False,legal wait: no active movement route,0.0,0.0,0.0
368,opponent-hero,opponent-rmuc-2026-region,hero,25284.632,927.152,zone:supply:blue,,,补充弹量,0,0.0,none,0,0,True,True,False,legal wait: no active movement route,0.0,0.317,696.667
368,opponent-engineer,opponent-rmuc-2026-region,engineer,24806.0,1950.0,zone:supply:blue,,,后方待命,0,0.0,none,0,0,True,True,False,legal wait: no active movement route,0.0,0.0,0.0
368,opponent-infantry-1,opponent-rmuc-2026-region,infantry,11345.804,14500.0,robot:tarsgo-hero,7325.167,14002.902,追击敌方英雄,2,4064.812,active,0,0,True,True,False,moving,0.0,1.117,1900.0
368,opponent-infantry-2,opponent-rmuc-2026-region,infantry,12183.795,1651.781,zone:central:blue,17188.0,8960.0,前往中央区域,1,8857.321,active,0,0,True,True,False,moving,0.0,1.817,1184.238
368,opponent-sentry,opponent-rmuc-2026-region,sentry,25075.0,2836.0,zone:fortress:blue,,,占领堡垒,0,0.0,none,0,0,True,True,False,legal wait: no active movement route,0.0,0.0,0.0
368,opponent-drone,opponent-rmuc-2026-region,drone,26000.0,12600.0,,,,空中弹量耗尽,0,0.0,none,0,0,False,False,False,dead/respawning,0.0,0.0,0.0
369,tarsgo-hero,tarsgo-rmuc-2026-region,hero,5547.957,13214.898,zone:supply:red,2006.0,13050.0,前往补给区,1,3545.794,active,0,0,True,True,False,moving,0.0,1.817,1900.0
369,tarsgo-engineer,tarsgo-rmuc-2026-region,engineer,3194.0,13050.0,zone:supply:red,,,后方待命,0,0.0,none,0,0,True,True,False,legal wait: no active movement route,0.0,0.083,0.0
369,tarsgo-infantry-1,tarsgo-rmuc-2026-region,infantry,3700.0,1070.956,zone:supply:red,2276.0,12368.0,前往补给区,2,11509.413,active,0,0,True,True,False,moving,0.0,0.6,1445.472
369,tarsgo-infantry-2,tarsgo-rmuc-2026-region,infantry,9304.448,14359.264,robot:opponent-infantry-1,10649.138,14500.0,追击敌方步兵,1,1352.034,active,0,0,True,True,False,moving,0.0,0.567,1899.981
369,tarsgo-sentry,tarsgo-rmuc-2026-region,sentry,2941.743,12169.451,zone:fortress:red,,,占领堡垒,0,0.0,none,0,0,True,True,False,legal wait: no active movement route,0.0,1.783,0.0
369,tarsgo-drone,tarsgo-rmuc-2026-region,drone,24253.997,3253.224,robot:opponent-engineer,,,空中压制敌方工程,0,0.0,none,0,0,True,True,False,legal wait: no active movement route,0.0,0.0,0.0
369,opponent-hero,opponent-rmuc-2026-region,hero,25284.632,927.152,structure:red-base,,,进攻基地,0,0.0,searching,2,2,True,True,False,waiting for path search,0.0,0.317,0.0
369,opponent-engineer,opponent-rmuc-2026-region,engineer,24806.0,1950.0,zone:supply:blue,,,后方待命,0,0.0,none,0,0,True,True,False,legal wait: no active movement route,0.0,0.0,0.0
369,opponent-infantry-1,opponent-rmuc-2026-region,infantry,9667.79,14327.015,zone:supply:blue,7351.004,13298.84,前往补给区,2,4048.296,searching,1,1,True,True,False,moving,0.0,1.117,1686.907
369,opponent-infantry-2,opponent-rmuc-2026-region,infantry,13257.256,3219.48,zone:central:blue,17188.0,8960.0,前往中央区域,1,6957.321,active,0,0,True,True,False,moving,0.0,1.817,1900.0
369,opponent-sentry,opponent-rmuc-2026-region,sentry,25075.0,2836.0,zone:fortress:blue,,,占领堡垒,0,0.0,none,0,0,True,True,False,legal wait: no active movement route,0.0,0.0,0.0
369,opponent-drone,opponent-rmuc-2026-region,drone,26000.0,12600.0,,,,空中弹量耗尽,0,0.0,none,0,0,False,False,False,dead/respawning,0.0,0.0,0.0
370,tarsgo-hero,tarsgo-rmuc-2026-region,hero,3681.645,13128.011,zone:supply:red,,,补充弹量,0,0.0,none,0,0,True,True,False,legal wait: no active movement route,0.0,1.817,1868.333
370,tarsgo-engineer,tarsgo-rmuc-2026-region,engineer,3194.0,13050.0,zone:supply:red,,,后方待命,0,0.0,none,0,0,True,True,False,legal wait: no active movement route,0.0,0.083,0.0
370,tarsgo-infantry-1,tarsgo-rmuc-2026-region,infantry,3700.0,2970.956,zone:supply:red,2276.0,12368.0,前往补给区,2,9609.413,active,0,0,True,True,False,moving,0.0,0.6,1900.0
370,tarsgo-infantry-2,tarsgo-rmuc-2026-region,infantry,9745.818,14400.747,robot:opponent-infantry-1,11260.082,14500.0,追击敌方步兵,2,1518.524,active,0,0,True,True,False,moving,0.0,0.567,443.315
370,tarsgo-sentry,tarsgo-rmuc-2026-region,sentry,2941.743,12169.451,zone:fortress:red,,,占领堡垒,0,0.0,none,0,0,True,True,False,legal wait: no active movement route,0.0,1.783,0.0
370,tarsgo-drone,tarsgo-rmuc-2026-region,drone,24253.997,3253.224,robot:opponent-engineer,,,空中压制敌方工程,0,0.0,none,0,0,True,True,False,legal wait: no active movement route,0.0,0.0,0.0
370,opponent-hero,opponent-rmuc-2026-region,hero,23671.538,848.716,structure:red-base,2407.0,7500.0,进攻基地,3,27191.231,active,0,0,True,True,False,moving,0.0,0.317,1615.0
370,opponent-engineer,opponent-rmuc-2026-region,engineer,24806.0,1950.0,zone:supply:blue,,,后方待命,0,0.0,none,0,0,True,True,False,legal wait: no active movement route,0.0,0.0,0.0
370,opponent-infantry-1,opponent-rmuc-2026-region,infantry,11513.416,14500.0,zone:supply:blue,25724.0,2632.0,前往补给区,2,20601.52,active,0,0,True,True,False,moving,0.0,1.117,1853.715
370,opponent-infantry-2,opponent-rmuc-2026-region,infantry,14330.717,4787.18,zone:central:blue,17188.0,8960.0,前往中央区域,1,5057.321,active,0,0,True,True,False,moving,0.0,1.817,1900.0
370,opponent-sentry,opponent-rmuc-2026-region,sentry,25075.0,2836.0,zone:fortress:blue,,,占领堡垒,0,0.0,none,0,0,True,True,False,legal wait: no active movement route,0.0,0.0,0.0
370,opponent-drone,opponent-rmuc-2026-region,drone,26000.0,12600.0,,,,空中弹量耗尽,0,0.0,none,0,0,False,False,False,dead/respawning,0.0,0.0,0.0
371,tarsgo-hero,tarsgo-rmuc-2026-region,hero,3681.645,13128.011,structure:blue-base,,,进攻基地,0,0.0,searching,4,4,True,True,False,waiting for path search,0.0,1.817,0.0
371,tarsgo-engineer,tarsgo-rmuc-2026-region,engineer,3194.0,13050.0,zone:supply:red,,,后方待命,0,0.0,none,0,0,True,True,False,legal wait: no active movement route,0.0,0.083,0.0
371,tarsgo-infantry-1,tarsgo-rmuc-2026-region,infantry,3700.0,4870.956,zone:supply:red,2276.0,12368.0,前往补给区,2,7709.413,active,0,0,True,True,False,moving,0.0,0.6,1900.0
371,tarsgo-infantry-2,tarsgo-rmuc-2026-region,infantry,10913.225,14500.0,robot:opponent-infantry-1,,,追击敌方步兵,0,0.0,none,0,0,True,True,False,legal wait: no active movement route,0.0,0.567,1171.619
371,tarsgo-sentry,tarsgo-rmuc-2026-region,sentry,2941.743,12169.451,zone:fortress:red,,,占领堡垒,0,0.0,none,0,0,True,True,False,legal wait: no active movement route,0.0,1.783,0.0
371,tarsgo-drone,tarsgo-rmuc-2026-region,drone,24253.997,3253.224,robot:opponent-engineer,,,空中压制敌方工程,0,0.0,none,0,0,True,True,False,legal wait: no active movement route,0.0,0.0,0.0
371,opponent-hero,opponent-rmuc-2026-region,hero,21773.78,756.437,structure:red-base,2407.0,7500.0,进攻基地,3,25291.231,active,0,0,True,True,False,moving,0.0,0.317,1900.0
371,opponent-engineer,opponent-rmuc-2026-region,engineer,24806.0,1950.0,zone:supply:blue,,,后方待命,0,0.0,none,0,0,True,True,False,legal wait: no active movement route,0.0,0.0,0.0
371,opponent-infantry-1,opponent-rmuc-2026-region,infantry,13413.416,14500.0,zone:supply:blue,25724.0,2632.0,前往补给区,2,18701.52,active,0,0,True,True,False,moving,0.0,1.117,1900.0
371,opponent-infantry-2,opponent-rmuc-2026-region,infantry,15404.178,6354.879,zone:central:blue,17188.0,8960.0,前往中央区域,1,3157.321,active,0,0,True,True,False,moving,0.0,1.817,1900.0
371,opponent-sentry,opponent-rmuc-2026-region,sentry,25075.0,2836.0,zone:fortress:blue,,,占领堡垒,0,0.0,none,0,0,True,True,False,legal wait: no active movement route,0.0,0.0,0.0
371,opponent-drone,opponent-rmuc-2026-region,drone,26000.0,12600.0,,,,空中弹量耗尽,0,0.0,none,0,0,False,False,False,dead/respawning,0.0,0.0,0.0
372,tarsgo-hero,tarsgo-rmuc-2026-region,hero,4333.578,13259.193,structure:blue-base,25593.0,7500.0,进攻基地,3,23452.621,active,0,0,True,True,False,moving,0.0,1.817,665.0
372,tarsgo-engineer,tarsgo-rmuc-2026-region,engineer,3194.0,13050.0,zone:supply:red,,,后方待命,0,0.0,none,0,0,True,True,False,legal wait: no active movement route,0.0,0.083,0.0
372,tarsgo-infantry-1,tarsgo-rmuc-2026-region,infantry,3700.0,6770.956,zone:supply:red,2276.0,12368.0,前往补给区,2,5809.413,active,0,0,True,True,False,moving,0.0,0.6,1900.0
372,tarsgo-infantry-2,tarsgo-rmuc-2026-region,infantry,12116.558,14500.0,robot:opponent-infantry-1,14110.082,14500.0,追击敌方步兵,1,1993.524,active,0,0,True,True,False,moving,0.0,0.567,1203.333
372,tarsgo-sentry,tarsgo-rmuc-2026-region,sentry,2941.743,12169.451,zone:fortress:red,,,占领堡垒,0,0.0,none,0,0,True,True,False,legal wait: no active movement route,0.0,1.783,0.0
372,tarsgo-drone,tarsgo-rmuc-2026-region,drone,24253.997,3253.224,robot:opponent-engineer,,,空中压制敌方工程,0,0.0,none,0,0,True,True,False,legal wait: no active movement route,0.0,0.0,0.0
372,opponent-hero,opponent-rmuc-2026-region,hero,19876.023,664.159,structure:red-base,2407.0,7500.0,进攻基地,3,23391.231,active,0,0,True,True,False,moving,0.0,0.317,1900.0
372,opponent-engineer,opponent-rmuc-2026-region,engineer,24806.0,1950.0,zone:supply:blue,,,后方待命,0,0.0,none,0,0,True,True,False,legal wait: no active movement route,0.0,0.0,0.0
372,opponent-infantry-1,opponent-rmuc-2026-region,infantry,15313.416,14500.0,zone:supply:blue,25724.0,2632.0,前往补给区,2,16801.52,active,0,0,True,True,False,moving,0.0,1.117,1900.0
372,opponent-infantry-2,opponent-rmuc-2026-region,infantry,15708.326,6799.061,zone:central:blue,17188.0,8960.0,前往中央区域,1,2618.987,active,0,0,True,False,False,movement permission or chassis power lock,0.0,1.817,538.333
372,opponent-sentry,opponent-rmuc-2026-region,sentry,25075.0,2836.0,zone:fortress:blue,,,占领堡垒,0,0.0,none,0,0,True,True,False,legal wait: no active movement route,0.0,0.0,0.0
372,opponent-drone,opponent-rmuc-2026-region,drone,26000.0,12600.0,,,,空中弹量耗尽,0,0.0,none,0,0,False,False,False,dead/respawning,0.0,0.0,0.0
373,tarsgo-hero,tarsgo-rmuc-2026-region,hero,6196.243,13633.998,structure:blue-base,25593.0,7500.0,进攻基地,3,21552.621,active,0,0,True,True,False,moving,0.0,1.817,1900.0
373,tarsgo-engineer,tarsgo-rmuc-2026-region,engineer,3194.0,13050.0,zone:supply:red,,,后方待命,0,0.0,none,0,0,True,True,False,legal wait: no active movement route,0.0,0.083,0.0
373,tarsgo-infantry-1,tarsgo-rmuc-2026-region,infantry,3416.693,8628.705,zone:supply:red,2276.0,12368.0,前往补给区,1,3909.413,active,0,0,True,True,False,moving,0.0,0.6,1879.227
373,tarsgo-infantry-2,tarsgo-rmuc-2026-region,infantry,14016.558,14500.0,robot:opponent-infantry-1,16960.082,14500.0,追击敌方步兵,1,2943.524,active,0,0,True,True,False,moving,0.0,0.567,1900.0
373,tarsgo-sentry,tarsgo-rmuc-2026-region,sentry,2941.743,12169.451,zone:fortress:red,,,占领堡垒,0,0.0,none,0,0,True,True,False,legal wait: no active movement route,0.0,1.783,0.0
373,tarsgo-drone,tarsgo-rmuc-2026-region,drone,24253.997,3253.224,robot:opponent-engineer,,,空中压制敌方工程,0,0.0,none,0,0,True,True,False,legal wait: no active movement route,0.0,0.0,0.0
373,opponent-hero,opponent-rmuc-2026-region,hero,17978.265,571.881,structure:red-base,2407.0,7500.0,进攻基地,3,21491.231,active,0,0,True,True,False,moving,0.0,0.317,1900.0
373,opponent-engineer,opponent-rmuc-2026-region,engineer,24806.0,1950.0,zone:supply:blue,,,后方待命,0,0.0,none,0,0,True,True,False,legal wait: no active movement route,0.0,0.0,0.0
373,opponent-infantry-1,opponent-rmuc-2026-region,infantry,17213.416,14500.0,zone:supply:blue,25724.0,2632.0,前往补给区,2,14901.52,active,0,0,True,True,False,moving,0.0,1.117,1900.0
373,opponent-infantry-2,opponent-rmuc-2026-region,infantry,15708.326,6799.061,robot:tarsgo-hero,5233.866,13440.348,追击敌方英雄,2,14586.106,active,0,0,True,False,False,movement permission or chassis power lock,0.0,1.817,0.0
373,opponent-sentry,opponent-rmuc-2026-region,sentry,25075.0,2836.0,zone:fortress:blue,,,占领堡垒,0,0.0,none,0,0,True,True,False,legal wait: no active movement route,0.0,0.0,0.0
373,opponent-drone,opponent-rmuc-2026-region,drone,26000.0,12600.0,,,,空中弹量耗尽,0,0.0,none,0,0,False,False,False,dead/respawning,0.0,0.0,0.0
374,tarsgo-hero,tarsgo-rmuc-2026-region,hero,8058.908,14008.803,structure:blue-base,25593.0,7500.0,进攻基地,3,19652.621,active,0,0,True,True,False,moving,0.0,1.817,1900.0
374,tarsgo-engineer,tarsgo-rmuc-2026-region,engineer,3194.0,13050.0,zone:supply:red,,,后方待命,0,0.0,none,0,0,True,True,False,legal wait: no active movement route,0.0,0.083,0.0
374,tarsgo-infantry-1,tarsgo-rmuc-2026-region,infantry,3037.864,9870.541,zone:supply:red,2276.0,12368.0,前往补给区,1,2611.08,active,0,0,True,False,False,movement permission or chassis power lock,0.0,0.6,1298.333
374,tarsgo-infantry-2,tarsgo-rmuc-2026-region,infantry,15916.558,14500.0,robot:opponent-infantry-1,18166.993,14095.006,追击敌方步兵,2,2468.524,active,0,0,True,True,False,moving,0.0,0.567,1900.0
374,tarsgo-sentry,tarsgo-rmuc-2026-region,sentry,2941.743,12169.451,zone:fortress:red,,,占领堡垒,0,0.0,none,0,0,True,True,False,legal wait: no active movement route,0.0,1.783,0.0
374,tarsgo-drone,tarsgo-rmuc-2026-region,drone,24253.997,3253.224,robot:opponent-engineer,,,空中压制敌方工程,0,0.0,none,0,0,True,True,False,legal wait: no active movement route,0.0,0.0,0.0
374,opponent-hero,opponent-rmuc-2026-region,hero,16080.011,500.0,structure:red-base,2407.0,7500.0,进攻基地,2,19591.231,active,0,0,True,True,False,moving,0.0,0.317,1899.614
374,opponent-engineer,opponent-rmuc-2026-region,engineer,24806.0,1950.0,zone:supply:blue,,,后方待命,0,0.0,none,0,0,True,True,False,legal wait: no active movement route,0.0,0.0,0.0
374,opponent-infantry-1,opponent-rmuc-2026-region,infantry,18567.872,13486.924,zone:supply:blue,25724.0,2632.0,前往补给区,1,13001.52,active,0,0,True,True,False,moving,0.0,1.117,1691.413
374,opponent-infantry-2,opponent-rmuc-2026-region,infantry,15708.326,6799.061,robot:tarsgo-hero,6630.865,13721.453,追击敌方英雄,2,13161.163,searching,1,1,True,False,False,movement permission or chassis power lock,0.0,1.817,0.0
374,opponent-sentry,opponent-rmuc-2026-region,sentry,25075.0,2836.0,zone:fortress:blue,,,占领堡垒,0,0.0,none,0,0,True,True,False,legal wait: no active movement route,0.0,0.0,0.0
374,opponent-drone,opponent-rmuc-2026-region,drone,26000.0,12600.0,,,,空中弹量耗尽,0,0.0,none,0,0,False,False,False,dead/respawning,0.0,0.0,0.0
375,tarsgo-hero,tarsgo-rmuc-2026-region,hero,9890.529,14377.362,structure:blue-base,25593.0,7500.0,进攻基地,0,0.0,none,0,0,True,True,False,legal wait: no active movement route,0.0,1.817,1868.333
375,tarsgo-engineer,tarsgo-rmuc-2026-region,engineer,3194.0,13050.0,zone:supply:red,,,后方待命,0,0.0,none,0,0,True,True,False,legal wait: no active movement route,0.0,0.083,0.0
375,tarsgo-infantry-1,tarsgo-rmuc-2026-region,infantry,3037.864,9870.541,zone:supply:red,2276.0,12368.0,前往补给区,1,2611.08,active,0,0,True,False,False,movement permission or chassis power lock,0.0,0.6,0.0
375,tarsgo-infantry-2,tarsgo-rmuc-2026-region,infantry,17816.558,14500.0,robot:opponent-infantry-1,18951.323,12905.279,追击敌方步兵,2,1993.524,active,0,0,True,True,False,moving,0.0,0.567,1900.0
375,tarsgo-sentry,tarsgo-rmuc-2026-region,sentry,2941.743,12169.451,zone:fortress:red,,,占领堡垒,0,0.0,none,0,0,True,True,False,legal wait: no active movement route,0.0,1.783,0.0
375,tarsgo-drone,tarsgo-rmuc-2026-region,drone,24253.997,3253.224,robot:opponent-engineer,,,空中压制敌方工程,0,0.0,none,0,0,True,True,False,legal wait: no active movement route,0.0,0.0,0.0
375,opponent-hero,opponent-rmuc-2026-region,hero,14180.011,500.0,structure:red-base,2407.0,7500.0,进攻基地,2,17691.231,active,0,0,True,True,False,moving,0.0,0.317,1900.0
375,opponent-engineer,opponent-rmuc-2026-region,engineer,24806.0,1950.0,zone:supply:blue,,,后方待命,0,0.0,none,0,0,True,True,False,legal wait: no active movement route,0.0,0.0,0.0
375,opponent-infantry-1,opponent-rmuc-2026-region,infantry,19613.646,11900.62,zone:supply:blue,25724.0,2632.0,前往补给区,1,11101.52,active,0,0,True,True,False,moving,0.0,1.117,1900.0
375,opponent-infantry-2,opponent-rmuc-2026-region,infantry,15708.326,6799.061,robot:tarsgo-hero,9424.862,14283.661,追击敌方英雄,2,10311.819,active,0,0,True,False,False,movement permission or chassis power lock,0.0,1.817,0.0
375,opponent-sentry,opponent-rmuc-2026-region,sentry,25075.0,2836.0,zone:fortress:blue,,,占领堡垒,0,0.0,none,0,0,True,True,False,legal wait: no active movement route,0.0,0.0,0.0
375,opponent-drone,opponent-rmuc-2026-region,drone,26000.0,12600.0,,,,空中弹量耗尽,0,0.0,none,0,0,False,False,False,dead/respawning,0.0,0.0,0.0
376,tarsgo-hero,tarsgo-rmuc-2026-region,hero,9890.529,14377.362,structure:blue-base,,,进攻基地,0,0.0,searching,2,2,True,True,False,waiting for path search,0.0,1.817,0.0
376,tarsgo-engineer,tarsgo-rmuc-2026-region,engineer,3194.0,13050.0,zone:supply:red,,,后方待命,0,0.0,none,0,0,True,True,False,legal wait: no active movement route,0.0,0.083,0.0
376,tarsgo-infantry-1,tarsgo-rmuc-2026-region,infantry,3037.864,9870.541,zone:supply:red,2276.0,12368.0,前往补给区,1,2611.08,active,0,0,True,False,False,movement permission or chassis power lock,0.0,0.6,0.0
376,tarsgo-infantry-2,tarsgo-rmuc-2026-region,infantry,18899.846,12983.362,robot:opponent-infantry-1,20519.983,10525.824,追击敌方步兵,1,2943.524,active,0,0,True,True,False,moving,0.0,0.567,1863.788
376,tarsgo-sentry,tarsgo-rmuc-2026-region,sentry,2941.743,12169.451,zone:fortress:red,,,占领堡垒,0,0.0,none,0,0,True,True,False,legal wait: no active movement route,0.0,1.783,0.0
376,tarsgo-drone,tarsgo-rmuc-2026-region,drone,24253.997,3253.224,robot:opponent-engineer,,,空中压制敌方工程,0,0.0,none,0,0,True,True,False,legal wait: no active movement route,0.0,0.0,0.0
376,opponent-hero,opponent-rmuc-2026-region,hero,12280.011,500.0,structure:red-base,2407.0,7500.0,进攻基地,2,15791.231,active,0,0,True,True,False,moving,0.0,0.317,1900.0
376,opponent-engineer,opponent-rmuc-2026-region,engineer,24806.0,1950.0,zone:supply:blue,,,后方待命,0,0.0,none,0,0,True,True,False,legal wait: no active movement route,0.0,0.0,0.0
376,opponent-infantry-1,opponent-rmuc-2026-region,infantry,20659.419,10314.317,zone:supply:blue,25724.0,2632.0,前往补给区,1,9201.52,active,0,0,True,True,False,moving,0.0,1.117,1900.0
376,opponent-infantry-2,opponent-rmuc-2026-region,infantry,15708.326,6799.061,zone:central:blue,17188.0,8960.0,前往中央区域,1,2618.987,active,0,0,True,False,False,movement permission or chassis power lock,0.0,1.817,0.0
376,opponent-sentry,opponent-rmuc-2026-region,sentry,25075.0,2836.0,zone:fortress:blue,,,占领堡垒,0,0.0,none,0,0,True,True,False,legal wait: no active movement route,0.0,0.0,0.0
376,opponent-drone,opponent-rmuc-2026-region,drone,26000.0,12600.0,,,,空中弹量耗尽,0,0.0,none,0,0,False,False,False,dead/respawning,0.0,0.0,0.0
377,tarsgo-hero,tarsgo-rmuc-2026-region,hero,11645.891,14500.0,structure:blue-base,25593.0,7500.0,进攻基地,2,16016.709,active,0,0,True,True,False,moving,0.0,1.817,1759.641
377,tarsgo-engineer,tarsgo-rmuc-2026-region,engineer,3194.0,13050.0,zone:supply:red,,,后方待命,0,0.0,none,0,0,True,True,False,legal wait: no active movement route,0.0,0.083,0.0
377,tarsgo-infantry-1,tarsgo-rmuc-2026-region,infantry,3037.864,9870.541,zone:supply:red,2276.0,12368.0,前往补给区,1,2611.08,active,0,0,True,False,False,movement permission or chassis power lock,0.0,0.6,0.0
377,tarsgo-infantry-2,tarsgo-rmuc-2026-region,infantry,19945.62,11397.059,robot:opponent-infantry-1,20955.721,9864.864,追击敌方步兵,1,1835.191,active,0,0,True,True,False,moving,0.0,0.567,1900.0
377,tarsgo-sentry,tarsgo-rmuc-2026-region,sentry,2941.743,12169.451,zone:fortress:red,,,占领堡垒,0,0.0,none,0,0,True,True,False,legal wait: no active movement route,0.0,1.783,0.0
377,tarsgo-drone,tarsgo-rmuc-2026-region,drone,24253.997,3253.224,robot:opponent-engineer,,,空中压制敌方工程,0,0.0,none,0,0,True,True,False,legal wait: no active movement route,0.0,0.0,0.0
377,opponent-hero,opponent-rmuc-2026-region,hero,10380.011,500.0,structure:red-base,2407.0,7500.0,进攻基地,2,13891.231,active,0,0,True,True,False,moving,0.0,0.317,1900.0
377,opponent-engineer,opponent-rmuc-2026-region,engineer,24806.0,1950.0,zone:supply:blue,,,后方待命,0,0.0,none,0,0,True,True,False,legal wait: no active movement route,0.0,0.0,0.0
377,opponent-infantry-1,opponent-rmuc-2026-region,infantry,20955.721,9864.864,zone:supply:blue,25724.0,2632.0,前往补给区,1,8663.187,active,0,0,True,False,False,movement permission or chassis power lock,0.0,1.117,538.333
377,opponent-infantry-2,opponent-rmuc-2026-region,infantry,16459.749,7896.45,zone:central:blue,17188.0,8960.0,前往中央区域,1,1288.987,active,0,0,True,True,False,moving,0.0,1.817,1330.0
377,opponent-sentry,opponent-rmuc-2026-region,sentry,25075.0,2836.0,zone:fortress:blue,,,占领堡垒,0,0.0,none,0,0,True,True,False,legal wait: no active movement route,0.0,0.0,0.0
377,opponent-drone,opponent-rmuc-2026-region,drone,26000.0,12600.0,,,,空中弹量耗尽,0,0.0,none,0,0,False,False,False,dead/respawning,0.0,0.0,0.0
378,tarsgo-hero,tarsgo-rmuc-2026-region,hero,13545.891,14500.0,structure:blue-base,25593.0,7500.0,进攻基地,2,14116.709,active,0,0,True,True,False,moving,0.0,1.817,1900.0
378,tarsgo-engineer,tarsgo-rmuc-2026-region,engineer,3194.0,13050.0,zone:supply:red,,,后方待命,0,0.0,none,0,0,True,True,False,legal wait: no active movement route,0.0,0.083,0.0
378,tarsgo-infantry-1,tarsgo-rmuc-2026-region,infantry,3037.864,9870.541,zone:supply:red,2276.0,12368.0,前往补给区,1,2611.08,active,0,0,True,False,False,movement permission or chassis power lock,0.0,0.6,0.0
378,tarsgo-infantry-2,tarsgo-rmuc-2026-region,infantry,19701.606,11767.196,zone:supply:red,2924.0,13732.0,前往补给区,3,18290.205,active,0,0,True,True,False,moving,0.0,0.567,443.333
378,tarsgo-sentry,tarsgo-rmuc-2026-region,sentry,2941.743,12169.451,zone:fortress:red,,,占领堡垒,0,0.0,none,0,0,True,True,False,legal wait: no active movement route,0.0,1.783,0.0
378,tarsgo-drone,tarsgo-rmuc-2026-region,drone,24253.997,3253.224,robot:opponent-engineer,,,空中压制敌方工程,0,0.0,none,0,0,True,True,False,legal wait: no active movement route,0.0,0.0,0.0
378,opponent-hero,opponent-rmuc-2026-region,hero,8480.011,500.0,structure:red-base,2407.0,7500.0,进攻基地,2,11991.231,active,0,0,True,True,False,moving,0.0,0.317,1900.0
378,opponent-engineer,opponent-rmuc-2026-region,engineer,24806.0,1950.0,zone:supply:blue,,,后方待命,0,0.0,none,0,0,True,True,False,legal wait: no active movement route,0.0,0.0,0.0
378,opponent-infantry-1,opponent-rmuc-2026-region,infantry,20955.721,9864.864,zone:supply:blue,25724.0,2632.0,前往补给区,1,8663.187,active,0,0,True,False,False,movement permission or chassis power lock,0.0,1.117,0.0
378,opponent-infantry-2,opponent-rmuc-2026-region,infantry,17188.0,8960.0,zone:central:blue,,,前往中央区域,0,0.0,none,0,0,True,True,False,legal wait: no active movement route,0.0,1.817,1288.987
378,opponent-sentry,opponent-rmuc-2026-region,sentry,25075.0,2836.0,zone:fortress:blue,,,占领堡垒,0,0.0,none,0,0,True,True,False,legal wait: no active movement route,0.0,0.0,0.0
378,opponent-drone,opponent-rmuc-2026-region,drone,26000.0,12600.0,,,,空中弹量耗尽,0,0.0,none,0,0,False,False,False,dead/respawning,0.0,0.0,0.0
379,tarsgo-hero,tarsgo-rmuc-2026-region,hero,15445.891,14500.0,structure:blue-base,25593.0,7500.0,进攻基地,2,12216.709,active,0,0,True,True,False,moving,0.0,1.817,1900.0
379,tarsgo-engineer,tarsgo-rmuc-2026-region,engineer,3194.0,13050.0,zone:supply:red,,,后方待命,0,0.0,none,0,0,True,True,False,legal wait: no active movement route,0.0,0.083,0.0
379,tarsgo-infantry-1,tarsgo-rmuc-2026-region,infantry,2871.549,10415.738,zone:supply:red,2276.0,12368.0,前往补给区,1,2041.08,active,0,0,True,True,False,moving,0.0,0.6,570.0
379,tarsgo-infantry-2,tarsgo-rmuc-2026-region,infantry,18655.833,13353.499,zone:supply:red,2924.0,13732.0,前往补给区,3,16390.205,active,0,0,True,True,False,moving,0.0,0.567,1900.0
379,tarsgo-sentry,tarsgo-rmuc-2026-region,sentry,2941.743,12169.451,zone:fortress:red,,,占领堡垒,0,0.0,none,0,0,True,True,False,legal wait: no active movement route,0.0,1.783,0.0
379,tarsgo-drone,tarsgo-rmuc-2026-region,drone,24253.997,3253.224,robot:opponent-engineer,,,空中压制敌方工程,0,0.0,none,0,0,True,True,False,legal wait: no active movement route,0.0,0.0,0.0
379,opponent-hero,opponent-rmuc-2026-region,hero,6580.011,500.0,structure:red-base,2407.0,7500.0,进攻基地,2,10091.231,active,0,0,True,True,False,moving,0.0,0.317,1900.0
379,opponent-engineer,opponent-rmuc-2026-region,engineer,24806.0,1950.0,zone:supply:blue,,,后方待命,0,0.0,none,0,0,True,True,False,legal wait: no active movement route,0.0,0.0,0.0
379,opponent-infantry-1,opponent-rmuc-2026-region,infantry,20955.721,9864.864,zone:supply:blue,25724.0,2632.0,前往补给区,1,8663.187,active,0,0,True,False,False,movement permission or chassis power lock,0.0,1.117,0.0
379,opponent-infantry-2,opponent-rmuc-2026-region,infantry,16754.876,9840.95,robot:tarsgo-hero,14464.224,14500.0,追击敌方英雄,1,5191.708,active,0,0,True,True,False,moving,0.0,1.817,981.667
379,opponent-sentry,opponent-rmuc-2026-region,sentry,25075.0,2836.0,zone:fortress:blue,,,占领堡垒,0,0.0,none,0,0,True,True,False,legal wait: no active movement route,0.0,0.0,0.0
379,opponent-drone,opponent-rmuc-2026-region,drone,26000.0,12600.0,,,,空中弹量耗尽,0,0.0,none,0,0,False,False,False,dead/respawning,0.0,0.0,0.0
380,tarsgo-hero,tarsgo-rmuc-2026-region,hero,16999.88,14391.553,structure:blue-base,25593.0,7500.0,进攻基地,3,11953.878,active,0,0,True,True,False,moving,0.0,1.817,1557.769
380,tarsgo-engineer,tarsgo-rmuc-2026-region,engineer,3194.0,13050.0,zone:supply:red,,,后方待命,0,0.0,none,0,0,True,True,False,legal wait: no active movement route,0.0,0.083,0.0
380,tarsgo-infantry-1,tarsgo-rmuc-2026-region,infantry,2492.719,11657.574,zone:supply:red,,,补充弹量,0,0.0,none,0,0,True,True,False,legal wait: no active movement route,0.0,0.6,1298.333
380,tarsgo-infantry-2,tarsgo-rmuc-2026-region,infantry,17373.225,14500.0,zone:supply:red,2924.0,13732.0,前往补给区,2,14490.205,active,0,0,True,True,False,moving,0.0,0.567,1720.333
380,tarsgo-sentry,tarsgo-rmuc-2026-region,sentry,2941.743,12169.451,zone:fortress:red,,,占领堡垒,0,0.0,none,0,0,True,True,False,legal wait: no active movement route,0.0,1.783,0.0
380,tarsgo-drone,tarsgo-rmuc-2026-region,drone,24253.997,3253.224,robot:opponent-engineer,,,空中压制敌方工程,0,0.0,none,0,0,True,True,False,legal wait: no active movement route,0.0,0.0,0.0
380,opponent-hero,opponent-rmuc-2026-region,hero,4680.011,500.0,structure:red-base,2407.0,7500.0,进攻基地,2,8191.231,active,0,0,True,True,False,moving,0.0,0.317,1900.0
380,opponent-engineer,opponent-rmuc-2026-region,engineer,24806.0,1950.0,zone:supply:blue,,,后方待命,0,0.0,none,0,0,True,True,False,legal wait: no active movement route,0.0,0.0,0.0
380,opponent-infantry-1,opponent-rmuc-2026-region,infantry,20955.721,9864.864,zone:supply:blue,25724.0,2632.0,前往补给区,1,8663.187,active,0,0,True,False,False,movement permission or chassis power lock,0.0,1.117,0.0
380,opponent-infantry-2,opponent-rmuc-2026-region,infantry,16345.569,11677.23,robot:tarsgo-hero,17025.882,14409.628,追击敌方英雄,1,2815.817,active,0,0,True,True,False,moving,0.0,1.817,1881.344
380,opponent-sentry,opponent-rmuc-2026-region,sentry,25075.0,2836.0,zone:fortress:blue,,,占领堡垒,0,0.0,none,0,0,True,True,False,legal wait: no active movement route,0.0,0.0,0.0
380,opponent-drone,opponent-rmuc-2026-region,drone,26000.0,12600.0,,,,空中弹量耗尽,0,0.0,none,0,0,False,False,False,dead/respawning,0.0,0.0,0.0
381,tarsgo-hero,tarsgo-rmuc-2026-region,hero,17624.013,14406.867,structure:blue-base,25593.0,7500.0,进攻基地,2,10053.878,active,0,0,True,True,False,moving,0.0,1.817,624.32
381,tarsgo-engineer,tarsgo-rmuc-2026-region,engineer,3194.0,13050.0,zone:supply:red,,,后方待命,0,0.0,none,0,0,True,True,False,legal wait: no active movement route,0.0,0.083,0.0
381,tarsgo-infantry-1,tarsgo-rmuc-2026-region,infantry,2757.541,10613.984,robot:opponent-hero,3856.678,500.0,追击敌方英雄,2,10233.615,active,0,0,True,True,False,moving,0.0,0.6,1076.667
381,tarsgo-infantry-2,tarsgo-rmuc-2026-region,infantry,15473.225,14500.0,zone:supply:red,2924.0,13732.0,前往补给区,2,12590.205,active,0,0,True,True,False,moving,0.0,0.567,1900.0
381,tarsgo-sentry,tarsgo-rmuc-2026-region,sentry,2941.743,12169.451,zone:fortress:red,,,占领堡垒,0,0.0,none,0,0,True,True,False,legal wait: no active movement route,0.0,1.783,0.0
381,tarsgo-drone,tarsgo-rmuc-2026-region,drone,24253.997,3253.224,robot:opponent-engineer,,,空中压制敌方工程,0,0.0,none,0,0,True,True,False,legal wait: no active movement route,0.0,0.0,0.0
381,opponent-hero,opponent-rmuc-2026-region,hero,2780.011,500.0,structure:red-base,2407.0,7500.0,进攻基地,2,6291.231,active,0,0,True,True,False,moving,0.0,0.317,1900.0
381,opponent-engineer,opponent-rmuc-2026-region,engineer,24806.0,1950.0,zone:supply:blue,,,后方待命,0,0.0,none,0,0,True,True,False,legal wait: no active movement route,0.0,0.0,0.0
381,opponent-infantry-1,opponent-rmuc-2026-region,infantry,20955.721,9864.864,zone:supply:blue,25724.0,2632.0,前往补给区,1,8663.187,active,0,0,True,False,False,movement permission or chassis power lock,0.0,1.117,0.0
381,opponent-infantry-2,opponent-rmuc-2026-region,infantry,16682.204,13029.286,robot:tarsgo-hero,,,追击敌方英雄,0,0.0,none,0,0,True,True,False,legal wait: no active movement route,0.0,1.817,1393.333
381,opponent-sentry,opponent-rmuc-2026-region,sentry,25075.0,2836.0,zone:fortress:blue,,,占领堡垒,0,0.0,none,0,0,True,True,False,legal wait: no active movement route,0.0,0.0,0.0
381,opponent-drone,opponent-rmuc-2026-region,drone,26000.0,12600.0,,,,空中弹量耗尽,0,0.0,none,0,0,False,False,False,dead/respawning,0.0,0.0,0.0
382,tarsgo-hero,tarsgo-rmuc-2026-region,hero,18013.769,14393.326,zone:supply:red,,,前往补给区,0,0.0,searching,1,1,True,True,False,waiting for path search,0.0,1.817,389.992
382,tarsgo-engineer,tarsgo-rmuc-2026-region,engineer,3194.0,13050.0,zone:supply:red,,,后方待命,0,0.0,none,0,0,True,True,False,legal wait: no active movement route,0.0,0.083,0.0
382,tarsgo-infantry-1,tarsgo-rmuc-2026-region,infantry,3224.872,8772.354,robot:opponent-hero,2621.678,500.0,追击敌方英雄,2,8421.904,active,0,0,True,True,False,moving,0.0,0.6,1900.0
382,tarsgo-infantry-2,tarsgo-rmuc-2026-region,infantry,13573.225,14500.0,zone:supply:red,2924.0,13732.0,前往补给区,2,10690.205,active,0,0,True,True,False,moving,0.0,0.567,1900.0
382,tarsgo-sentry,tarsgo-rmuc-2026-region,sentry,2941.743,12169.451,zone:fortress:red,,,占领堡垒,0,0.0,none,0,0,True,True,False,legal wait: no active movement route,0.0,1.783,0.0
382,tarsgo-drone,tarsgo-rmuc-2026-region,drone,24253.997,3253.224,robot:opponent-engineer,,,空中压制敌方工程,0,0.0,none,0,0,True,True,False,legal wait: no active movement route,0.0,0.0,0.0
382,opponent-hero,opponent-rmuc-2026-region,hero,2621.678,500.0,structure:red-base,2407.0,7500.0,进攻基地,2,6132.897,active,0,0,True,False,False,movement permission or chassis power lock,0.0,0.317,158.333
382,opponent-engineer,opponent-rmuc-2026-region,engineer,24806.0,1950.0,zone:supply:blue,,,后方待命,0,0.0,none,0,0,True,True,False,legal wait: no active movement route,0.0,0.0,0.0
382,opponent-infantry-1,opponent-rmuc-2026-region,infantry,21687.763,8754.452,zone:supply:blue,25724.0,2632.0,前往补给区,1,7333.187,active,0,0,True,True,False,moving,0.0,1.117,1330.0
382,opponent-infantry-2,opponent-rmuc-2026-region,infantry,16759.123,12082.405,zone:supply:blue,25076.0,1268.0,前往补给区,2,19036.432,active,0,0,True,True,False,moving,0.0,1.817,950.0
382,opponent-sentry,opponent-rmuc-2026-region,sentry,25075.0,2836.0,zone:fortress:blue,,,占领堡垒,0,0.0,none,0,0,True,True,False,legal wait: no active movement route,0.0,0.0,0.0
382,opponent-drone,opponent-rmuc-2026-region,drone,26000.0,12600.0,,,,空中弹量耗尽,0,0.0,none,0,0,False,False,False,dead/respawning,0.0,0.0,0.0
383,tarsgo-hero,tarsgo-rmuc-2026-region,hero,16131.407,14500.0,zone:supply:red,2006.0,13050.0,前往补给区,2,14254.261,active,0,0,True,True,False,moving,0.0,1.817,1885.383
383,tarsgo-engineer,tarsgo-rmuc-2026-region,engineer,3194.0,13050.0,zone:supply:red,,,后方待命,0,0.0,none,0,0,True,True,False,legal wait: no active movement route,0.0,0.083,0.0
383,tarsgo-infantry-1,tarsgo-rmuc-2026-region,infantry,3692.204,6930.724,robot:opponent-hero,2621.678,500.0,追击敌方英雄,2,6521.904,active,0,0,True,True,False,moving,0.0,0.6,1900.0
383,tarsgo-infantry-2,tarsgo-rmuc-2026-region,infantry,11673.225,14500.0,zone:supply:red,2924.0,13732.0,前往补给区,2,8790.205,active,0,0,True,True,False,moving,0.0,0.567,1900.0
383,tarsgo-sentry,tarsgo-rmuc-2026-region,sentry,2941.743,12169.451,zone:fortress:red,,,占领堡垒,0,0.0,none,0,0,True,True,False,legal wait: no active movement route,0.0,1.783,0.0
383,tarsgo-drone,tarsgo-rmuc-2026-region,drone,24253.997,3253.224,robot:opponent-engineer,,,空中压制敌方工程,0,0.0,none,0,0,True,True,False,legal wait: no active movement route,0.0,0.0,0.0
383,opponent-hero,opponent-rmuc-2026-region,hero,2621.678,500.0,structure:red-base,2407.0,7500.0,进攻基地,2,6132.897,active,0,0,True,False,False,movement permission or chassis power lock,0.0,0.317,0.0
383,opponent-engineer,opponent-rmuc-2026-region,engineer,24806.0,1950.0,zone:supply:blue,,,后方待命,0,0.0,none,0,0,True,True,False,legal wait: no active movement route,0.0,0.0,0.0
383,opponent-infantry-1,opponent-rmuc-2026-region,infantry,22733.536,7168.149,zone:supply:blue,25724.0,2632.0,前往补给区,1,5433.187,active,0,0,True,True,False,moving,0.0,1.117,1900.0
383,opponent-infantry-2,opponent-rmuc-2026-region,infantry,16912.959,10188.643,zone:supply:blue,25076.0,1268.0,前往补给区,2,17136.432,active,0,0,True,True,False,moving,0.0,1.817,1900.0
383,opponent-sentry,opponent-rmuc-2026-region,sentry,25075.0,2836.0,zone:fortress:blue,,,占领堡垒,0,0.0,none,0,0,True,True,False,legal wait: no active movement route,0.0,0.0,0.0
383,opponent-drone,opponent-rmuc-2026-region,drone,26000.0,12600.0,,,,空中弹量耗尽,0,0.0,none,0,0,False,False,False,dead/respawning,0.0,0.0,0.0
384,tarsgo-hero,tarsgo-rmuc-2026-region,hero,14231.407,14500.0,zone:supply:red,2006.0,13050.0,前往补给区,2,12354.261,active,0,0,True,True,False,moving,0.0,1.817,1900.0
384,tarsgo-engineer,tarsgo-rmuc-2026-region,engineer,3194.0,13050.0,zone:supply:red,,,后方待命,0,0.0,none,0,0,True,True,False,legal wait: no active movement route,0.0,0.083,0.0
384,tarsgo-infantry-1,tarsgo-rmuc-2026-region,infantry,3389.589,5057.665,robot:opponent-hero,2621.678,500.0,追击敌方英雄,1,4621.904,active,0,0,True,True,False,moving,0.0,0.6,1897.347
384,tarsgo-infantry-2,tarsgo-rmuc-2026-region,infantry,11134.891,14500.0,zone:supply:red,2924.0,13732.0,前往补给区,2,8251.871,active,0,0,True,False,False,movement permission or chassis power lock,0.0,0.567,538.333
384,tarsgo-sentry,tarsgo-rmuc-2026-region,sentry,2941.743,12169.451,zone:fortress:red,,,占领堡垒,0,0.0,none,0,0,True,True,False,legal wait: no active movement route,0.0,1.783,0.0
384,tarsgo-drone,tarsgo-rmuc-2026-region,drone,24253.997,3253.224,robot:opponent-engineer,,,空中压制敌方工程,0,0.0,none,0,0,True,True,False,legal wait: no active movement route,0.0,0.0,0.0
384,opponent-hero,opponent-rmuc-2026-region,hero,2621.678,500.0,structure:red-base,2407.0,7500.0,进攻基地,2,6132.897,active,0,0,True,False,False,movement permission or chassis power lock,0.0,0.317,0.0
384,opponent-engineer,opponent-rmuc-2026-region,engineer,24806.0,1950.0,zone:supply:blue,,,后方待命,0,0.0,none,0,0,True,True,False,legal wait: no active movement route,0.0,0.0,0.0
384,opponent-infantry-1,opponent-rmuc-2026-region,infantry,23779.309,5581.845,zone:supply:blue,25724.0,2632.0,前往补给区,1,3533.187,active,0,0,True,True,False,moving,0.0,1.117,1900.0
384,opponent-infantry-2,opponent-rmuc-2026-region,infantry,17066.796,8294.881,zone:supply:blue,25076.0,1268.0,前往补给区,2,15236.432,active,0,0,True,True,False,moving,0.0,1.817,1900.0
384,opponent-sentry,opponent-rmuc-2026-region,sentry,25075.0,2836.0,zone:fortress:blue,,,占领堡垒,0,0.0,none,0,0,True,True,False,legal wait: no active movement route,0.0,0.0,0.0
384,opponent-drone,opponent-rmuc-2026-region,drone,26000.0,12600.0,,,,空中弹量耗尽,0,0.0,none,0,0,False,False,False,dead/respawning,0.0,0.0,0.0
385,tarsgo-hero,tarsgo-rmuc-2026-region,hero,12331.407,14500.0,zone:supply:red,2006.0,13050.0,前往补给区,2,10454.261,active,0,0,True,True,False,moving,0.0,1.817,1900.0
385,tarsgo-engineer,tarsgo-rmuc-2026-region,engineer,3194.0,13050.0,zone:supply:red,,,后方待命,0,0.0,none,0,0,True,True,False,legal wait: no active movement route,0.0,0.083,0.0
385,tarsgo-infantry-1,tarsgo-rmuc-2026-region,infantry,3073.912,3184.073,robot:opponent-hero,2621.678,500.0,追击敌方英雄,1,2721.904,active,0,0,True,True,False,moving,0.0,0.6,1900.0
385,tarsgo-infantry-2,tarsgo-rmuc-2026-region,infantry,11134.891,14500.0,zone:supply:red,2924.0,13732.0,前往补给区,2,8251.871,active,0,0,True,False,False,movement permission or chassis power lock,0.0,0.567,0.0
385,tarsgo-sentry,tarsgo-rmuc-2026-region,sentry,2941.743,12169.451,zone:fortress:red,,,占领堡垒,0,0.0,none,0,0,True,True,False,legal wait: no active movement route,0.0,1.783,0.0
385,tarsgo-drone,tarsgo-rmuc-2026-region,drone,24253.997,3253.224,robot:opponent-engineer,,,空中压制敌方工程,0,0.0,none,0,0,True,True,False,legal wait: no active movement route,0.0,0.0,0.0
385,opponent-hero,opponent-rmuc-2026-region,hero,2621.678,500.0,structure:red-base,2407.0,7500.0,进攻基地,2,6132.897,active,0,0,True,False,False,movement permission or chassis power lock,0.0,0.317,0.0
385,opponent-engineer,opponent-rmuc-2026-region,engineer,24806.0,1950.0,zone:supply:blue,,,后方待命,0,0.0,none,0,0,True,True,False,legal wait: no active movement route,0.0,0.0,0.0
385,opponent-infantry-1,opponent-rmuc-2026-region,infantry,24825.083,3995.542,zone:supply:blue,25724.0,2632.0,前往补给区,1,1633.187,active,0,0,True,True,False,moving,0.0,1.117,1900.0
385,opponent-infantry-2,opponent-rmuc-2026-region,infantry,17220.632,6401.119,zone:supply:blue,25076.0,1268.0,前往补给区,2,13336.432,active,0,0,True,True,False,moving,0.0,1.817,1900.0
385,opponent-sentry,opponent-rmuc-2026-region,sentry,25075.0,2836.0,zone:fortress:blue,,,占领堡垒,0,0.0,none,0,0,True,True,False,legal wait: no active movement route,0.0,0.0,0.0
385,opponent-drone,opponent-rmuc-2026-region,drone,26000.0,12600.0,,,,空中弹量耗尽,0,0.0,none,0,0,False,False,False,dead/respawning,0.0,0.0,0.0
386,tarsgo-hero,tarsgo-rmuc-2026-region,hero,11994.155,14061.937,zone:supply:red,2006.0,13050.0,前往补给区,2,10167.006,active,0,0,True,True,False,moving,0.0,1.817,552.845
386,tarsgo-engineer,tarsgo-rmuc-2026-region,engineer,3194.0,13050.0,zone:supply:red,,,后方待命,0,0.0,none,0,0,True,True,False,legal wait: no active movement route,0.0,0.083,0.0
386,tarsgo-infantry-1,tarsgo-rmuc-2026-region,infantry,2858.199,1903.785,robot:opponent-hero,,,追击敌方英雄,0,0.0,none,0,0,True,True,False,legal wait: no active movement route,0.0,0.6,1298.333
386,tarsgo-infantry-2,tarsgo-rmuc-2026-region,infantry,11134.891,14500.0,zone:supply:red,2924.0,13732.0,前往补给区,2,8251.871,active,0,0,True,False,False,movement permission or chassis power lock,0.0,0.567,0.0
386,tarsgo-sentry,tarsgo-rmuc-2026-region,sentry,2941.743,12169.451,zone:fortress:red,,,占领堡垒,0,0.0,none,0,0,True,True,False,legal wait: no active movement route,0.0,1.783,0.0
386,tarsgo-drone,tarsgo-rmuc-2026-region,drone,24253.997,3253.224,robot:opponent-engineer,,,空中压制敌方工程,0,0.0,none,0,0,True,True,False,legal wait: no active movement route,0.0,0.0,0.0
386,opponent-hero,opponent-rmuc-2026-region,hero,2621.678,500.0,zone:supply:blue,25994.0,1950.0,前往补给区,2,24731.366,active,0,0,True,False,False,movement permission or chassis power lock,0.0,0.317,0.0
386,opponent-engineer,opponent-rmuc-2026-region,engineer,24806.0,1950.0,zone:supply:blue,,,后方待命,0,0.0,none,0,0,True,True,False,legal wait: no active movement route,0.0,0.0,0.0
386,opponent-infantry-1,opponent-rmuc-2026-region,infantry,25724.0,2632.0,zone:supply:blue,25724.0,2632.0,前往补给区,0,0.0,none,0,0,True,True,False,legal wait: no active movement route,0.0,1.117,1633.187
386,opponent-infantry-2,opponent-rmuc-2026-region,infantry,17374.469,4507.357,zone:supply:blue,25076.0,1268.0,前往补给区,2,11436.432,active,0,0,True,True,False,moving,0.0,1.817,1900.0
386,opponent-sentry,opponent-rmuc-2026-region,sentry,25075.0,2836.0,zone:fortress:blue,,,占领堡垒,0,0.0,none,0,0,True,True,False,legal wait: no active movement route,0.0,0.0,0.0
386,opponent-drone,opponent-rmuc-2026-region,drone,26000.0,12600.0,,,,空中弹量耗尽,0,0.0,none,0,0,False,False,False,dead/respawning,0.0,0.0,0.0
387,tarsgo-hero,tarsgo-rmuc-2026-region,hero,11309.91,13632.408,zone:supply:red,2006.0,13050.0,前往补给区,2,9711.679,active,0,0,True,True,False,moving,0.0,1.817,807.89
387,tarsgo-engineer,tarsgo-rmuc-2026-region,engineer,3194.0,13050.0,zone:supply:red,,,后方待命,0,0.0,none,0,0,True,True,False,legal wait: no active movement route,0.0,0.083,0.0
387,tarsgo-infantry-1,tarsgo-rmuc-2026-region,infantry,2858.199,1903.785,robot:opponent-hero,,,追击敌方英雄,0,0.0,none,0,0,True,True,False,legal wait: no active movement route,0.0,0.6,0.0
387,tarsgo-infantry-2,tarsgo-rmuc-2026-region,infantry,11134.891,14500.0,zone:supply:red,2924.0,13732.0,前往补给区,2,8251.871,active,0,0,True,False,False,movement permission or chassis power lock,0.0,0.567,0.0
387,tarsgo-sentry,tarsgo-rmuc-2026-region,sentry,2941.743,12169.451,zone:fortress:red,,,占领堡垒,0,0.0,none,0,0,True,True,False,legal wait: no active movement route,0.0,1.783,0.0
387,tarsgo-drone,tarsgo-rmuc-2026-region,drone,24253.997,3253.224,robot:opponent-engineer,,,空中压制敌方工程,0,0.0,none,0,0,True,True,False,legal wait: no active movement route,0.0,0.0,0.0
387,opponent-hero,opponent-rmuc-2026-region,hero,4331.678,500.0,zone:supply:blue,25994.0,1950.0,前往补给区,2,23021.366,active,0,0,True,True,False,moving,0.0,0.317,1710.0
387,opponent-engineer,opponent-rmuc-2026-region,engineer,24806.0,1950.0,zone:supply:blue,,,后方待命,0,0.0,none,0,0,True,True,False,legal wait: no active movement route,0.0,0.0,0.0
387,opponent-infantry-1,opponent-rmuc-2026-region,infantry,25601.993,2817.069,robot:tarsgo-hero,11618.722,13410.968,追击敌方英雄,2,20368.255,active,0,0,True,True,False,moving,0.0,1.117,221.667
387,opponent-infantry-2,opponent-rmuc-2026-region,infantry,17528.306,2613.595,zone:supply:blue,25076.0,1268.0,前往补给区,2,9536.432,active,0,0,True,True,False,moving,0.0,1.817,1900.0
387,opponent-sentry,opponent-rmuc-2026-region,sentry,25075.0,2836.0,zone:fortress:blue,,,占领堡垒,0,0.0,none,0,0,True,True,False,legal wait: no active movement route,0.0,0.0,0.0
387,opponent-drone,opponent-rmuc-2026-region,drone,26000.0,12600.0,,,,空中弹量耗尽,0,0.0,none,0,0,False,False,False,dead/respawning,0.0,0.0,0.0
388,tarsgo-hero,tarsgo-rmuc-2026-region,hero,9695.268,14427.494,zone:supply:red,2006.0,13050.0,前往补给区,1,7811.679,active,0,0,True,True,False,moving,0.0,1.817,1799.787
388,tarsgo-engineer,tarsgo-rmuc-2026-region,engineer,3194.0,13050.0,zone:supply:red,,,后方待命,0,0.0,none,0,0,True,True,False,legal wait: no active movement route,0.0,0.083,0.0
388,tarsgo-infantry-1,tarsgo-rmuc-2026-region,infantry,2974.464,1853.517,robot:opponent-hero,6105.011,500.0,追击敌方英雄,1,3410.621,active,0,0,True,True,False,moving,0.0,0.6,126.667
388,tarsgo-infantry-2,tarsgo-rmuc-2026-region,infantry,11134.891,14500.0,zone:supply:red,2924.0,13732.0,前往补给区,2,8251.871,active,0,0,True,False,False,movement permission or chassis power lock,0.0,0.567,0.0
388,tarsgo-sentry,tarsgo-rmuc-2026-region,sentry,2941.743,12169.451,zone:fortress:red,,,占领堡垒,0,0.0,none,0,0,True,True,False,legal wait: no active movement route,0.0,1.783,0.0
388,tarsgo-drone,tarsgo-rmuc-2026-region,drone,24253.997,3253.224,robot:opponent-engineer,,,空中压制敌方工程,0,0.0,none,0,0,True,True,False,legal wait: no active movement route,0.0,0.0,0.0
388,opponent-hero,opponent-rmuc-2026-region,hero,6231.678,500.0,zone:supply:blue,25994.0,1950.0,前往补给区,2,21121.366,active,0,0,True,True,False,moving,0.0,0.317,1900.0
388,opponent-engineer,opponent-rmuc-2026-region,engineer,24806.0,1950.0,zone:supply:blue,,,后方待命,0,0.0,none,0,0,True,True,False,legal wait: no active movement route,0.0,0.0,0.0
388,opponent-infantry-1,opponent-rmuc-2026-region,infantry,24556.22,4403.372,robot:tarsgo-hero,10460.679,14241.367,追击敌方英雄,2,19537.084,active,0,0,True,True,False,moving,0.0,1.117,1900.0
388,opponent-infantry-2,opponent-rmuc-2026-region,infantry,17682.142,719.833,zone:supply:blue,25076.0,1268.0,前往补给区,2,7636.432,active,0,0,True,True,False,moving,0.0,1.817,1900.0
388,opponent-sentry,opponent-rmuc-2026-region,sentry,25075.0,2836.0,zone:fortress:blue,,,占领堡垒,0,0.0,none,0,0,True,True,False,legal wait: no active movement route,0.0,0.0,0.0
388,opponent-drone,opponent-rmuc-2026-region,drone,26000.0,12600.0,,,,空中弹量耗尽,0,0.0,none,0,0,False,False,False,dead/respawning,0.0,0.0,0.0
389,tarsgo-hero,tarsgo-rmuc-2026-region,hero,7825.041,14092.452,zone:supply:red,2006.0,13050.0,前往补给区,1,5911.679,active,0,0,True,True,False,moving,0.0,1.817,1900.0
389,tarsgo-engineer,tarsgo-rmuc-2026-region,engineer,3194.0,13050.0,zone:supply:red,,,后方待命,0,0.0,none,0,0,True,True,False,legal wait: no active movement route,0.0,0.083,0.0
389,tarsgo-infantry-1,tarsgo-rmuc-2026-region,infantry,4749.992,1192.782,robot:opponent-hero,7530.011,500.0,追击敌方英雄,1,2865.04,active,0,0,True,True,False,moving,0.0,0.6,1894.485
389,tarsgo-infantry-2,tarsgo-rmuc-2026-region,infantry,9806.567,14468.596,zone:supply:red,2924.0,13732.0,前往补给区,1,6921.871,active,0,0,True,True,False,moving,0.0,0.567,1328.695
389,tarsgo-sentry,tarsgo-rmuc-2026-region,sentry,2941.743,12169.451,zone:fortress:red,,,占领堡垒,0,0.0,none,0,0,True,True,False,legal wait: no active movement route,0.0,1.783,0.0
389,tarsgo-drone,tarsgo-rmuc-2026-region,drone,24253.997,3253.224,robot:opponent-engineer,,,空中压制敌方工程,0,0.0,none,0,0,True,True,False,legal wait: no active movement route,0.0,0.0,0.0
389,opponent-hero,opponent-rmuc-2026-region,hero,8131.678,500.0,zone:supply:blue,25994.0,1950.0,前往补给区,2,19221.366,active,0,0,True,True,False,moving,0.0,0.317,1900.0
389,opponent-engineer,opponent-rmuc-2026-region,engineer,24806.0,1950.0,zone:supply:blue,,,后方待命,0,0.0,none,0,0,True,True,False,legal wait: no active movement route,0.0,0.0,0.0
389,opponent-infantry-1,opponent-rmuc-2026-region,infantry,23510.447,5989.675,robot:tarsgo-hero,9134.2,14326.982,追击敌方英雄,3,18974.445,active,0,0,True,True,False,moving,0.0,1.117,1900.0
389,opponent-infantry-2,opponent-rmuc-2026-region,infantry,19370.413,673.926,zone:supply:blue,25076.0,1268.0,前往补给区,1,5736.432,active,0,0,True,True,False,moving,0.0,1.817,1688.894
389,opponent-sentry,opponent-rmuc-2026-region,sentry,25075.0,2836.0,zone:fortress:blue,,,占领堡垒,0,0.0,none,0,0,True,True,False,legal wait: no active movement route,0.0,0.0,0.0
389,opponent-drone,opponent-rmuc-2026-region,drone,26000.0,12600.0,,,,空中弹量耗尽,0,0.0,none,0,0,False,False,False,dead/respawning,0.0,0.0,0.0
390,tarsgo-hero,tarsgo-rmuc-2026-region,hero,5954.815,13757.411,zone:supply:red,2006.0,13050.0,前往补给区,1,4011.679,active,0,0,True,True,False,moving,0.0,1.817,1900.0
390,tarsgo-engineer,tarsgo-rmuc-2026-region,engineer,3194.0,13050.0,zone:supply:red,,,后方待命,0,0.0,none,0,0,True,True,False,legal wait: no active movement route,0.0,0.083,0.0
390,tarsgo-infantry-1,tarsgo-rmuc-2026-region,infantry,6614.425,839.253,robot:opponent-hero,8955.011,500.0,追击敌方英雄,1,2365.045,active,0,0,True,True,False,moving,0.0,0.6,1897.654
390,tarsgo-infantry-2,tarsgo-rmuc-2026-region,infantry,7917.356,14266.406,zone:supply:red,2924.0,13732.0,前往补给区,1,5021.871,active,0,0,True,True,False,moving,0.0,0.567,1900.0
390,tarsgo-sentry,tarsgo-rmuc-2026-region,sentry,2941.743,12169.451,zone:fortress:red,,,占领堡垒,0,0.0,none,0,0,True,True,False,legal wait: no active movement route,0.0,1.783,0.0
390,tarsgo-drone,tarsgo-rmuc-2026-region,drone,24253.997,3253.224,robot:opponent-engineer,,,空中压制敌方工程,0,0.0,none,0,0,True,True,False,legal wait: no active movement route,0.0,0.0,0.0
390,opponent-hero,opponent-rmuc-2026-region,hero,10031.678,500.0,zone:supply:blue,25994.0,1950.0,前往补给区,2,17321.366,active,0,0,True,True,False,moving,0.0,0.317,1900.0
390,opponent-engineer,opponent-rmuc-2026-region,engineer,24806.0,1950.0,zone:supply:blue,,,后方待命,0,0.0,none,0,0,True,True,False,legal wait: no active movement route,0.0,0.0,0.0
390,opponent-infantry-1,opponent-rmuc-2026-region,infantry,22464.673,7575.979,robot:tarsgo-hero,6328.86,13824.419,追击敌方英雄,3,19924.445,active,0,0,True,True,False,moving,0.0,1.117,1900.0
390,opponent-infantry-2,opponent-rmuc-2026-region,infantry,21260.196,870.693,zone:supply:blue,25076.0,1268.0,前往补给区,1,3836.432,active,0,0,True,True,False,moving,0.0,1.817,1900.0
390,opponent-sentry,opponent-rmuc-2026-region,sentry,25075.0,2836.0,zone:fortress:blue,,,占领堡垒,0,0.0,none,0,0,True,True,False,legal wait: no active movement route,0.0,0.0,0.0
390,opponent-drone,opponent-rmuc-2026-region,drone,26000.0,12600.0,,,,空中弹量耗尽,0,0.0,none,0,0,False,False,False,dead/respawning,0.0,0.0,0.0
391,tarsgo-hero,tarsgo-rmuc-2026-region,hero,4084.588,13422.369,zone:supply:red,2006.0,13050.0,前往补给区,1,2111.679,active,0,0,True,True,False,moving,0.0,1.817,1900.0
391,tarsgo-engineer,tarsgo-rmuc-2026-region,engineer,3194.0,13050.0,zone:supply:red,,,后方待命,0,0.0,none,0,0,True,True,False,legal wait: no active movement route,0.0,0.083,0.0
391,tarsgo-infantry-1,tarsgo-rmuc-2026-region,infantry,8505.543,661.884,robot:opponent-hero,11805.011,500.0,追击敌方英雄,2,3304.154,active,0,0,True,True,False,moving,0.0,0.6,1899.417
391,tarsgo-infantry-2,tarsgo-rmuc-2026-region,infantry,6028.145,14064.216,zone:supply:red,2924.0,13732.0,前往补给区,1,3121.871,active,0,0,True,True,False,moving,0.0,0.567,1900.0
391,tarsgo-sentry,tarsgo-rmuc-2026-region,sentry,2941.743,12169.451,zone:fortress:red,,,占领堡垒,0,0.0,none,0,0,True,True,False,legal wait: no active movement route,0.0,1.783,0.0
391,tarsgo-drone,tarsgo-rmuc-2026-region,drone,24253.997,3253.224,robot:opponent-engineer,,,空中压制敌方工程,0,0.0,none,0,0,True,True,False,legal wait: no active movement route,0.0,0.0,0.0
391,opponent-hero,opponent-rmuc-2026-region,hero,11931.678,500.0,zone:supply:blue,25994.0,1950.0,前往补给区,2,15421.366,active,0,0,True,True,False,moving,0.0,0.317,1900.0
391,opponent-engineer,opponent-rmuc-2026-region,engineer,24806.0,1950.0,zone:supply:blue,,,后方待命,0,0.0,none,0,0,True,True,False,legal wait: no active movement route,0.0,0.0,0.0
391,opponent-infantry-1,opponent-rmuc-2026-region,infantry,21418.9,9162.282,robot:tarsgo-hero,4926.19,13573.138,追击敌方英雄,3,19449.445,active,0,0,True,True,False,moving,0.0,1.117,1900.0
391,opponent-infantry-2,opponent-rmuc-2026-region,infantry,23149.98,1067.46,zone:supply:blue,25076.0,1268.0,前往补给区,1,1936.432,active,0,0,True,True,False,moving,0.0,1.817,1900.0
391,opponent-sentry,opponent-rmuc-2026-region,sentry,25075.0,2836.0,zone:fortress:blue,,,占领堡垒,0,0.0,none,0,0,True,True,False,legal wait: no active movement route,0.0,0.0,0.0
391,opponent-drone,opponent-rmuc-2026-region,drone,26000.0,12600.0,,,,空中弹量耗尽,0,0.0,none,0,0,False,False,False,dead/respawning,0.0,0.0,0.0
392,tarsgo-hero,tarsgo-rmuc-2026-region,hero,3907.28,13276.416,zone:supply:red,2006.0,13050.0,前往补给区,1,1914.714,active,0,0,True,True,False,moving,0.0,1.817,229.653
392,tarsgo-engineer,tarsgo-rmuc-2026-region,engineer,3194.0,13050.0,zone:supply:red,,,后方待命,0,0.0,none,0,0,True,True,False,legal wait: no active movement route,0.0,0.083,0.0
392,tarsgo-infantry-1,tarsgo-rmuc-2026-region,infantry,9864.954,583.564,robot:opponent-hero,13230.011,500.0,追击敌方英雄,0,0.0,none,0,0,True,True,False,legal wait: no active movement route,0.0,0.6,1361.665
392,tarsgo-infantry-2,tarsgo-rmuc-2026-region,infantry,4138.933,13862.026,zone:supply:red,2924.0,13732.0,前往补给区,1,1221.871,active,0,0,True,True,False,moving,0.0,0.567,1900.0
392,tarsgo-sentry,tarsgo-rmuc-2026-region,sentry,2941.743,12169.451,zone:fortress:red,,,占领堡垒,0,0.0,none,0,0,True,True,False,legal wait: no active movement route,0.0,1.783,0.0
392,tarsgo-drone,tarsgo-rmuc-2026-region,drone,24253.997,3253.224,robot:opponent-engineer,,,空中压制敌方工程,0,0.0,none,0,0,True,True,False,legal wait: no active movement route,0.0,0.0,0.0
392,opponent-hero,opponent-rmuc-2026-region,hero,13831.678,500.0,zone:supply:blue,25994.0,1950.0,前往补给区,2,13521.366,active,0,0,True,True,False,moving,0.0,0.317,1900.0
392,opponent-engineer,opponent-rmuc-2026-region,engineer,24806.0,1950.0,zone:supply:blue,,,后方待命,0,0.0,none,0,0,True,True,False,legal wait: no active movement route,0.0,0.0,0.0
392,opponent-infantry-1,opponent-rmuc-2026-region,infantry,20373.127,10748.585,robot:tarsgo-hero,3523.521,13321.856,追击敌方英雄,3,18974.445,active,0,0,True,True,False,moving,0.0,1.117,1900.0
392,opponent-infantry-2,opponent-rmuc-2026-region,infantry,25008.268,1260.948,zone:supply:blue,,,补充弹量,0,0.0,none,0,0,True,True,False,legal wait: no active movement route,0.0,1.817,1868.333
392,opponent-sentry,opponent-rmuc-2026-region,sentry,25075.0,2836.0,zone:fortress:blue,,,占领堡垒,0,0.0,none,0,0,True,True,False,legal wait: no active movement route,0.0,0.0,0.0
392,opponent-drone,opponent-rmuc-2026-region,drone,26000.0,12600.0,,,,空中弹量耗尽,0,0.0,none,0,0,False,False,False,dead/respawning,0.0,0.0,0.0
393,tarsgo-hero,tarsgo-rmuc-2026-region,hero,3699.372,13046.438,zone:supply:red,2006.0,13050.0,前往补给区,1,1693.376,active,0,0,True,True,False,moving,0.0,1.817,310.025
393,tarsgo-engineer,tarsgo-rmuc-2026-region,engineer,3194.0,13050.0,zone:supply:red,,,后方待命,0,0.0,none,0,0,True,True,False,legal wait: no active movement route,0.0,0.083,0.0
393,tarsgo-infantry-1,tarsgo-rmuc-2026-region,infantry,10939.8,520.975,robot:opponent-hero,14655.011,500.0,追击敌方英雄,2,3715.822,active,0,0,True,True,False,moving,0.0,0.6,1076.667
393,tarsgo-infantry-2,tarsgo-rmuc-2026-region,infantry,3446.222,13787.89,zone:supply:red,,,补充弹量,0,0.0,none,0,0,True,True,False,legal wait: no active movement route,0.0,0.567,696.667
393,tarsgo-sentry,tarsgo-rmuc-2026-region,sentry,2941.743,12169.451,zone:fortress:red,,,占领堡垒,0,0.0,none,0,0,True,True,False,legal wait: no active movement route,0.0,1.783,0.0
393,tarsgo-drone,tarsgo-rmuc-2026-region,drone,24253.997,3253.224,robot:opponent-engineer,,,空中压制敌方工程,0,0.0,none,0,0,True,True,False,legal wait: no active movement route,0.0,0.0,0.0
393,opponent-hero,opponent-rmuc-2026-region,hero,15731.678,500.0,zone:supply:blue,25994.0,1950.0,前往补给区,2,11621.366,active,0,0,True,True,False,moving,0.0,0.317,1900.0
393,opponent-engineer,opponent-rmuc-2026-region,engineer,24806.0,1950.0,zone:supply:blue,,,后方待命,0,0.0,none,0,0,True,True,False,legal wait: no active movement route,0.0,0.0,0.0
393,opponent-infantry-1,opponent-rmuc-2026-region,infantry,19327.353,12334.889,robot:tarsgo-hero,4079.371,13045.639,追击敌方英雄,3,16587.067,active,0,0,True,True,False,moving,0.0,1.117,1900.0
393,opponent-infantry-2,opponent-rmuc-2026-region,infantry,24503.93,1212.419,zone:central:blue,17188.0,8960.0,前往中央区域,2,15898.584,active,0,0,True,True,False,moving,0.0,1.817,506.667
393,opponent-sentry,opponent-rmuc-2026-region,sentry,25075.0,2836.0,zone:fortress:blue,,,占领堡垒,0,0.0,none,0,0,True,True,False,legal wait: no active movement route,0.0,0.0,0.0
393,opponent-drone,opponent-rmuc-2026-region,drone,26000.0,12600.0,,,,空中弹量耗尽,0,0.0,none,0,0,False,False,False,dead/respawning,0.0,0.0,0.0
394,tarsgo-hero,tarsgo-rmuc-2026-region,hero,3831.534,12864.261,structure:blue-base,,,进攻基地,0,0.0,searching,4,4,True,True,False,waiting for path search,0.0,1.817,225.067
394,tarsgo-engineer,tarsgo-rmuc-2026-region,engineer,3194.0,13050.0,zone:supply:red,,,后方待命,0,0.0,none,0,0,True,True,False,legal wait: no active movement route,0.0,0.083,0.0
394,tarsgo-infantry-1,tarsgo-rmuc-2026-region,infantry,12839.211,500.496,robot:opponent-hero,17505.011,500.0,追击敌方英雄,1,4665.801,active,0,0,True,True,False,moving,0.0,0.6,1899.521
394,tarsgo-infantry-2,tarsgo-rmuc-2026-region,infantry,5053.902,13941.483,robot:opponent-infantry-1,18421.017,13709.685,追击敌方步兵,3,13819.319,active,0,0,True,True,False,moving,0.0,0.567,1615.0
394,tarsgo-sentry,tarsgo-rmuc-2026-region,sentry,2941.743,12169.451,zone:fortress:red,,,占领堡垒,0,0.0,none,0,0,True,True,False,legal wait: no active movement route,0.0,1.783,0.0
394,tarsgo-drone,tarsgo-rmuc-2026-region,drone,24253.997,3253.224,robot:opponent-engineer,,,空中压制敌方工程,0,0.0,none,0,0,True,True,False,legal wait: no active movement route,0.0,0.0,0.0
394,opponent-hero,opponent-rmuc-2026-region,hero,17631.678,500.0,zone:supply:blue,25994.0,1950.0,前往补给区,2,9721.366,active,0,0,True,True,False,moving,0.0,0.317,1900.0
394,opponent-engineer,opponent-rmuc-2026-region,engineer,24806.0,1950.0,zone:supply:blue,,,后方待命,0,0.0,none,0,0,True,True,False,legal wait: no active movement route,0.0,0.0,0.0
394,opponent-infantry-1,opponent-rmuc-2026-region,infantry,18281.58,13921.192,robot:tarsgo-hero,3831.534,12864.261,追击敌方英雄,3,14971.641,active,0,0,True,True,False,moving,0.0,1.117,1900.0
394,opponent-infantry-2,opponent-rmuc-2026-region,infantry,22612.665,1030.438,zone:central:blue,17188.0,8960.0,前往中央区域,2,13998.584,active,0,0,True,True,False,moving,0.0,1.817,1900.0
394,opponent-sentry,opponent-rmuc-2026-region,sentry,25075.0,2836.0,zone:fortress:blue,,,占领堡垒,0,0.0,none,0,0,True,True,False,legal wait: no active movement route,0.0,0.0,0.0
394,opponent-drone,opponent-rmuc-2026-region,drone,26000.0,12600.0,,,,空中弹量耗尽,0,0.0,none,0,0,False,False,False,dead/respawning,0.0,0.0,0.0
395,tarsgo-hero,tarsgo-rmuc-2026-region,hero,3985.036,12903.079,structure:blue-base,25593.0,7500.0,进攻基地,3,23876.349,active,0,0,True,True,False,moving,0.0,1.817,158.333
395,tarsgo-engineer,tarsgo-rmuc-2026-region,engineer,3194.0,13050.0,zone:supply:red,,,后方待命,0,0.0,none,0,0,True,True,False,legal wait: no active movement route,0.0,0.083,0.0
395,tarsgo-infantry-1,tarsgo-rmuc-2026-region,infantry,14739.211,500.313,robot:opponent-hero,18930.011,500.0,追击敌方英雄,1,4190.801,active,0,0,True,True,False,moving,0.0,0.6,1900.0
395,tarsgo-infantry-2,tarsgo-rmuc-2026-region,infantry,6945.29,14122.18,robot:opponent-infantry-1,17421.602,14500.0,追击敌方步兵,2,10494.319,active,0,0,True,True,False,moving,0.0,0.567,1900.0
395,tarsgo-sentry,tarsgo-rmuc-2026-region,sentry,2941.743,12169.451,zone:fortress:red,,,占领堡垒,0,0.0,none,0,0,True,True,False,legal wait: no active movement route,0.0,1.783,0.0
395,tarsgo-drone,tarsgo-rmuc-2026-region,drone,24253.997,3253.224,robot:opponent-engineer,,,空中压制敌方工程,0,0.0,none,0,0,True,True,False,legal wait: no active movement route,0.0,0.0,0.0
395,opponent-hero,opponent-rmuc-2026-region,hero,19531.678,500.0,zone:supply:blue,25994.0,1950.0,前往补给区,2,7821.366,active,0,0,True,True,False,moving,0.0,0.317,1900.0
395,opponent-engineer,opponent-rmuc-2026-region,engineer,24806.0,1950.0,zone:supply:blue,,,后方待命,0,0.0,none,0,0,True,True,False,legal wait: no active movement route,0.0,0.0,0.0
395,opponent-infantry-1,opponent-rmuc-2026-region,infantry,16693.269,14500.0,robot:tarsgo-hero,3831.534,12864.261,追击敌方英雄,2,13071.641,active,0,0,True,True,False,moving,0.0,1.117,1690.488
395,opponent-infantry-2,opponent-rmuc-2026-region,infantry,20721.4,848.458,zone:central:blue,17188.0,8960.0,前往中央区域,2,12098.584,active,0,0,True,True,False,moving,0.0,1.817,1900.0
395,opponent-sentry,opponent-rmuc-2026-region,sentry,25075.0,2836.0,zone:fortress:blue,,,占领堡垒,0,0.0,none,0,0,True,True,False,legal wait: no active movement route,0.0,0.0,0.0
395,opponent-drone,opponent-rmuc-2026-region,drone,26000.0,12600.0,,,,空中弹量耗尽,0,0.0,none,0,0,False,False,False,dead/respawning,0.0,0.0,0.0
396,tarsgo-hero,tarsgo-rmuc-2026-region,hero,5827.052,13368.886,structure:blue-base,25593.0,7500.0,进攻基地,3,21976.349,active,0,0,True,True,False,moving,0.0,1.817,1900.0
396,tarsgo-engineer,tarsgo-rmuc-2026-region,engineer,3194.0,13050.0,zone:supply:red,,,后方待命,0,0.0,none,0,0,True,True,False,legal wait: no active movement route,0.0,0.083,0.0
396,tarsgo-infantry-1,tarsgo-rmuc-2026-region,infantry,16639.137,487.647,robot:opponent-hero,19661.632,452.26,追击敌方英雄,1,3022.702,active,0,0,True,True,False,moving,0.0,0.6,1899.968
396,tarsgo-infantry-2,tarsgo-rmuc-2026-region,infantry,8836.678,14302.877,robot:opponent-infantry-1,15996.602,14500.0,追击敌方步兵,2,7169.319,active,0,0,True,True,False,moving,0.0,0.567,1900.0
396,tarsgo-sentry,tarsgo-rmuc-2026-region,sentry,2941.743,12169.451,zone:fortress:red,,,占领堡垒,0,0.0,none,0,0,True,True,False,legal wait: no active movement route,0.0,1.783,0.0
396,tarsgo-drone,tarsgo-rmuc-2026-region,drone,24253.997,3253.224,robot:opponent-engineer,,,空中压制敌方工程,0,0.0,none,0,0,True,True,False,legal wait: no active movement route,0.0,0.0,0.0
396,opponent-hero,opponent-rmuc-2026-region,hero,19191.408,383.372,zone:supply:blue,25994.0,1950.0,前往补给区,2,8162.65,active,0,0,True,True,True,collision/yield,0.283,0.317,359.703
396,opponent-engineer,opponent-rmuc-2026-region,engineer,24806.0,1950.0,zone:supply:blue,,,后方待命,0,0.0,none,0,0,True,True,False,legal wait: no active movement route,0.0,0.0,0.0
396,opponent-infantry-1,opponent-rmuc-2026-region,infantry,14793.269,14500.0,robot:tarsgo-hero,5458.649,13275.724,追击敌方英雄,2,9493.373,active,0,0,True,True,False,moving,0.0,1.117,1900.0
396,opponent-infantry-2,opponent-rmuc-2026-region,infantry,19334.473,715.005,robot:tarsgo-infantry-1,16132.505,493.579,追击敌方步兵,2,3212.31,active,0,0,True,True,True,collision/yield,0.267,1.817,1393.333
396,opponent-sentry,opponent-rmuc-2026-region,sentry,25075.0,2836.0,zone:fortress:blue,,,占领堡垒,0,0.0,none,0,0,True,True,False,legal wait: no active movement route,0.0,0.0,0.0
396,opponent-drone,opponent-rmuc-2026-region,drone,26000.0,12600.0,,,,空中弹量耗尽,0,0.0,none,0,0,False,False,False,dead/respawning,0.0,0.0,0.0
397,tarsgo-hero,tarsgo-rmuc-2026-region,hero,7669.068,13834.693,structure:blue-base,25593.0,7500.0,进攻基地,3,20076.349,active,0,0,True,True,False,moving,0.0,1.817,1900.0
397,tarsgo-engineer,tarsgo-rmuc-2026-region,engineer,3194.0,13050.0,zone:supply:red,,,后方待命,0,0.0,none,0,0,True,True,False,legal wait: no active movement route,0.0,0.083,0.0
397,tarsgo-infantry-1,tarsgo-rmuc-2026-region,infantry,18538.019,425.317,zone:supply:red,19508.026,388.876,前往补给区,1,970.692,searching,1,1,True,True,False,moving,0.0,0.6,1899.905
397,tarsgo-infantry-2,tarsgo-rmuc-2026-region,infantry,9655.901,14384.856,robot:opponent-infantry-1,13146.602,14500.0,追击敌方步兵,2,3497.031,active,0,0,True,True,False,moving,0.0,0.567,823.315
397,tarsgo-sentry,tarsgo-rmuc-2026-region,sentry,2941.743,12169.451,zone:fortress:red,,,占领堡垒,0,0.0,none,0,0,True,True,False,legal wait: no active movement route,0.0,1.783,0.0
397,tarsgo-drone,tarsgo-rmuc-2026-region,drone,24253.997,3253.224,robot:opponent-engineer,,,空中压制敌方工程,0,0.0,none,0,0,True,True,False,legal wait: no active movement route,0.0,0.0,0.0
397,opponent-hero,opponent-rmuc-2026-region,hero,21059.459,415.847,zone:supply:blue,25994.0,1950.0,前往补给区,2,6294.316,active,0,0,True,True,False,moving,0.0,0.317,1868.333
397,opponent-engineer,opponent-rmuc-2026-region,engineer,24806.0,1950.0,zone:supply:blue,,,后方待命,0,0.0,none,0,0,True,True,False,legal wait: no active movement route,0.0,0.0,0.0
397,opponent-infantry-1,opponent-rmuc-2026-region,infantry,12893.269,14500.0,robot:tarsgo-hero,6840.161,13625.08,追击敌方英雄,2,6168.478,active,0,0,True,True,False,moving,0.0,1.117,1900.0
397,opponent-infantry-2,opponent-rmuc-2026-region,infantry,19119.108,846.552,robot:tarsgo-infantry-1,17557.044,462.171,追击敌方步兵,1,1608.661,active,0,0,True,True,False,moving,0.0,1.817,252.363
397,opponent-sentry,opponent-rmuc-2026-region,sentry,25075.0,2836.0,zone:fortress:blue,,,占领堡垒,0,0.0,none,0,0,True,True,False,legal wait: no active movement route,0.0,0.0,0.0
397,opponent-drone,opponent-rmuc-2026-region,drone,26000.0,12600.0,,,,空中弹量耗尽,0,0.0,none,0,0,False,False,False,dead/respawning,0.0,0.0,0.0
398,tarsgo-hero,tarsgo-rmuc-2026-region,hero,9511.084,14300.5,structure:blue-base,25593.0,7500.0,进攻基地,3,18176.349,active,0,0,True,True,False,moving,0.0,1.817,1900.0
398,tarsgo-engineer,tarsgo-rmuc-2026-region,engineer,3194.0,13050.0,zone:supply:red,,,后方待命,0,0.0,none,0,0,True,True,False,legal wait: no active movement route,0.0,0.083,0.0
398,tarsgo-infantry-1,tarsgo-rmuc-2026-region,infantry,16827.977,431.209,zone:supply:red,2276.0,12368.0,前往补给区,3,25208.526,active,0,0,True,True,False,moving,0.0,0.6,1710.052
398,tarsgo-infantry-2,tarsgo-rmuc-2026-region,infantry,10096.325,14429.503,zone:supply:red,2924.0,13732.0,前往补给区,1,7206.161,active,0,0,True,True,False,moving,0.0,0.567,442.68
398,tarsgo-sentry,tarsgo-rmuc-2026-region,sentry,2941.743,12169.451,zone:fortress:red,,,占领堡垒,0,0.0,none,0,0,True,True,False,legal wait: no active movement route,0.0,1.783,0.0
398,tarsgo-drone,tarsgo-rmuc-2026-region,drone,24253.997,3253.224,robot:opponent-engineer,,,空中压制敌方工程,0,0.0,none,0,0,True,True,False,legal wait: no active movement route,0.0,0.0,0.0
398,opponent-hero,opponent-rmuc-2026-region,hero,22959.172,448.874,zone:supply:blue,25994.0,1950.0,前往补给区,2,4394.316,active,0,0,True,True,False,moving,0.0,0.317,1900.0
398,opponent-engineer,opponent-rmuc-2026-region,engineer,24806.0,1950.0,zone:supply:blue,,,后方待命,0,0.0,none,0,0,True,True,False,legal wait: no active movement route,0.0,0.0,0.0
398,opponent-infantry-1,opponent-rmuc-2026-region,infantry,10993.269,14500.0,robot:tarsgo-hero,8221.673,13974.435,追击敌方英雄,2,2843.739,active,0,0,True,True,False,moving,0.0,1.117,1900.0
398,opponent-infantry-2,opponent-rmuc-2026-region,infantry,18657.579,734.337,robot:tarsgo-infantry-1,16859.643,431.043,追击敌方步兵,2,1825.119,active,0,0,True,True,False,moving,0.0,1.817,474.975
398,opponent-sentry,opponent-rmuc-2026-region,sentry,25075.0,2836.0,zone:fortress:blue,,,占领堡垒,0,0.0,none,0,0,True,True,False,legal wait: no active movement route,0.0,0.0,0.0
398,opponent-drone,opponent-rmuc-2026-region,drone,26000.0,12600.0,,,,空中弹量耗尽,0,0.0,none,0,0,False,False,False,dead/respawning,0.0,0.0,0.0
399,tarsgo-hero,tarsgo-rmuc-2026-region,hero,9437.229,14332.988,zone:supply:red,2006.0,13050.0,前往补给区,1,7541.168,active,0,0,True,True,False,moving,0.0,1.817,80.686
399,tarsgo-engineer,tarsgo-rmuc-2026-region,engineer,3194.0,13050.0,zone:supply:red,,,后方待命,0,0.0,none,0,0,True,True,False,legal wait: no active movement route,0.0,0.083,0.0
399,tarsgo-infantry-1,tarsgo-rmuc-2026-region,infantry,14928.003,441.165,zone:supply:red,2276.0,12368.0,前往补给区,3,23308.526,active,0,0,True,True,False,moving,0.0,0.6,1900.0
399,tarsgo-infantry-2,tarsgo-rmuc-2026-region,infantry,9920.336,14518.268,zone:supply:red,2924.0,13732.0,前往补给区,1,7040.379,active,0,0,True,True,False,moving,0.0,0.567,197.107
399,tarsgo-sentry,tarsgo-rmuc-2026-region,sentry,2941.743,12169.451,zone:fortress:red,,,占领堡垒,0,0.0,none,0,0,True,True,False,legal wait: no active movement route,0.0,1.783,0.0
399,tarsgo-drone,tarsgo-rmuc-2026-region,drone,24253.997,3253.224,robot:opponent-engineer,,,空中压制敌方工程,0,0.0,none,0,0,True,True,False,legal wait: no active movement route,0.0,0.0,0.0
399,opponent-hero,opponent-rmuc-2026-region,hero,23117.481,451.626,zone:supply:blue,25994.0,1950.0,前往补给区,2,4235.983,active,0,0,True,False,False,movement permission or chassis power lock,0.0,0.317,158.333
399,opponent-engineer,opponent-rmuc-2026-region,engineer,24806.0,1950.0,zone:supply:blue,,,后方待命,0,0.0,none,0,0,True,True,False,legal wait: no active movement route,0.0,0.0,0.0
399,opponent-infantry-1,opponent-rmuc-2026-region,infantry,11784.936,14500.0,zone:supply:blue,25724.0,2632.0,前往补给区,2,20330.0,active,0,0,True,False,False,movement permission or chassis power lock,0.0,1.117,791.667
399,opponent-infantry-2,opponent-rmuc-2026-region,infantry,17796.185,526.127,robot:tarsgo-infantry-1,15434.663,438.51,追击敌方步兵,2,2365.842,active,0,0,True,True,False,moving,0.0,1.817,886.201
399,opponent-sentry,opponent-rmuc-2026-region,sentry,25075.0,2836.0,zone:fortress:blue,,,占领堡垒,0,0.0,none,0,0,True,True,False,legal wait: no active movement route,0.0,0.0,0.0
399,opponent-drone,opponent-rmuc-2026-region,drone,26000.0,12600.0,,,,空中弹量耗尽,0,0.0,none,0,0,False,False,False,dead/respawning,0.0,0.0,0.0
400,tarsgo-hero,tarsgo-rmuc-2026-region,hero,7564.928,14009.739,zone:supply:red,2006.0,13050.0,前往补给区,1,5641.168,active,0,0,True,True,False,moving,0.0,1.817,1900.0
400,tarsgo-engineer,tarsgo-rmuc-2026-region,engineer,3194.0,13050.0,zone:supply:red,,,后方待命,0,0.0,none,0,0,True,True,False,legal wait: no active movement route,0.0,0.083,0.0
400,tarsgo-infantry-1,tarsgo-rmuc-2026-region,infantry,13028.029,451.121,zone:supply:red,2276.0,12368.0,前往补给区,3,21408.526,active,0,0,True,True,False,moving,0.0,0.6,1900.0
400,tarsgo-infantry-2,tarsgo-rmuc-2026-region,infantry,8032.222,14306.076,zone:supply:red,2924.0,13732.0,前往补给区,1,5140.379,active,0,0,True,True,False,moving,0.0,0.567,1900.0
400,tarsgo-sentry,tarsgo-rmuc-2026-region,sentry,2941.743,12169.451,zone:fortress:red,,,占领堡垒,0,0.0,none,0,0,True,True,False,legal wait: no active movement route,0.0,1.783,0.0
400,tarsgo-drone,tarsgo-rmuc-2026-region,drone,24253.997,3253.224,robot:opponent-engineer,,,空中压制敌方工程,0,0.0,none,0,0,True,True,False,legal wait: no active movement route,0.0,0.0,0.0
400,opponent-hero,opponent-rmuc-2026-region,hero,23117.481,451.626,zone:supply:blue,25994.0,1950.0,前往补给区,2,4235.983,active,0,0,True,False,False,movement permission or chassis power lock,0.0,0.317,0.0
400,opponent-engineer,opponent-rmuc-2026-region,engineer,24806.0,1950.0,zone:supply:blue,,,后方待命,0,0.0,none,0,0,True,True,False,legal wait: no active movement route,0.0,0.0,0.0
400,opponent-infantry-1,opponent-rmuc-2026-region,infantry,11784.936,14500.0,zone:supply:blue,25724.0,2632.0,前往补给区,2,20330.0,active,0,0,True,False,False,movement permission or chassis power lock,0.0,1.117,0.0
400,opponent-infantry-2,opponent-rmuc-2026-region,infantry,15900.032,466.914,robot:tarsgo-infantry-1,14009.682,445.977,追击敌方步兵,1,1890.465,active,0,0,True,True,False,moving,0.0,1.817,1897.077
400,opponent-sentry,opponent-rmuc-2026-region,sentry,25075.0,2836.0,zone:fortress:blue,,,占领堡垒,0,0.0,none,0,0,True,True,False,legal wait: no active movement route,0.0,0.0,0.0
400,opponent-drone,opponent-rmuc-2026-region,drone,26000.0,12600.0,,,,空中弹量耗尽,0,0.0,none,0,0,False,False,False,dead/respawning,0.0,0.0,0.0
401,tarsgo-hero,tarsgo-rmuc-2026-region,hero,5692.627,13686.489,zone:supply:red,2006.0,13050.0,前往补给区,1,3741.168,active,0,0,True,True,False,moving,0.0,1.817,1900.0
401,tarsgo-engineer,tarsgo-rmuc-2026-region,engineer,3194.0,13050.0,zone:supply:red,,,后方待命,0,0.0,none,0,0,True,True,False,legal wait: no active movement route,0.0,0.083,0.0
401,tarsgo-infantry-1,tarsgo-rmuc-2026-region,infantry,11128.055,461.077,zone:supply:red,2276.0,12368.0,前往补给区,3,19508.526,active,0,0,True,True,False,moving,0.0,0.6,1900.0
401,tarsgo-infantry-2,tarsgo-rmuc-2026-region,infantry,6144.108,14093.885,zone:supply:red,2924.0,13732.0,前往补给区,1,3240.379,active,0,0,True,True,False,moving,0.0,0.567,1900.0
401,tarsgo-sentry,tarsgo-rmuc-2026-region,sentry,2941.743,12169.451,zone:fortress:red,,,占领堡垒,0,0.0,none,0,0,True,True,False,legal wait: no active movement route,0.0,1.783,0.0
401,tarsgo-drone,tarsgo-rmuc-2026-region,drone,24253.997,3253.224,robot:opponent-engineer,,,空中压制敌方工程,0,0.0,none,0,0,True,True,False,legal wait: no active movement route,0.0,0.0,0.0
401,opponent-hero,opponent-rmuc-2026-region,hero,23117.481,451.626,zone:supply:blue,25994.0,1950.0,前往补给区,2,4235.983,active,0,0,True,False,False,movement permission or chassis power lock,0.0,0.317,0.0
401,opponent-engineer,opponent-rmuc-2026-region,engineer,24806.0,1950.0,zone:supply:blue,,,后方待命,0,0.0,none,0,0,True,True,False,legal wait: no active movement route,0.0,0.0,0.0
401,opponent-infantry-1,opponent-rmuc-2026-region,infantry,11784.936,14500.0,zone:supply:blue,25724.0,2632.0,前往补给区,2,20330.0,active,0,0,True,False,False,movement permission or chassis power lock,0.0,1.117,0.0
401,opponent-infantry-2,opponent-rmuc-2026-region,infantry,14000.065,457.662,zone:central:blue,12584.702,453.444,前往中央区域,1,1415.37,searching,1,1,True,True,False,moving,0.0,1.817,1899.989
401,opponent-sentry,opponent-rmuc-2026-region,sentry,25075.0,2836.0,zone:fortress:blue,,,占领堡垒,0,0.0,none,0,0,True,True,False,legal wait: no active movement route,0.0,0.0,0.0
401,opponent-drone,opponent-rmuc-2026-region,drone,26000.0,12600.0,,,,空中弹量耗尽,0,0.0,none,0,0,False,False,False,dead/respawning,0.0,0.0,0.0
402,tarsgo-hero,tarsgo-rmuc-2026-region,hero,3820.326,13363.24,zone:supply:red,2006.0,13050.0,前往补给区,1,1841.168,active,0,0,True,True,False,moving,0.0,1.817,1900.0
402,tarsgo-engineer,tarsgo-rmuc-2026-region,engineer,3194.0,13050.0,zone:supply:red,,,后方待命,0,0.0,none,0,0,True,True,False,legal wait: no active movement route,0.0,0.083,0.0
402,tarsgo-infantry-1,tarsgo-rmuc-2026-region,infantry,9228.081,471.033,zone:supply:red,2276.0,12368.0,前往补给区,3,17608.526,active,0,0,True,True,False,moving,0.0,0.6,1900.0
402,tarsgo-infantry-2,tarsgo-rmuc-2026-region,infantry,4255.994,13881.693,zone:supply:red,2924.0,13732.0,前往补给区,1,1340.379,active,0,0,True,True,False,moving,0.0,0.567,1900.0
402,tarsgo-sentry,tarsgo-rmuc-2026-region,sentry,2941.743,12169.451,zone:fortress:red,,,占领堡垒,0,0.0,none,0,0,True,True,False,legal wait: no active movement route,0.0,1.783,0.0
402,tarsgo-drone,tarsgo-rmuc-2026-region,drone,24253.997,3253.224,robot:opponent-engineer,,,空中压制敌方工程,0,0.0,none,0,0,True,True,False,legal wait: no active movement route,0.0,0.0,0.0
402,opponent-hero,opponent-rmuc-2026-region,hero,23117.481,451.626,zone:supply:blue,25994.0,1950.0,前往补给区,2,4235.983,active,0,0,True,False,False,movement permission or chassis power lock,0.0,0.317,0.0
402,opponent-engineer,opponent-rmuc-2026-region,engineer,24806.0,1950.0,zone:supply:blue,,,后方待命,0,0.0,none,0,0,True,True,False,legal wait: no active movement route,0.0,0.0,0.0
402,opponent-infantry-1,opponent-rmuc-2026-region,infantry,11784.936,14500.0,zone:supply:blue,25724.0,2632.0,前往补给区,2,20330.0,active,0,0,True,False,False,movement permission or chassis power lock,0.0,1.117,0.0
402,opponent-infantry-2,opponent-rmuc-2026-region,infantry,14667.119,2236.718,zone:central:blue,17188.0,8960.0,前往中央区域,1,7180.345,active,0,0,True,True,False,moving,0.0,1.817,1900.0
402,opponent-sentry,opponent-rmuc-2026-region,sentry,25075.0,2836.0,zone:fortress:blue,,,占领堡垒,0,0.0,none,0,0,True,True,False,legal wait: no active movement route,0.0,0.0,0.0
402,opponent-drone,opponent-rmuc-2026-region,drone,26000.0,12600.0,,,,空中弹量耗尽,0,0.0,none,0,0,False,False,False,dead/respawning,0.0,0.0,0.0
403,tarsgo-hero,tarsgo-rmuc-2026-region,hero,3572.053,13302.087,structure:blue-base,,,进攻基地,0,0.0,searching,2,2,True,True,False,waiting for path search,0.0,1.817,255.694
403,tarsgo-engineer,tarsgo-rmuc-2026-region,engineer,3194.0,13050.0,zone:supply:red,,,后方待命,0,0.0,none,0,0,True,True,False,legal wait: no active movement route,0.0,0.083,0.0
403,tarsgo-infantry-1,tarsgo-rmuc-2026-region,infantry,7328.107,480.989,zone:supply:red,2276.0,12368.0,前往补给区,3,15708.526,active,0,0,True,True,False,moving,0.0,0.6,1900.0
403,tarsgo-infantry-2,tarsgo-rmuc-2026-region,infantry,2924.0,13732.0,zone:supply:red,,,补充弹量,0,0.0,none,0,0,True,True,False,legal wait: no active movement route,0.0,0.567,1340.379
403,tarsgo-sentry,tarsgo-rmuc-2026-region,sentry,2941.743,12169.451,zone:fortress:red,,,占领堡垒,0,0.0,none,0,0,True,True,False,legal wait: no active movement route,0.0,1.783,0.0
403,tarsgo-drone,tarsgo-rmuc-2026-region,drone,24253.997,3253.224,robot:opponent-engineer,,,空中压制敌方工程,0,0.0,none,0,0,True,True,False,legal wait: no active movement route,0.0,0.0,0.0
403,opponent-hero,opponent-rmuc-2026-region,hero,23117.481,451.626,zone:supply:blue,25994.0,1950.0,前往补给区,2,4235.983,active,0,0,True,False,False,movement permission or chassis power lock,0.0,0.317,0.0
403,opponent-engineer,opponent-rmuc-2026-region,engineer,24806.0,1950.0,zone:supply:blue,,,后方待命,0,0.0,none,0,0,True,True,False,legal wait: no active movement route,0.0,0.0,0.0
403,opponent-infantry-1,opponent-rmuc-2026-region,infantry,11784.936,14500.0,zone:supply:blue,25724.0,2632.0,前往补给区,2,20330.0,active,0,0,True,False,False,movement permission or chassis power lock,0.0,1.117,0.0
403,opponent-infantry-2,opponent-rmuc-2026-region,infantry,15334.172,4015.774,zone:central:blue,17188.0,8960.0,前往中央区域,1,5280.345,active,0,0,True,True,False,moving,0.0,1.817,1900.0
403,opponent-sentry,opponent-rmuc-2026-region,sentry,25075.0,2836.0,zone:fortress:blue,,,占领堡垒,0,0.0,none,0,0,True,True,False,legal wait: no active movement route,0.0,0.0,0.0
403,opponent-drone,opponent-rmuc-2026-region,drone,26000.0,12600.0,,,,空中弹量耗尽,0,0.0,none,0,0,False,False,False,dead/respawning,0.0,0.0,0.0
404,tarsgo-hero,tarsgo-rmuc-2026-region,hero,4258.533,13420.787,structure:blue-base,25593.0,7500.0,进攻基地,3,23496.684,active,0,0,True,True,False,moving,0.0,1.817,696.667
404,tarsgo-engineer,tarsgo-rmuc-2026-region,engineer,3194.0,13050.0,zone:supply:red,,,后方待命,0,0.0,none,0,0,True,True,False,legal wait: no active movement route,0.0,0.083,0.0
404,tarsgo-infantry-1,tarsgo-rmuc-2026-region,infantry,5428.133,490.945,zone:supply:red,2276.0,12368.0,前往补给区,3,13808.526,active,0,0,True,True,False,moving,0.0,0.6,1900.0
404,tarsgo-infantry-2,tarsgo-rmuc-2026-region,infantry,3617.459,13798.772,robot:opponent-infantry-1,11784.936,14500.0,追击敌方步兵,2,8201.159,active,0,0,True,True,False,moving,0.0,0.567,696.667
404,tarsgo-sentry,tarsgo-rmuc-2026-region,sentry,2941.743,12169.451,zone:fortress:red,,,占领堡垒,0,0.0,none,0,0,True,True,False,legal wait: no active movement route,0.0,1.783,0.0
404,tarsgo-drone,tarsgo-rmuc-2026-region,drone,24253.997,3253.224,robot:opponent-engineer,,,空中压制敌方工程,0,0.0,none,0,0,True,True,False,legal wait: no active movement route,0.0,0.0,0.0
404,opponent-hero,opponent-rmuc-2026-region,hero,24827.223,481.35,zone:supply:blue,25994.0,1950.0,前往补给区,2,2525.983,active,0,0,True,True,False,moving,0.0,0.317,1710.0
404,opponent-engineer,opponent-rmuc-2026-region,engineer,24806.0,1950.0,zone:supply:blue,,,后方待命,0,0.0,none,0,0,True,True,False,legal wait: no active movement route,0.0,0.0,0.0
404,opponent-infantry-1,opponent-rmuc-2026-region,infantry,12164.936,14500.0,zone:supply:blue,25724.0,2632.0,前往补给区,2,19950.0,active,0,0,True,True,False,moving,0.0,1.117,380.0
404,opponent-infantry-2,opponent-rmuc-2026-region,infantry,16001.226,5794.83,zone:central:blue,17188.0,8960.0,前往中央区域,1,3380.345,active,0,0,True,True,False,moving,0.0,1.817,1900.0
404,opponent-sentry,opponent-rmuc-2026-region,sentry,25075.0,2836.0,zone:fortress:blue,,,占领堡垒,0,0.0,none,0,0,True,True,False,legal wait: no active movement route,0.0,0.0,0.0
404,opponent-drone,opponent-rmuc-2026-region,drone,26000.0,12600.0,,,,空中弹量耗尽,0,0.0,none,0,0,False,False,False,dead/respawning,0.0,0.0,0.0
405,tarsgo-hero,tarsgo-rmuc-2026-region,hero,6130.751,13744.512,structure:blue-base,25593.0,7500.0,进攻基地,3,21596.684,active,0,0,True,True,False,moving,0.0,1.817,1900.0
405,tarsgo-engineer,tarsgo-rmuc-2026-region,engineer,3194.0,13050.0,zone:supply:red,,,后方待命,0,0.0,none,0,0,True,True,False,legal wait: no active movement route,0.0,0.083,0.0
405,tarsgo-infantry-1,tarsgo-rmuc-2026-region,infantry,4699.81,494.761,zone:supply:red,2276.0,12368.0,前往补给区,3,13080.193,active,0,0,True,False,False,movement permission or chassis power lock,0.0,0.6,728.333
405,tarsgo-infantry-2,tarsgo-rmuc-2026-region,infantry,5508.712,13980.879,robot:opponent-infantry-1,12861.602,14500.0,追击敌方步兵,2,7377.825,active,0,0,True,True,False,moving,0.0,0.567,1900.0
405,tarsgo-sentry,tarsgo-rmuc-2026-region,sentry,2941.743,12169.451,zone:fortress:red,,,占领堡垒,0,0.0,none,0,0,True,True,False,legal wait: no active movement route,0.0,1.783,0.0
405,tarsgo-drone,tarsgo-rmuc-2026-region,drone,24253.997,3253.224,robot:opponent-engineer,,,空中压制敌方工程,0,0.0,none,0,0,True,True,False,legal wait: no active movement route,0.0,0.0,0.0
405,opponent-hero,opponent-rmuc-2026-region,hero,25048.856,485.203,structure:red-base,,,进攻基地,0,0.0,searching,2,2,True,True,False,waiting for path search,0.0,0.317,221.667
405,opponent-engineer,opponent-rmuc-2026-region,engineer,24806.0,1950.0,zone:supply:blue,,,后方待命,0,0.0,none,0,0,True,True,False,legal wait: no active movement route,0.0,0.0,0.0
405,opponent-infantry-1,opponent-rmuc-2026-region,infantry,14064.936,14500.0,zone:supply:blue,25724.0,2632.0,前往补给区,2,18050.0,active,0,0,True,True,False,moving,0.0,1.117,1900.0
405,opponent-infantry-2,opponent-rmuc-2026-region,infantry,16256.914,7501.9,robot:tarsgo-hero,5631.493,13658.186,追击敌方英雄,2,13933.913,active,0,0,True,True,False,moving,0.0,1.817,1726.113
405,opponent-sentry,opponent-rmuc-2026-region,sentry,25075.0,2836.0,zone:fortress:blue,,,占领堡垒,0,0.0,none,0,0,True,True,False,legal wait: no active movement route,0.0,0.0,0.0
405,opponent-drone,opponent-rmuc-2026-region,drone,26000.0,12600.0,,,,空中弹量耗尽,0,0.0,none,0,0,False,False,False,dead/respawning,0.0,0.0,0.0
406,tarsgo-hero,tarsgo-rmuc-2026-region,hero,8002.969,14068.238,structure:blue-base,25593.0,7500.0,进攻基地,3,19696.684,active,0,0,True,True,False,moving,0.0,1.817,1900.0
406,tarsgo-engineer,tarsgo-rmuc-2026-region,engineer,3194.0,13050.0,zone:supply:red,,,后方待命,0,0.0,none,0,0,True,True,False,legal wait: no active movement route,0.0,0.083,0.0
406,tarsgo-infantry-1,tarsgo-rmuc-2026-region,infantry,4699.81,494.761,zone:supply:red,2276.0,12368.0,前往补给区,3,13080.193,active,0,0,True,False,False,movement permission or chassis power lock,0.0,0.6,0.0
406,tarsgo-infantry-2,tarsgo-rmuc-2026-region,infantry,7399.965,14162.986,robot:opponent-infantry-1,15711.602,14500.0,追击敌方步兵,2,8327.825,active,0,0,True,True,False,moving,0.0,0.567,1900.0
406,tarsgo-sentry,tarsgo-rmuc-2026-region,sentry,2941.743,12169.451,zone:fortress:red,,,占领堡垒,0,0.0,none,0,0,True,True,False,legal wait: no active movement route,0.0,1.783,0.0
406,tarsgo-drone,tarsgo-rmuc-2026-region,drone,24253.997,3253.224,robot:opponent-engineer,,,空中压制敌方工程,0,0.0,none,0,0,True,True,False,legal wait: no active movement route,0.0,0.0,0.0
406,opponent-hero,opponent-rmuc-2026-region,hero,24130.523,485.806,structure:red-base,2407.0,7500.0,进攻基地,2,27641.747,active,0,0,True,True,False,moving,0.0,0.317,918.333
406,opponent-engineer,opponent-rmuc-2026-region,engineer,24806.0,1950.0,zone:supply:blue,,,后方待命,0,0.0,none,0,0,True,True,False,legal wait: no active movement route,0.0,0.0,0.0
406,opponent-infantry-1,opponent-rmuc-2026-region,infantry,15964.936,14500.0,zone:supply:blue,25724.0,2632.0,前往补给区,2,16150.0,active,0,0,True,True,False,moving,0.0,1.117,1900.0
406,opponent-infantry-2,opponent-rmuc-2026-region,infantry,15025.359,8948.714,robot:tarsgo-hero,7035.657,13900.98,追击敌方英雄,2,10608.965,active,0,0,True,True,False,moving,0.0,1.817,1900.0
406,opponent-sentry,opponent-rmuc-2026-region,sentry,25075.0,2836.0,zone:fortress:blue,,,占领堡垒,0,0.0,none,0,0,True,True,False,legal wait: no active movement route,0.0,0.0,0.0
406,opponent-drone,opponent-rmuc-2026-region,drone,26000.0,12600.0,,,,空中弹量耗尽,0,0.0,none,0,0,False,False,False,dead/respawning,0.0,0.0,0.0
407,tarsgo-hero,tarsgo-rmuc-2026-region,hero,9875.188,14391.964,structure:blue-base,25593.0,7500.0,进攻基地,3,17796.684,active,0,0,True,True,False,moving,0.0,1.817,1900.0
407,tarsgo-engineer,tarsgo-rmuc-2026-region,engineer,3194.0,13050.0,zone:supply:red,,,后方待命,0,0.0,none,0,0,True,True,False,legal wait: no active movement route,0.0,0.083,0.0
407,tarsgo-infantry-1,tarsgo-rmuc-2026-region,infantry,4699.81,494.761,zone:supply:red,2276.0,12368.0,前往补给区,3,13080.193,active,0,0,True,False,False,movement permission or chassis power lock,0.0,0.6,0.0
407,tarsgo-infantry-2,tarsgo-rmuc-2026-region,infantry,9291.218,14345.092,robot:opponent-infantry-1,17136.602,14500.0,追击敌方步兵,2,7852.825,active,0,0,True,True,False,moving,0.0,0.567,1900.0
407,tarsgo-sentry,tarsgo-rmuc-2026-region,sentry,2941.743,12169.451,zone:fortress:red,,,占领堡垒,0,0.0,none,0,0,True,True,False,legal wait: no active movement route,0.0,1.783,0.0
407,tarsgo-drone,tarsgo-rmuc-2026-region,drone,24253.997,3253.224,robot:opponent-engineer,,,空中压制敌方工程,0,0.0,none,0,0,True,True,False,legal wait: no active movement route,0.0,0.0,0.0
407,opponent-hero,opponent-rmuc-2026-region,hero,22230.523,487.052,structure:red-base,2407.0,7500.0,进攻基地,2,25741.747,active,0,0,True,True,False,moving,0.0,0.317,1900.0
407,opponent-engineer,opponent-rmuc-2026-region,engineer,24806.0,1950.0,zone:supply:blue,,,后方待命,0,0.0,none,0,0,True,True,False,legal wait: no active movement route,0.0,0.0,0.0
407,opponent-infantry-1,opponent-rmuc-2026-region,infantry,17864.936,14500.0,zone:supply:blue,25724.0,2632.0,前往补给区,2,14250.0,active,0,0,True,True,False,moving,0.0,1.117,1900.0
407,opponent-infantry-2,opponent-rmuc-2026-region,infantry,13793.803,10395.528,robot:tarsgo-hero,9843.984,14386.568,追击敌方英雄,2,5860.028,active,0,0,True,True,False,moving,0.0,1.817,1900.0
407,opponent-sentry,opponent-rmuc-2026-region,sentry,25075.0,2836.0,zone:fortress:blue,,,占领堡垒,0,0.0,none,0,0,True,True,False,legal wait: no active movement route,0.0,0.0,0.0
407,opponent-drone,opponent-rmuc-2026-region,drone,26000.0,12600.0,,,,空中弹量耗尽,0,0.0,none,0,0,False,False,False,dead/respawning,0.0,0.0,0.0
408,tarsgo-hero,tarsgo-rmuc-2026-region,hero,11765.916,14500.0,structure:blue-base,25593.0,7500.0,进攻基地,2,15896.684,active,0,0,True,True,False,moving,0.0,1.817,1893.813
408,tarsgo-engineer,tarsgo-rmuc-2026-region,engineer,3194.0,13050.0,zone:supply:red,,,后方待命,0,0.0,none,0,0,True,True,False,legal wait: no active movement route,0.0,0.083,0.0
408,tarsgo-infantry-1,tarsgo-rmuc-2026-region,infantry,4699.81,494.761,zone:supply:red,2276.0,12368.0,前往补给区,3,13080.193,active,0,0,True,False,False,movement permission or chassis power lock,0.0,0.6,0.0
408,tarsgo-infantry-2,tarsgo-rmuc-2026-region,infantry,10684.568,14048.215,robot:opponent-infantry-2,13342.233,10926.027,追击敌方步兵,1,4100.151,active,0,0,True,True,False,moving,0.0,0.567,1424.627
408,tarsgo-sentry,tarsgo-rmuc-2026-region,sentry,2941.743,12169.451,zone:fortress:red,,,占领堡垒,0,0.0,none,0,0,True,True,False,legal wait: no active movement route,0.0,1.783,0.0
408,tarsgo-drone,tarsgo-rmuc-2026-region,drone,24253.997,3253.224,robot:opponent-engineer,,,空中压制敌方工程,0,0.0,none,0,0,True,True,False,legal wait: no active movement route,0.0,0.0,0.0
408,opponent-hero,opponent-rmuc-2026-region,hero,20330.524,488.299,structure:red-base,2407.0,7500.0,进攻基地,2,23841.747,active,0,0,True,True,False,moving,0.0,0.317,1900.0
408,opponent-engineer,opponent-rmuc-2026-region,engineer,24806.0,1950.0,zone:supply:blue,,,后方待命,0,0.0,none,0,0,True,True,False,legal wait: no active movement route,0.0,0.0,0.0
408,opponent-infantry-1,opponent-rmuc-2026-region,infantry,18926.474,12942.972,zone:supply:blue,25724.0,2632.0,前往补给区,1,12350.0,active,0,0,True,True,False,moving,0.0,1.117,1884.463
408,opponent-infantry-2,opponent-rmuc-2026-region,infantry,12651.292,11903.082,robot:tarsgo-hero,11259.25,14500.0,追击敌方英雄,1,2946.483,active,0,0,True,True,False,moving,0.0,1.817,1891.573
408,opponent-sentry,opponent-rmuc-2026-region,sentry,25075.0,2836.0,zone:fortress:blue,,,占领堡垒,0,0.0,none,0,0,True,True,False,legal wait: no active movement route,0.0,0.0,0.0
408,opponent-drone,opponent-rmuc-2026-region,drone,26000.0,12600.0,,,,空中弹量耗尽,0,0.0,none,0,0,False,False,False,dead/respawning,0.0,0.0,0.0
409,tarsgo-hero,tarsgo-rmuc-2026-region,hero,13602.583,14500.0,zone:supply:red,2006.0,13050.0,前往补给区,2,11725.437,active,0,0,True,True,False,moving,0.0,1.817,1836.667
409,tarsgo-engineer,tarsgo-rmuc-2026-region,engineer,3194.0,13050.0,zone:supply:red,,,后方待命,0,0.0,none,0,0,True,True,False,legal wait: no active movement route,0.0,0.083,0.0
409,tarsgo-infantry-1,tarsgo-rmuc-2026-region,infantry,4699.81,494.761,zone:supply:red,2276.0,12368.0,前往补给区,3,13080.193,active,0,0,True,False,False,movement permission or chassis power lock,0.0,0.6,0.0
409,tarsgo-infantry-2,tarsgo-rmuc-2026-region,infantry,11999.99,13029.814,robot:opponent-infantry-2,12401.466,13417.166,追击敌方步兵,1,557.875,active,0,0,True,True,False,moving,0.0,0.567,1663.572
409,tarsgo-sentry,tarsgo-rmuc-2026-region,sentry,2941.743,12169.451,zone:fortress:red,,,占领堡垒,0,0.0,none,0,0,True,True,False,legal wait: no active movement route,0.0,1.783,0.0
409,tarsgo-drone,tarsgo-rmuc-2026-region,drone,24253.997,3253.224,robot:opponent-engineer,,,空中压制敌方工程,0,0.0,none,0,0,True,True,False,legal wait: no active movement route,0.0,0.0,0.0
409,opponent-hero,opponent-rmuc-2026-region,hero,18430.524,489.546,structure:red-base,2407.0,7500.0,进攻基地,2,21941.747,active,0,0,True,True,False,moving,0.0,0.317,1900.0
409,opponent-engineer,opponent-rmuc-2026-region,engineer,24806.0,1950.0,zone:supply:blue,,,后方待命,0,0.0,none,0,0,True,True,False,legal wait: no active movement route,0.0,0.0,0.0
409,opponent-infantry-1,opponent-rmuc-2026-region,infantry,19972.247,11356.668,zone:supply:blue,25724.0,2632.0,前往补给区,1,10450.0,active,0,0,True,True,False,moving,0.0,1.117,1900.0
409,opponent-infantry-2,opponent-rmuc-2026-region,infantry,12465.477,13662.278,robot:tarsgo-hero,12684.25,14500.0,追击敌方英雄,1,865.817,active,0,0,True,True,False,moving,0.0,1.817,1768.982
409,opponent-sentry,opponent-rmuc-2026-region,sentry,25075.0,2836.0,zone:fortress:blue,,,占领堡垒,0,0.0,none,0,0,True,True,False,legal wait: no active movement route,0.0,0.0,0.0
409,opponent-drone,opponent-rmuc-2026-region,drone,26000.0,12600.0,,,,空中弹量耗尽,0,0.0,none,0,0,False,False,False,dead/respawning,0.0,0.0,0.0
410,tarsgo-hero,tarsgo-rmuc-2026-region,hero,12114.25,14500.0,zone:supply:red,2006.0,13050.0,前往补给区,2,10237.104,active,0,0,True,True,True,collision/yield,0.183,1.817,1488.333
410,tarsgo-engineer,tarsgo-rmuc-2026-region,engineer,3194.0,13050.0,zone:supply:red,,,后方待命,0,0.0,none,0,0,True,True,False,legal wait: no active movement route,0.0,0.083,0.0
410,tarsgo-infantry-1,tarsgo-rmuc-2026-region,infantry,3700.0,640.176,zone:supply:red,2276.0,12368.0,前往补给区,2,11940.193,active,0,0,True,True,False,moving,0.0,0.6,1010.33
410,tarsgo-infantry-2,tarsgo-rmuc-2026-region,infantry,11742.433,13727.239,zone:supply:red,2924.0,13732.0,前往补给区,2,9032.124,active,0,0,True,True,False,moving,0.0,0.567,743.462
410,tarsgo-sentry,tarsgo-rmuc-2026-region,sentry,2941.743,12169.451,zone:fortress:red,,,占领堡垒,0,0.0,none,0,0,True,True,False,legal wait: no active movement route,0.0,1.783,0.0
410,tarsgo-drone,tarsgo-rmuc-2026-region,drone,24253.997,3253.224,robot:opponent-engineer,,,空中压制敌方工程,0,0.0,none,0,0,True,True,False,legal wait: no active movement route,0.0,0.0,0.0
410,opponent-hero,opponent-rmuc-2026-region,hero,16530.524,490.793,structure:red-base,2407.0,7500.0,进攻基地,2,20041.747,active,0,0,True,True,False,moving,0.0,0.317,1900.0
410,opponent-engineer,opponent-rmuc-2026-region,engineer,24806.0,1950.0,zone:supply:blue,,,后方待命,0,0.0,none,0,0,True,True,False,legal wait: no active movement route,0.0,0.0,0.0
410,opponent-infantry-1,opponent-rmuc-2026-region,infantry,21018.02,9770.365,zone:supply:blue,25724.0,2632.0,前往补给区,1,8550.0,active,0,0,True,True,False,moving,0.0,1.117,1900.0
410,opponent-infantry-2,opponent-rmuc-2026-region,infantry,11758.968,14436.609,zone:supply:blue,25076.0,1268.0,前往补给区,4,22056.442,active,0,0,True,True,True,collision/yield,0.183,1.817,1048.21
410,opponent-sentry,opponent-rmuc-2026-region,sentry,25075.0,2836.0,zone:fortress:blue,,,占领堡垒,0,0.0,none,0,0,True,True,False,legal wait: no active movement route,0.0,0.0,0.0
410,opponent-drone,opponent-rmuc-2026-region,drone,26000.0,12600.0,,,,空中弹量耗尽,0,0.0,none,0,0,False,False,False,dead/respawning,0.0,0.0,0.0
411,tarsgo-hero,tarsgo-rmuc-2026-region,hero,12897.155,13310.67,zone:supply:red,2006.0,13050.0,前往补给区,2,11262.358,active,0,0,True,True,False,moving,0.0,1.817,1423.885
411,tarsgo-engineer,tarsgo-rmuc-2026-region,engineer,3194.0,13050.0,zone:supply:red,,,后方待命,0,0.0,none,0,0,True,True,False,legal wait: no active movement route,0.0,0.083,0.0
411,tarsgo-infantry-1,tarsgo-rmuc-2026-region,infantry,3700.0,2540.176,zone:supply:red,2276.0,12368.0,前往补给区,2,10040.193,active,0,0,True,True,False,moving,0.0,0.6,1900.0
411,tarsgo-infantry-2,tarsgo-rmuc-2026-region,infantry,10015.626,14490.97,zone:supply:red,2924.0,13732.0,前往补给区,1,7132.124,active,0,0,True,True,False,moving,0.0,0.567,1888.16
411,tarsgo-sentry,tarsgo-rmuc-2026-region,sentry,2941.743,12169.451,zone:fortress:red,,,占领堡垒,0,0.0,none,0,0,True,True,False,legal wait: no active movement route,0.0,1.783,0.0
411,tarsgo-drone,tarsgo-rmuc-2026-region,drone,24253.997,3253.224,robot:opponent-engineer,,,空中压制敌方工程,0,0.0,none,0,0,True,True,False,legal wait: no active movement route,0.0,0.0,0.0
411,opponent-hero,opponent-rmuc-2026-region,hero,14630.525,492.04,structure:red-base,2407.0,7500.0,进攻基地,2,18141.747,active,0,0,True,True,False,moving,0.0,0.317,1900.0
411,opponent-engineer,opponent-rmuc-2026-region,engineer,24806.0,1950.0,zone:supply:blue,,,后方待命,0,0.0,none,0,0,True,True,False,legal wait: no active movement route,0.0,0.0,0.0
411,opponent-infantry-1,opponent-rmuc-2026-region,infantry,22063.794,8184.062,zone:supply:blue,25724.0,2632.0,前往补给区,1,6650.0,active,0,0,True,True,False,moving,0.0,1.117,1900.0
411,opponent-infantry-2,opponent-rmuc-2026-region,infantry,12993.903,14449.357,zone:supply:blue,25076.0,1268.0,前往补给区,3,20821.442,active,0,0,True,False,False,movement permission or chassis power lock,0.0,1.817,1235.0
411,opponent-sentry,opponent-rmuc-2026-region,sentry,25075.0,2836.0,zone:fortress:blue,,,占领堡垒,0,0.0,none,0,0,True,True,False,legal wait: no active movement route,0.0,0.0,0.0
411,opponent-drone,opponent-rmuc-2026-region,drone,26000.0,12600.0,,,,空中弹量耗尽,0,0.0,none,0,0,False,False,False,dead/respawning,0.0,0.0,0.0
412,tarsgo-hero,tarsgo-rmuc-2026-region,hero,11148.648,14054.123,zone:supply:red,2006.0,13050.0,前往补给区,2,9362.358,active,0,0,True,True,False,moving,0.0,1.817,1900.0
412,tarsgo-engineer,tarsgo-rmuc-2026-region,engineer,3194.0,13050.0,zone:supply:red,,,后方待命,0,0.0,none,0,0,True,True,False,legal wait: no active movement route,0.0,0.083,0.0
412,tarsgo-infantry-1,tarsgo-rmuc-2026-region,infantry,3700.0,4440.176,zone:supply:red,2276.0,12368.0,前往补给区,2,8140.193,active,0,0,True,True,False,moving,0.0,0.6,1900.0
412,tarsgo-infantry-2,tarsgo-rmuc-2026-region,infantry,8126.414,14288.78,zone:supply:red,2924.0,13732.0,前往补给区,1,5232.124,active,0,0,True,True,False,moving,0.0,0.567,1900.0
412,tarsgo-sentry,tarsgo-rmuc-2026-region,sentry,2941.743,12169.451,zone:fortress:red,,,占领堡垒,0,0.0,none,0,0,True,True,False,legal wait: no active movement route,0.0,1.783,0.0
412,tarsgo-drone,tarsgo-rmuc-2026-region,drone,24253.997,3253.224,robot:opponent-engineer,,,空中压制敌方工程,0,0.0,none,0,0,True,True,False,legal wait: no active movement route,0.0,0.0,0.0
412,opponent-hero,opponent-rmuc-2026-region,hero,12730.525,493.286,structure:red-base,2407.0,7500.0,进攻基地,2,16241.747,active,0,0,True,True,False,moving,0.0,0.317,1900.0
412,opponent-engineer,opponent-rmuc-2026-region,engineer,24806.0,1950.0,zone:supply:blue,,,后方待命,0,0.0,none,0,0,True,True,False,legal wait: no active movement route,0.0,0.0,0.0
412,opponent-infantry-1,opponent-rmuc-2026-region,infantry,23109.567,6597.758,zone:supply:blue,25724.0,2632.0,前往补给区,1,4750.0,active,0,0,True,True,False,moving,0.0,1.117,1900.0
412,opponent-infantry-2,opponent-rmuc-2026-region,infantry,12993.903,14449.357,zone:supply:blue,25076.0,1268.0,前往补给区,3,20821.442,active,0,0,True,False,False,movement permission or chassis power lock,0.0,1.817,0.0
412,opponent-sentry,opponent-rmuc-2026-region,sentry,25075.0,2836.0,zone:fortress:blue,,,占领堡垒,0,0.0,none,0,0,True,True,False,legal wait: no active movement route,0.0,0.0,0.0
412,opponent-drone,opponent-rmuc-2026-region,drone,26000.0,12600.0,,,,空中弹量耗尽,0,0.0,none,0,0,False,False,False,dead/respawning,0.0,0.0,0.0
413,tarsgo-hero,tarsgo-rmuc-2026-region,hero,9351.421,14365.896,zone:supply:red,2006.0,13050.0,前往补给区,1,7462.358,active,0,0,True,True,False,moving,0.0,1.817,1824.069
413,tarsgo-engineer,tarsgo-rmuc-2026-region,engineer,3194.0,13050.0,zone:supply:red,,,后方待命,0,0.0,none,0,0,True,True,False,legal wait: no active movement route,0.0,0.083,0.0
413,tarsgo-infantry-1,tarsgo-rmuc-2026-region,infantry,3700.0,6340.176,zone:supply:red,2276.0,12368.0,前往补给区,2,6240.193,active,0,0,True,True,False,moving,0.0,0.6,1900.0
413,tarsgo-infantry-2,tarsgo-rmuc-2026-region,infantry,6237.203,14086.59,zone:supply:red,2924.0,13732.0,前往补给区,1,3332.124,active,0,0,True,True,False,moving,0.0,0.567,1900.0
413,tarsgo-sentry,tarsgo-rmuc-2026-region,sentry,2941.743,12169.451,zone:fortress:red,,,占领堡垒,0,0.0,none,0,0,True,True,False,legal wait: no active movement route,0.0,1.783,0.0
413,tarsgo-drone,tarsgo-rmuc-2026-region,drone,24253.997,3253.224,robot:opponent-engineer,,,空中压制敌方工程,0,0.0,none,0,0,True,True,False,legal wait: no active movement route,0.0,0.0,0.0
413,opponent-hero,opponent-rmuc-2026-region,hero,10830.526,494.533,structure:red-base,2407.0,7500.0,进攻基地,2,14341.747,active,0,0,True,True,False,moving,0.0,0.317,1900.0
413,opponent-engineer,opponent-rmuc-2026-region,engineer,24806.0,1950.0,zone:supply:blue,,,后方待命,0,0.0,none,0,0,True,True,False,legal wait: no active movement route,0.0,0.0,0.0
413,opponent-infantry-1,opponent-rmuc-2026-region,infantry,24155.34,5011.455,zone:supply:blue,25724.0,2632.0,前往补给区,1,2850.0,active,0,0,True,True,False,moving,0.0,1.117,1900.0
413,opponent-infantry-2,opponent-rmuc-2026-region,infantry,12993.903,14449.357,zone:supply:blue,25076.0,1268.0,前往补给区,3,20821.442,active,0,0,True,False,False,movement permission or chassis power lock,0.0,1.817,0.0
413,opponent-sentry,opponent-rmuc-2026-region,sentry,25075.0,2836.0,zone:fortress:blue,,,占领堡垒,0,0.0,none,0,0,True,True,False,legal wait: no active movement route,0.0,0.0,0.0
413,opponent-drone,opponent-rmuc-2026-region,drone,26000.0,12600.0,,,,空中弹量耗尽,0,0.0,none,0,0,False,False,False,dead/respawning,0.0,0.0,0.0
414,tarsgo-hero,tarsgo-rmuc-2026-region,hero,7481.195,14030.854,zone:supply:red,2006.0,13050.0,前往补给区,1,5562.358,active,0,0,True,True,False,moving,0.0,1.817,1900.0
414,tarsgo-engineer,tarsgo-rmuc-2026-region,engineer,3194.0,13050.0,zone:supply:red,,,后方待命,0,0.0,none,0,0,True,True,False,legal wait: no active movement route,0.0,0.083,0.0
414,tarsgo-infantry-1,tarsgo-rmuc-2026-region,infantry,3542.387,8216.67,zone:supply:red,2276.0,12368.0,前往补给区,1,4340.193,active,0,0,True,True,False,moving,0.0,0.6,1883.102
414,tarsgo-infantry-2,tarsgo-rmuc-2026-region,infantry,4347.992,13884.4,zone:supply:red,2924.0,13732.0,前往补给区,1,1432.124,active,0,0,True,True,False,moving,0.0,0.567,1900.0
414,tarsgo-sentry,tarsgo-rmuc-2026-region,sentry,2941.743,12169.451,zone:fortress:red,,,占领堡垒,0,0.0,none,0,0,True,True,False,legal wait: no active movement route,0.0,1.783,0.0
414,tarsgo-drone,tarsgo-rmuc-2026-region,drone,24253.997,3253.224,robot:opponent-engineer,,,空中压制敌方工程,0,0.0,none,0,0,True,True,False,legal wait: no active movement route,0.0,0.0,0.0
414,opponent-hero,opponent-rmuc-2026-region,hero,8930.526,495.78,structure:red-base,2407.0,7500.0,进攻基地,2,12441.747,active,0,0,True,True,False,moving,0.0,0.317,1900.0
414,opponent-engineer,opponent-rmuc-2026-region,engineer,24806.0,1950.0,zone:supply:blue,,,后方待命,0,0.0,none,0,0,True,True,False,legal wait: no active movement route,0.0,0.0,0.0
414,opponent-infantry-1,opponent-rmuc-2026-region,infantry,25201.113,3425.152,zone:supply:blue,25724.0,2632.0,前往补给区,1,950.0,active,0,0,True,True,False,moving,0.0,1.117,1900.0
414,opponent-infantry-2,opponent-rmuc-2026-region,infantry,12993.903,14449.357,zone:supply:blue,25076.0,1268.0,前往补给区,3,20821.442,active,0,0,True,False,False,movement permission or chassis power lock,0.0,1.817,0.0
414,opponent-sentry,opponent-rmuc-2026-region,sentry,25075.0,2836.0,zone:fortress:blue,,,占领堡垒,0,0.0,none,0,0,True,True,False,legal wait: no active movement route,0.0,0.0,0.0
414,opponent-drone,opponent-rmuc-2026-region,drone,26000.0,12600.0,,,,空中弹量耗尽,0,0.0,none,0,0,False,False,False,dead/respawning,0.0,0.0,0.0
415,tarsgo-hero,tarsgo-rmuc-2026-region,hero,5610.968,13695.812,zone:supply:red,2006.0,13050.0,前往补给区,1,3662.358,active,0,0,True,True,False,moving,0.0,1.817,1900.0
415,tarsgo-engineer,tarsgo-rmuc-2026-region,engineer,3194.0,13050.0,zone:supply:red,,,后方待命,0,0.0,none,0,0,True,True,False,legal wait: no active movement route,0.0,0.083,0.0
415,tarsgo-infantry-1,tarsgo-rmuc-2026-region,infantry,2988.002,10033.992,zone:supply:red,2276.0,12368.0,前往补给区,1,2440.193,active,0,0,True,True,False,moving,0.0,0.6,1900.0
415,tarsgo-infantry-2,tarsgo-rmuc-2026-region,infantry,2924.0,13732.0,zone:supply:red,,,补充弹量,0,0.0,none,0,0,True,True,False,legal wait: no active movement route,0.0,0.567,1432.124
415,tarsgo-sentry,tarsgo-rmuc-2026-region,sentry,2941.743,12169.451,zone:fortress:red,,,占领堡垒,0,0.0,none,0,0,True,True,False,legal wait: no active movement route,0.0,1.783,0.0
415,tarsgo-drone,tarsgo-rmuc-2026-region,drone,24253.997,3253.224,robot:opponent-engineer,,,空中压制敌方工程,0,0.0,none,0,0,True,True,False,legal wait: no active movement route,0.0,0.0,0.0
415,opponent-hero,opponent-rmuc-2026-region,hero,7030.526,497.027,structure:red-base,2407.0,7500.0,进攻基地,2,10541.747,active,0,0,True,True,False,moving,0.0,0.317,1900.0
415,opponent-engineer,opponent-rmuc-2026-region,engineer,24806.0,1950.0,zone:supply:blue,,,后方待命,0,0.0,none,0,0,True,True,False,legal wait: no active movement route,0.0,0.0,0.0
415,opponent-infantry-1,opponent-rmuc-2026-region,infantry,25724.0,2632.0,zone:supply:blue,,,补充弹量,0,0.0,none,0,0,True,True,False,legal wait: no active movement route,0.0,1.117,950.0
415,opponent-infantry-2,opponent-rmuc-2026-region,infantry,12993.903,14449.357,zone:supply:blue,25076.0,1268.0,前往补给区,3,20821.442,active,0,0,True,False,False,movement permission or chassis power lock,0.0,1.817,0.0
415,opponent-sentry,opponent-rmuc-2026-region,sentry,25075.0,2836.0,zone:fortress:blue,,,占领堡垒,0,0.0,none,0,0,True,True,False,legal wait: no active movement route,0.0,0.0,0.0
415,opponent-drone,opponent-rmuc-2026-region,drone,26000.0,12600.0,,,,空中弹量耗尽,0,0.0,none,0,0,False,False,False,dead/respawning,0.0,0.0,0.0
416,tarsgo-hero,tarsgo-rmuc-2026-region,hero,4520.003,13500.371,zone:supply:red,2006.0,13050.0,前往补给区,1,2554.025,active,0,0,True,False,False,movement permission or chassis power lock,0.0,1.817,1108.333
416,tarsgo-engineer,tarsgo-rmuc-2026-region,engineer,3194.0,13050.0,zone:supply:red,,,后方待命,0,0.0,none,0,0,True,True,False,legal wait: no active movement route,0.0,0.083,0.0
416,tarsgo-infantry-1,tarsgo-rmuc-2026-region,infantry,2433.618,11851.314,zone:supply:red,2276.0,12368.0,前往补给区,1,540.193,active,0,0,True,True,False,moving,0.0,0.6,1900.0
416,tarsgo-infantry-2,tarsgo-rmuc-2026-region,infantry,3056.548,13673.663,robot:opponent-hero,5858.86,497.796,追击敌方英雄,2,14512.355,active,0,0,True,True,False,moving,0.0,0.567,144.817
416,tarsgo-sentry,tarsgo-rmuc-2026-region,sentry,2941.743,12169.451,zone:fortress:red,,,占领堡垒,0,0.0,none,0,0,True,True,False,legal wait: no active movement route,0.0,1.783,0.0
416,tarsgo-drone,tarsgo-rmuc-2026-region,drone,24253.997,3253.224,robot:opponent-engineer,,,空中压制敌方工程,0,0.0,none,0,0,True,True,False,legal wait: no active movement route,0.0,0.0,0.0
416,opponent-hero,opponent-rmuc-2026-region,hero,5130.527,498.274,structure:red-base,2407.0,7500.0,进攻基地,2,8641.747,active,0,0,True,True,False,moving,0.0,0.317,1900.0
416,opponent-engineer,opponent-rmuc-2026-region,engineer,24806.0,1950.0,zone:supply:blue,,,后方待命,0,0.0,none,0,0,True,True,False,legal wait: no active movement route,0.0,0.0,0.0
416,opponent-infantry-1,opponent-rmuc-2026-region,infantry,25079.106,3610.22,robot:tarsgo-hero,5049.9,13595.3,追击敌方英雄,3,25973.765,active,0,0,True,True,False,moving,0.0,1.117,1171.667
416,opponent-infantry-2,opponent-rmuc-2026-region,infantry,13563.872,14455.24,zone:supply:blue,25076.0,1268.0,前往补给区,3,20251.442,active,0,0,True,True,False,moving,0.0,1.817,570.0
416,opponent-sentry,opponent-rmuc-2026-region,sentry,25075.0,2836.0,zone:fortress:blue,,,占领堡垒,0,0.0,none,0,0,True,True,False,legal wait: no active movement route,0.0,0.0,0.0
416,opponent-drone,opponent-rmuc-2026-region,drone,26000.0,12600.0,,,,空中弹量耗尽,0,0.0,none,0,0,False,False,False,dead/respawning,0.0,0.0,0.0
417,tarsgo-hero,tarsgo-rmuc-2026-region,hero,4520.003,13500.371,zone:supply:red,2006.0,13050.0,前往补给区,1,2554.025,active,0,0,True,False,False,movement permission or chassis power lock,0.0,1.817,0.0
417,tarsgo-engineer,tarsgo-rmuc-2026-region,engineer,3194.0,13050.0,zone:supply:red,,,后方待命,0,0.0,none,0,0,True,True,False,legal wait: no active movement route,0.0,0.083,0.0
417,tarsgo-infantry-1,tarsgo-rmuc-2026-region,infantry,2276.0,12368.0,zone:supply:red,,,补充弹量,0,0.0,none,0,0,True,True,False,legal wait: no active movement route,0.0,0.6,540.193
417,tarsgo-infantry-2,tarsgo-rmuc-2026-region,infantry,3573.114,13875.525,robot:opponent-hero,4433.86,498.731,追击敌方英雄,2,13907.416,active,0,0,True,True,False,moving,0.0,0.567,554.607
417,tarsgo-sentry,tarsgo-rmuc-2026-region,sentry,2941.743,12169.451,zone:fortress:red,,,占领堡垒,0,0.0,none,0,0,True,True,False,legal wait: no active movement route,0.0,1.783,0.0
417,tarsgo-drone,tarsgo-rmuc-2026-region,drone,24253.997,3253.224,robot:opponent-engineer,,,空中压制敌方工程,0,0.0,none,0,0,True,True,False,legal wait: no active movement route,0.0,0.0,0.0
417,opponent-hero,opponent-rmuc-2026-region,hero,3230.527,499.521,structure:red-base,2407.0,7500.0,进攻基地,2,6741.747,active,0,0,True,True,False,moving,0.0,0.317,1900.0
417,opponent-engineer,opponent-rmuc-2026-region,engineer,24806.0,1950.0,zone:supply:blue,,,后方待命,0,0.0,none,0,0,True,True,False,legal wait: no active movement route,0.0,0.0,0.0
417,opponent-infantry-1,opponent-rmuc-2026-region,infantry,24033.333,5196.524,robot:tarsgo-hero,4520.003,13500.371,追击敌方英雄,3,24612.099,active,0,0,True,True,False,moving,0.0,1.117,1900.0
417,opponent-infantry-2,opponent-rmuc-2026-region,infantry,15463.771,14474.852,zone:supply:blue,25076.0,1268.0,前往补给区,3,18351.442,active,0,0,True,True,False,moving,0.0,1.817,1900.0
417,opponent-sentry,opponent-rmuc-2026-region,sentry,25075.0,2836.0,zone:fortress:blue,,,占领堡垒,0,0.0,none,0,0,True,True,False,legal wait: no active movement route,0.0,0.0,0.0
417,opponent-drone,opponent-rmuc-2026-region,drone,26000.0,12600.0,,,,空中弹量耗尽,0,0.0,none,0,0,False,False,False,dead/respawning,0.0,0.0,0.0
418,tarsgo-hero,tarsgo-rmuc-2026-region,hero,4520.003,13500.371,zone:supply:red,2006.0,13050.0,前往补给区,1,2554.025,active,0,0,True,False,False,movement permission or chassis power lock,0.0,1.817,0.0
418,tarsgo-engineer,tarsgo-rmuc-2026-region,engineer,3194.0,13050.0,zone:supply:red,,,后方待命,0,0.0,none,0,0,True,True,False,legal wait: no active movement route,0.0,0.083,0.0
418,tarsgo-infantry-1,tarsgo-rmuc-2026-region,infantry,3775.634,12766.457,robot:opponent-infantry-2,17237.01,14493.156,追击敌方步兵,2,13687.756,active,0,0,True,True,False,moving,0.0,0.6,1551.667
418,tarsgo-infantry-2,tarsgo-rmuc-2026-region,infantry,4116.63,12928.202,robot:opponent-hero,2497.094,687.783,追击敌方英雄,3,13680.709,active,0,0,True,True,False,moving,0.0,0.567,1092.167
418,tarsgo-sentry,tarsgo-rmuc-2026-region,sentry,2941.743,12169.451,zone:fortress:red,,,占领堡垒,0,0.0,none,0,0,True,True,False,legal wait: no active movement route,0.0,1.783,0.0
418,tarsgo-drone,tarsgo-rmuc-2026-region,drone,24253.997,3253.224,robot:opponent-engineer,,,空中压制敌方工程,0,0.0,none,0,0,True,True,False,legal wait: no active movement route,0.0,0.0,0.0
418,opponent-hero,opponent-rmuc-2026-region,hero,2497.094,687.783,structure:red-base,2407.0,7500.0,进攻基地,1,5823.414,active,0,0,True,False,False,movement permission or chassis power lock,0.0,0.317,757.21
418,opponent-engineer,opponent-rmuc-2026-region,engineer,24806.0,1950.0,zone:supply:blue,,,后方待命,0,0.0,none,0,0,True,True,False,legal wait: no active movement route,0.0,0.0,0.0
418,opponent-infantry-1,opponent-rmuc-2026-region,infantry,22987.56,6782.827,robot:tarsgo-hero,4520.003,13500.371,追击敌方英雄,3,22712.099,active,0,0,True,True,False,moving,0.0,1.117,1900.0
418,opponent-infantry-2,opponent-rmuc-2026-region,infantry,17363.67,14494.464,zone:supply:blue,25076.0,1268.0,前往补给区,3,16451.442,active,0,0,True,True,False,moving,0.0,1.817,1900.0
418,opponent-sentry,opponent-rmuc-2026-region,sentry,25075.0,2836.0,zone:fortress:blue,,,占领堡垒,0,0.0,none,0,0,True,True,False,legal wait: no active movement route,0.0,0.0,0.0
418,opponent-drone,opponent-rmuc-2026-region,drone,26000.0,12600.0,,,,空中弹量耗尽,0,0.0,none,0,0,False,False,False,dead/respawning,0.0,0.0,0.0
419,tarsgo-hero,tarsgo-rmuc-2026-region,hero,4520.003,13500.371,zone:supply:red,2006.0,13050.0,前往补给区,1,2554.025,active,0,0,True,False,False,movement permission or chassis power lock,0.0,1.817,0.0
419,tarsgo-engineer,tarsgo-rmuc-2026-region,engineer,3194.0,13050.0,zone:supply:red,,,后方待命,0,0.0,none,0,0,True,True,False,legal wait: no active movement route,0.0,0.083,0.0
419,tarsgo-infantry-1,tarsgo-rmuc-2026-region,infantry,4485.151,12504.749,robot:opponent-infantry-2,18197.589,13798.54,追击敌方步兵,3,14509.616,active,0,0,True,True,False,moving,0.0,0.6,756.244
419,tarsgo-infantry-2,tarsgo-rmuc-2026-region,infantry,4534.063,11785.305,robot:opponent-hero,2497.094,687.783,追击敌方英雄,2,11780.709,active,0,0,True,True,False,moving,0.0,0.567,1216.744
419,tarsgo-sentry,tarsgo-rmuc-2026-region,sentry,2941.743,12169.451,zone:fortress:red,,,占领堡垒,0,0.0,none,0,0,True,True,False,legal wait: no active movement route,0.0,1.783,0.0
419,tarsgo-drone,tarsgo-rmuc-2026-region,drone,24253.997,3253.224,robot:opponent-engineer,,,空中压制敌方工程,0,0.0,none,0,0,True,True,False,legal wait: no active movement route,0.0,0.0,0.0
419,opponent-hero,opponent-rmuc-2026-region,hero,2497.094,687.783,structure:red-base,2407.0,7500.0,进攻基地,1,5823.414,active,0,0,True,False,False,movement permission or chassis power lock,0.0,0.317,0.0
419,opponent-engineer,opponent-rmuc-2026-region,engineer,24806.0,1950.0,zone:supply:blue,,,后方待命,0,0.0,none,0,0,True,True,False,legal wait: no active movement route,0.0,0.0,0.0
419,opponent-infantry-1,opponent-rmuc-2026-region,infantry,21941.787,8369.13,robot:tarsgo-hero,4520.003,13500.371,追击敌方英雄,3,20812.099,active,0,0,True,True,False,moving,0.0,1.117,1900.0
419,opponent-infantry-2,opponent-rmuc-2026-region,infantry,18432.57,13244.657,zone:supply:blue,25076.0,1268.0,前往补给区,2,14551.442,active,0,0,True,True,False,moving,0.0,1.817,1644.556
419,opponent-sentry,opponent-rmuc-2026-region,sentry,25075.0,2836.0,zone:fortress:blue,,,占领堡垒,0,0.0,none,0,0,True,True,False,legal wait: no active movement route,0.0,0.0,0.0
419,opponent-drone,opponent-rmuc-2026-region,drone,26000.0,12600.0,,,,空中弹量耗尽,0,0.0,none,0,0,False,False,False,dead/respawning,0.0,0.0,0.0
420,tarsgo-hero,tarsgo-rmuc-2026-region,hero,4520.003,13500.371,zone:supply:red,2006.0,13050.0,前往补给区,1,2554.025,active,0,0,True,False,False,movement permission or chassis power lock,0.0,1.817,0.0
420,tarsgo-engineer,tarsgo-rmuc-2026-region,engineer,3194.0,13050.0,zone:supply:red,,,后方待命,0,0.0,none,0,0,True,True,False,legal wait: no active movement route,0.0,0.083,0.0
420,tarsgo-infantry-1,tarsgo-rmuc-2026-region,infantry,6282.297,13121.404,robot:opponent-infantry-2,18754.123,12486.711,追击敌方步兵,3,14034.616,active,0,0,True,True,False,moving,0.0,0.6,1900.0
420,tarsgo-infantry-2,tarsgo-rmuc-2026-region,infantry,4290.299,9901.007,robot:opponent-hero,2497.094,687.783,追击敌方英雄,2,9880.709,active,0,0,True,True,False,moving,0.0,0.567,1900.0
420,tarsgo-sentry,tarsgo-rmuc-2026-region,sentry,2941.743,12169.451,zone:fortress:red,,,占领堡垒,0,0.0,none,0,0,True,True,False,legal wait: no active movement route,0.0,1.783,0.0
420,tarsgo-drone,tarsgo-rmuc-2026-region,drone,24253.997,3253.224,robot:opponent-engineer,,,空中压制敌方工程,0,0.0,none,0,0,True,True,False,legal wait: no active movement route,0.0,0.0,0.0
420,opponent-hero,opponent-rmuc-2026-region,hero,2497.094,687.783,structure:red-base,2407.0,7500.0,进攻基地,1,5823.414,active,0,0,True,False,False,movement permission or chassis power lock,0.0,0.317,0.0
420,opponent-engineer,opponent-rmuc-2026-region,engineer,24806.0,1950.0,zone:supply:blue,,,后方待命,0,0.0,none,0,0,True,True,False,legal wait: no active movement route,0.0,0.0,0.0
420,opponent-infantry-1,opponent-rmuc-2026-region,infantry,20896.013,9955.434,robot:tarsgo-hero,4520.003,13500.371,追击敌方英雄,3,18912.099,active,0,0,True,True,False,moving,0.0,1.117,1900.0
420,opponent-infantry-2,opponent-rmuc-2026-region,infantry,19174.615,11495.551,zone:supply:blue,25076.0,1268.0,前往补给区,2,12651.442,active,0,0,True,True,False,moving,0.0,1.817,1900.0
420,opponent-sentry,opponent-rmuc-2026-region,sentry,25075.0,2836.0,zone:fortress:blue,,,占领堡垒,0,0.0,none,0,0,True,True,False,legal wait: no active movement route,0.0,0.0,0.0
420,opponent-drone,opponent-rmuc-2026-region,drone,26000.0,12600.0,,,,空中弹量耗尽,0,0.0,none,0,0,False,False,False,dead/respawning,0.0,0.0,0.0
